labelKey	variant	fontFace	lineIndex	glyphIndex	glyph	baselineMapX	baselineMapY	rotationDegrees	fontScaleMapUnits
water.south-atlantic	DEFAULT	SERIF	0	0	S	-24.117448737624784	-19.843913846935372	-0.101301506	0.0015855399
water.south-atlantic	DEFAULT	SERIF	0	1	O	-21.22772895955422	-19.849023006374605	-0.101301506	0.0015855399
water.south-atlantic	DEFAULT	SERIF	0	2	U	-17.942769002178242	-19.854830968896003	-0.101301506	0.0015855399
water.south-atlantic	DEFAULT	SERIF	0	3	T	-14.690966777965471	-19.860580306997754	-0.101301506	0.0015855399
water.south-atlantic	DEFAULT	SERIF	0	4	H	-11.529353587956622	-19.866170186678072	-0.101301506	0.0015855399
water.south-atlantic	DEFAULT	SERIF	1	0	A	-30.039829351624714	-34.97452304623804	0.0566991	0.001365442
water.south-atlantic	DEFAULT	SERIF	1	1	T	-25.984569146486102	-34.970510016145	0.0566991	0.001365442
water.south-atlantic	DEFAULT	SERIF	1	2	L	-21.95575588863136	-35.002508709449266	-0.3592344	0.001365442
water.south-atlantic	DEFAULT	SERIF	1	3	A	-18.029934998325675	-35.02712323462876	-0.3592344	0.001365442
water.south-atlantic	DEFAULT	SERIF	1	4	N	-13.9748950520753	-35.067194967218526	-0.75594443	0.001365442
water.south-atlantic	DEFAULT	SERIF	1	5	T	-9.800214632509068	-35.122277721790915	-0.75594443	0.001365442
water.south-atlantic	DEFAULT	SERIF	1	6	I	-5.771589443347288	-35.17157112991454	-1.1909897	0.001365442
water.south-atlantic	DEFAULT	SERIF	1	7	C	-2.138743503338919	-35.24709685345315	-1.1909897	0.001365442
water.south-atlantic	DEFAULT	SERIF	2	0	O	-30.265711093977927	-48.084225012897335	0.14150785	0.0011575414
water.south-atlantic	DEFAULT	SERIF	2	1	C	-24.92971474341174	-48.08044768703825	-0.09433867	0.0011575414
water.south-atlantic	DEFAULT	SERIF	2	2	E	-19.649444952027476	-48.0896963345642	-0.37757048	0.0011575414
water.south-atlantic	DEFAULT	SERIF	2	3	A	-14.522796097902177	-48.12348066197524	-0.37757048	0.0011575414
water.south-atlantic	DEFAULT	SERIF	2	4	N	-9.261666635660445	-48.17070358214728	-0.6131785	0.0011575414
water.pacific-west	DEFAULT	SERIF	0	0	N	156.13372093023256	38.06748466257668	-0.84376484	0.0022007779
water.pacific-west	DEFAULT	SERIF	0	1	O	161.21038810139433	37.99271784487675	-0.84376484	0.0022007779
water.pacific-west	DEFAULT	SERIF	0	2	R	166.2531184714729	37.91845083276469	-0.84376484	0.0022007779
water.pacific-west	DEFAULT	SERIF	0	3	T	171.23736447710286	37.84716750835653	-0.63375527	0.0022007779
water.pacific-west	DEFAULT	SERIF	0	4	H	176.1714962334616	37.79258827695794	-0.63375527	0.0022007779
water.pacific-west	DEFAULT	SERIF	0	5	\s	181.26946856605954	37.736196711968645	-0.63375527	0.0022007779
water.pacific-west	DEFAULT	SERIF	0	6	P	185.65358156853998	37.689648255444396	-0.39446485	0.0022007779
water.pacific-west	DEFAULT	SERIF	0	7	A	190.44979886262007	37.6566271656983	-0.39446485	0.0022007779
water.pacific-west	DEFAULT	SERIF	0	8	C	195.40986287307635	37.62247802090501	-0.39446485	0.0022007779
water.pacific-west	DEFAULT	SERIF	0	9	I	200.39100731502808	37.59135497802224	-0.12679407	0.0022007779
water.pacific-west	DEFAULT	SERIF	0	10	F	204.9392105208167	37.581289905953845	-0.12679407	0.0022007779
water.pacific-west	DEFAULT	SERIF	0	11	I	209.68871539886257	37.57077935778267	-0.12679407	0.0022007779
water.pacific-west	DEFAULT	SERIF	0	12	C	214.23691860465115	37.560714285714276	-0.12679407	0.0022007779
water.pacific-west	DEFAULT	SERIF	1	0	O	173.53197674418604	27.64566929133858	0.039641082	0.002426054
water.pacific-west	DEFAULT	SERIF	1	1	C	179.33367371451078	27.649221309542423	-0.19820467	0.002426054
water.pacific-west	DEFAULT	SERIF	1	2	E	185.06238627463213	27.62878275628119	-0.43604356	0.002426054
water.pacific-west	DEFAULT	SERIF	1	3	A	190.59002338398454	27.586714436731334	-0.43604356	0.002426054
water.pacific-west	DEFAULT	SERIF	1	4	N	196.29360465116278	27.519685039370085	-0.67386746	0.002426054
water.pacific-east	DEFAULT	SERIF	0	0	S	-159.63228090298125	-14.080194236453487	-0.12136758	0.0027262494
water.pacific-east	DEFAULT	SERIF	0	1	O	-155.90679553997046	-14.088085809261337	-0.12136758	0.0027262494
water.pacific-east	DEFAULT	SERIF	0	2	U	-151.88051230626246	-14.09661455228315	-0.12136758	0.0027262494
water.pacific-east	DEFAULT	SERIF	0	3	T	-147.87947523245617	-14.109244663650443	-0.19412921	0.0027262494
water.pacific-east	DEFAULT	SERIF	0	4	H	-143.94707890906284	-14.122568436582334	-0.19412921	0.0027262494
water.pacific-east	DEFAULT	SERIF	0	5	\s	-139.87336864386492	-14.136371010403927	-0.19412921	0.0027262494
water.pacific-east	DEFAULT	SERIF	0	6	P	-136.4153846920746	-14.148405769229818	-0.26700714	0.0027262494
water.pacific-east	DEFAULT	SERIF	0	7	A	-132.60211535262482	-14.166176319243561	-0.26700714	0.0027262494
water.pacific-east	DEFAULT	SERIF	0	8	C	-128.64753279470037	-14.18460541534865	-0.26700714	0.0027262494
water.pacific-east	DEFAULT	SERIF	0	9	I	-124.67476463451382	-14.199954350581216	-0.33982575	0.0027262494
water.pacific-east	DEFAULT	SERIF	0	10	F	-121.07550810752642	-14.221302072596949	-0.33982575	0.0027262494
water.pacific-east	DEFAULT	SERIF	0	11	I	-117.30263936632359	-14.243679514297803	-0.33982575	0.0027262494
water.pacific-east	DEFAULT	SERIF	0	12	C	-113.7033828393362	-14.265027236313536	-0.33982575	0.0027262494
water.pacific-east	DEFAULT	SERIF	1	0	O	-147.69477553749525	-25.286785087400936	-0.16302276	0.0022108392
water.pacific-east	DEFAULT	SERIF	1	1	C	-144.25278397051193	-25.29657855633549	-0.16302276	0.0022108392
water.pacific-east	DEFAULT	SERIF	1	2	E	-140.85714442489203	-25.306240140261593	-0.16302276	0.0022108392
water.pacific-east	DEFAULT	SERIF	1	3	A	-137.58919157963177	-25.31553841831537	-0.16302276	0.0022108392
water.pacific-east	DEFAULT	SERIF	1	4	N	-134.20929422994664	-25.325155211106527	-0.16302276	0.0022108392
water.indian	DEFAULT	SERIF	0	0	I	62.686161603542644	-8.152325041042069	0.49245757	0.0032057094
water.indian	DEFAULT	SERIF	0	1	N	67.43334688486688	-8.111521950344109	0.49245757	0.0032057094
water.indian	DEFAULT	SERIF	0	2	D	72.81130544641421	-8.132296644697584	-0.35245994	0.0032057094
water.indian	DEFAULT	SERIF	0	3	I	78.13574160337767	-8.20416529458026	-1.1526984	0.0032057094
water.indian	DEFAULT	SERIF	0	4	A	82.88198482460972	-8.305453467727375	-1.9502943	0.0032057094
water.indian	DEFAULT	SERIF	0	5	N	88.11748698490744	-8.483733883794654	-1.9502943	0.0032057094
water.indian	DEFAULT	SERIF	1	0	O	72.06160302283139	-23.42878309038924	-0.61196417	0.0029740361
water.indian	DEFAULT	SERIF	1	1	C	77.1144690856135	-23.477605071476297	-0.21633218	0.0029740361
water.indian	DEFAULT	SERIF	1	2	E	82.10054604025228	-23.49529233714834	0.1729732	0.0029740361
water.indian	DEFAULT	SERIF	1	3	A	86.90207428076585	-23.483957300542677	0.47582388	0.0029740361
water.indian	DEFAULT	SERIF	1	4	N	91.86525877182552	-23.442738626715443	0.47582388	0.0029740361
water.north-sea	DEFAULT	SERIF	0	0	N	0.17916344428982833	55.89456199589172	6.106628	4.886779E-4
water.north-sea	DEFAULT	SERIF	0	1	O	0.953908173089153	55.97744896981112	6.106628	4.886779E-4
water.north-sea	DEFAULT	SERIF	0	2	R	1.7229649237921763	56.03236305675829	3.829189	4.886779E-4
water.north-sea	DEFAULT	SERIF	0	3	T	2.4784007871386633	56.082925615267015	3.829189	4.886779E-4
water.north-sea	DEFAULT	SERIF	0	4	H	3.222099162948527	56.12774198640654	1.5461255	4.886779E-4
water.north-sea	DEFAULT	SERIF	0	5	\s	4.006001405322337	56.14890070901387	1.5461255	4.886779E-4
water.north-sea	DEFAULT	SERIF	0	6	S	4.619640422284343	56.18738711706476	-0.79515505	4.886779E-4
water.north-sea	DEFAULT	SERIF	0	7	E	5.307511706647849	56.17784017783342	-0.79515505	4.886779E-4
water.north-sea	DEFAULT	SERIF	0	8	A	6.022999957203391	56.16790994376024	-0.79515505	4.886779E-4
islands.caribbean	DEFAULT	SERIF	0	0	C	-58.37211158509519	19.487310881073366	-78.372025	9.179441E-4
islands.caribbean	DEFAULT	SERIF	0	1	A	-58.14495184496994	18.38341130053076	-78.372025	9.179441E-4
islands.caribbean	DEFAULT	SERIF	0	2	R	-57.834364526306096	17.31553659134668	-76.507256	9.179441E-4
islands.caribbean	DEFAULT	SERIF	0	3	I	-57.57074146804025	16.216854845674945	-76.507256	9.179441E-4
islands.caribbean	DEFAULT	SERIF	0	4	B	-57.38913851521084	15.46124607507829	-74.636444	9.179441E-4
islands.caribbean	DEFAULT	SERIF	0	5	B	-57.12135766969054	14.486652987155637	-74.636444	9.179441E-4
islands.caribbean	DEFAULT	SERIF	0	6	E	-56.85357682417025	13.51205989923299	-74.636444	9.179441E-4
islands.caribbean	DEFAULT	SERIF	0	7	A	-56.64359636396141	12.543198614561527	-72.71382	9.179441E-4
islands.caribbean	DEFAULT	SERIF	0	8	N	-56.31376365303309	11.483327359496172	-72.71382	9.179441E-4
water.arctic	DEFAULT	SERIF	0	0	A	98.04347826086956	78.39239130434783	-0.09938083	4.425543E-4
water.arctic	DEFAULT	SERIF	0	1	R	109.35368680201294	78.37277347107337	-0.09938083	4.425543E-4
water.arctic	DEFAULT	SERIF	0	2	C	120.67215862498888	78.35314130493454	-0.09938083	4.425543E-4
water.arctic	DEFAULT	SERIF	0	3	T	131.98944997913162	78.33351118634775	-0.09938083	4.425543E-4
water.arctic	DEFAULT	SERIF	0	4	I	143.29100174883135	78.31390836845505	-0.09938083	4.425543E-4
water.arctic	DEFAULT	SERIF	0	5	C	154.4627019468766	78.29453078128854	-0.09938083	4.425543E-4
water.arctic	DEFAULT	SERIF	0	6	\s	165.77999330101932	78.27490066270175	-0.09938083	4.425543E-4
water.arctic	DEFAULT	SERIF	0	7	O	176.89660495351416	78.25561862796454	-0.09938083	4.425543E-4
water.arctic	DEFAULT	SERIF	0	8	C	188.2347512570438	78.23595233595809	-0.09938083	4.425543E-4
water.arctic	DEFAULT	SERIF	0	9	E	199.55204261118655	78.2163222173713	-0.09938083	4.425543E-4
water.arctic	DEFAULT	SERIF	0	10	A	210.81188448211242	78.19679174631793	-0.09938083	4.425543E-4
water.arctic	DEFAULT	SERIF	0	11	N	222.12209302325581	78.17717391304348	-0.09938083	4.425543E-4
water.bay-of-bengal	DEFAULT	SERIF	0	0	B	82.36355764310441	14.237620094211115	38.45056	8.173105E-4
water.bay-of-bengal	DEFAULT	SERIF	0	1	A	83.03381564116195	14.769823732542255	38.45056	8.173105E-4
water.bay-of-bengal	DEFAULT	SERIF	0	2	Y	83.77946035950959	15.361886539946038	38.45056	8.173105E-4
water.bay-of-bengal	DEFAULT	SERIF	0	3	\s	84.44325663868513	15.88895939235667	38.45056	8.173105E-4
water.bay-of-bengal	DEFAULT	SERIF	0	4	O	84.83566072481638	16.20053923610581	38.45056	8.173105E-4
water.bay-of-bengal	DEFAULT	SERIF	0	5	F	85.6322812254554	16.83307824354919	38.45056	8.173105E-4
water.bay-of-bengal	DEFAULT	SERIF	0	6	\s	86.24869156616288	17.322525332542725	38.45056	8.173105E-4
water.bay-of-bengal	DEFAULT	SERIF	0	7	B	86.64109565229413	17.634105176291868	38.45056	8.173105E-4
water.bay-of-bengal	DEFAULT	SERIF	0	8	E	87.31135365035169	18.16630881462302	38.45056	8.173105E-4
water.bay-of-bengal	DEFAULT	SERIF	0	9	N	87.96509836682188	18.685400444490632	38.45056	8.173105E-4
water.bay-of-bengal	DEFAULT	SERIF	0	10	G	88.78253996163623	19.334471984344532	38.45056	8.173105E-4
water.bay-of-bengal	DEFAULT	SERIF	0	11	A	89.55474952427656	19.947628022754863	38.45056	8.173105E-4
water.bay-of-bengal	DEFAULT	SERIF	0	12	L	90.3003942426242	20.53969083015864	38.45056	8.173105E-4
water.japan	DEFAULT	SERIF	0	0	S	135.4360465116279	33.07142857142857	9.926811	7.093205E-4
water.japan	DEFAULT	SERIF	0	1	E	136.21784732532691	33.208251668657134	9.926811	7.093205E-4
water.japan	DEFAULT	SERIF	0	2	A	137.0426083705688	33.338230189432785	8.559271	7.093205E-4
water.japan	DEFAULT	SERIF	0	3	\s	137.9223602906225	33.461529754537544	7.410482	7.093205E-4
water.japan	DEFAULT	SERIF	0	4	O	138.60008268922508	33.54698670485147	5.994439	7.093205E-4
water.japan	DEFAULT	SERIF	0	5	F	139.51308139534885	33.642857142857146	5.994439	7.093205E-4
water.japan	DEFAULT	SERIF	1	0	J	131.19565217391303	33.35000000000001	-5.399319	4.965243E-4
water.japan	DEFAULT	SERIF	1	1	A	133.1755107813206	33.16287200101835	-5.399319	4.965243E-4
water.japan	DEFAULT	SERIF	1	2	P	135.32119077259816	33.14299990075968	-0.29585558	4.965243E-4
water.japan	DEFAULT	SERIF	1	3	A	137.39750038253368	33.31486484582581	4.7993517	4.965243E-4
water.japan	DEFAULT	SERIF	1	4	N	139.51308139534885	33.675000000000004	9.743136	4.965243E-4
water.bering	DEFAULT	SERIF	0	0	B	176.38081395348837	57.60696517412935	-0.22176333	7.6578377E-4
water.bering	DEFAULT	SERIF	0	1	E	178.05639630963003	57.60047979982007	-0.22176333	7.6578377E-4
water.bering	DEFAULT	SERIF	0	2	R	179.7111273508627	57.59407513093332	-0.22176333	7.6578377E-4
water.bering	DEFAULT	SERIF	0	3	I	181.500938649549	57.58714763126588	-0.22176333	7.6578377E-4
water.bering	DEFAULT	SERIF	0	4	N	182.9525960151468	57.58152896301587	-0.22176333	7.6578377E-4
water.bering	DEFAULT	SERIF	0	5	G	184.81402704765077	57.57432425776671	-0.22176333	7.6578377E-4
water.bering	DEFAULT	SERIF	0	6	\s	186.61834360888238	57.56734061519664	-0.22176333	7.6578377E-4
water.bering	DEFAULT	SERIF	0	7	S	187.94307992720837	57.562213197344605	-0.22176333	7.6578377E-4
water.bering	DEFAULT	SERIF	0	8	E	189.5080596564417	57.55615591266785	-0.22176333	7.6578377E-4
water.bering	DEFAULT	SERIF	0	9	A	191.1627906976744	57.549751243781095	-0.22176333	7.6578377E-4
water.coral	DEFAULT	SERIF	0	0	C	151.17151162790697	-13.966386554621845	-1.8141463	0.0010675075
water.coral	DEFAULT	SERIF	0	1	O	152.53323951403442	-14.009517120410278	-1.8141463	0.0010675075
water.coral	DEFAULT	SERIF	0	2	R	153.97402359551717	-14.055151665495524	-1.8141463	0.0010675075
water.coral	DEFAULT	SERIF	0	3	A	155.34022636062699	-14.098423965961135	-1.8141463	0.0010675075
water.coral	DEFAULT	SERIF	0	4	L	156.6751049728602	-14.140704123686499	-1.8141463	0.0010675075
water.coral	DEFAULT	SERIF	0	5	\s	157.8488879417278	-14.177881833033453	-1.8141463	0.0010675075
water.coral	DEFAULT	SERIF	0	6	S	158.44988640085128	-14.196917503701613	-1.8141463	0.0010675075
water.coral	DEFAULT	SERIF	0	7	E	159.4461658367513	-14.228473070853836	-1.8141463	0.0010675075
water.coral	DEFAULT	SERIF	0	8	A	160.59011627906978	-14.264705882352935	-1.8141463	0.0010675075
water.tasman	DEFAULT	SERIF	0	0	T	156.82076578000294	-42.41552107318476	61.0	0.0010966181
water.tasman	DEFAULT	SERIF	0	1	A	157.65375307780064	-40.912772208423185	61.0	0.0010966181
water.tasman	DEFAULT	SERIF	0	2	S	158.50135689983003	-39.383654435931604	61.0	0.0010966181
water.tasman	DEFAULT	SERIF	0	3	M	159.19814476728726	-38.12661584774503	61.0	0.0010966181
water.tasman	DEFAULT	SERIF	0	4	A	160.18460556951746	-36.34699345181842	61.0	0.0010966181
water.tasman	DEFAULT	SERIF	0	5	N	161.03220939154681	-34.81787567932684	61.0	0.0010966181
water.tasman	DEFAULT	SERIF	0	6	\s	161.94625196008377	-33.16889923533525	61.0	0.0010966181
water.tasman	DEFAULT	SERIF	0	7	S	162.46697714929596	-32.22948612662371	61.0	0.0010966181
water.tasman	DEFAULT	SERIF	0	8	E	163.1637650167532	-30.972447538437137	61.0	0.0010966181
water.tasman	DEFAULT	SERIF	0	9	A	163.9263272432529	-29.596748865465564	61.0	0.0010966181
water.gulf-of-mexico	DEFAULT	SERIF	0	0	G	-96.36627906976742	24.03149606299213	-0.28940523	7.037353E-4
water.gulf-of-mexico	DEFAULT	SERIF	0	1	U	-95.30634883143789	24.02614223149261	-0.28940523	7.037353E-4
water.gulf-of-mexico	DEFAULT	SERIF	0	2	L	-94.24058147571048	24.020758916030978	-0.28940523	7.037353E-4
water.gulf-of-mexico	DEFAULT	SERIF	0	3	F	-93.27469368434687	24.015880103921084	-0.28940523	7.037353E-4
water.gulf-of-mexico	DEFAULT	SERIF	0	4	\s	-92.35550283216631	24.01123716350811	-0.28940523	7.037353E-4
water.gulf-of-mexico	DEFAULT	SERIF	0	5	O	-91.6386653831124	24.007616333781783	-0.28940523	7.037353E-4
water.gulf-of-mexico	DEFAULT	SERIF	0	6	F	-90.55668381239087	24.002151118425385	-0.28940523	7.037353E-4
water.gulf-of-mexico	DEFAULT	SERIF	0	7	\s	-89.63749296021032	23.99750817801241	-0.28940523	7.037353E-4
water.gulf-of-mexico	DEFAULT	SERIF	0	8	M	-88.92065551115641	23.99388734828608	-0.28940523	7.037353E-4
water.gulf-of-mexico	DEFAULT	SERIF	0	9	E	-87.74917147366733	23.987970045510593	-0.28940523	7.037353E-4
water.gulf-of-mexico	DEFAULT	SERIF	0	10	X	-86.79625505429901	23.98315675331651	-0.28940523	7.037353E-4
water.gulf-of-mexico	DEFAULT	SERIF	0	11	I	-85.75059332516432	23.977874993724384	-0.28940523	7.037353E-4
water.gulf-of-mexico	DEFAULT	SERIF	0	12	C	-84.94295627214332	23.97379552458738	-0.28940523	7.037353E-4
water.gulf-of-mexico	DEFAULT	SERIF	0	13	O	-83.89534883720933	23.96850393700788	-0.28940523	7.037353E-4
water.caribbean	DEFAULT	SERIF	0	0	C	-83.88437883836146	19.55525906583997	-18.319405	9.388065E-4
water.caribbean	DEFAULT	SERIF	0	1	A	-82.20892764577215	19.000526966499812	-18.319405	9.388065E-4
water.caribbean	DEFAULT	SERIF	0	2	R	-80.54608653659142	18.44996999209292	-18.319405	9.388065E-4
water.caribbean	DEFAULT	SERIF	0	3	I	-78.85926671412382	17.922865012080333	-17.91559	9.388065E-4
water.caribbean	DEFAULT	SERIF	0	4	B	-77.43975315545963	17.46394805403627	-17.91559	9.388065E-4
water.caribbean	DEFAULT	SERIF	0	5	B	-75.8468017419806	16.94896007624	-17.91559	9.388065E-4
water.caribbean	DEFAULT	SERIF	0	6	E	-74.253557033762	16.434891102806144	-17.484755	9.388065E-4
water.caribbean	DEFAULT	SERIF	0	7	A	-72.67296712292261	15.936995383385632	-17.484755	9.388065E-4
water.caribbean	DEFAULT	SERIF	0	8	N	-71.00228253405136	15.410719276235064	-17.484755	9.388065E-4
water.caribbean	DEFAULT	SERIF	0	9	\s	-69.2687034167344	14.838191649290252	-17.080793	9.388065E-4
water.caribbean	DEFAULT	SERIF	0	10	S	-67.9414118279123	14.430350412281733	-17.080793	9.388065E-4
water.caribbean	DEFAULT	SERIF	0	11	E	-66.42718648366844	13.965069427536823	-17.080793	9.388065E-4
water.caribbean	DEFAULT	SERIF	0	12	A	-64.84312551004064	13.478329820052656	-17.080793	9.388065E-4
water.hudson-bay	DEFAULT	SERIF	0	0	H	-88.60465116279067	59.32587064676617	3.3774085	4.4464864E-4
water.hudson-bay	DEFAULT	SERIF	0	1	U	-87.35651921342567	59.399529488862854	3.3774085	4.4464864E-4
water.hudson-bay	DEFAULT	SERIF	0	2	D	-86.1322974592117	59.43269190270713	1.0360475	4.4464864E-4
water.hudson-bay	DEFAULT	SERIF	0	3	S	-84.90208827675899	59.42626081998092	-1.4086019	4.4464864E-4
water.hudson-bay	DEFAULT	SERIF	0	4	O	-83.77463142033086	59.38692430424129	-3.7624385	4.4464864E-4
water.hudson-bay	DEFAULT	SERIF	0	5	N	-82.54360465116281	59.30597014925373	-3.7624385	4.4464864E-4
water.hudson-bay	DEFAULT	SERIF	1	0	B	-81.08284883720933	58.35820895522388	-1.6475868	2.9643244E-4
water.hudson-bay	DEFAULT	SERIF	1	1	A	-80.05686986987604	58.36030014288973	1.9219934	2.9643244E-4
water.hudson-bay	DEFAULT	SERIF	1	2	Y	-79.01162790697674	58.482587064676615	8.4530115	2.9643244E-4
political.british-empire	DEFAULT	SERIF	0	0	B	-21.039244186046517	54.84825870646766	-0.31047225	5.064054E-4
political.british-empire	DEFAULT	SERIF	0	1	R	-19.633216775127458	54.840639702342806	-0.31047225	5.064054E-4
political.british-empire	DEFAULT	SERIF	0	2	I	-18.17360590759695	54.832730339314715	-0.31047225	5.064054E-4
political.british-empire	DEFAULT	SERIF	0	3	T	-16.87261908225747	54.82568053081762	-0.31047225	5.064054E-4
political.british-empire	DEFAULT	SERIF	0	4	I	-15.43129463245944	54.817870258526355	-0.31047225	5.064054E-4
political.british-empire	DEFAULT	SERIF	0	5	S	-14.13030780711996	54.810820450029254	-0.31047225	5.064054E-4
political.british-empire	DEFAULT	SERIF	0	6	H	-12.776162790697697	54.80348258706467	-0.31047225	5.064054E-4
political.british-empire	DEFAULT	SERIF	1	0	E	-21.25726744186045	53.266169154228855	1.0413557	4.6935136E-4
political.british-empire	DEFAULT	SERIF	1	1	M	-19.85855178725147	53.29159373234892	1.0413557	4.6935136E-4
political.british-empire	DEFAULT	SERIF	1	2	P	-18.307064318813424	53.30999828507054	0.5621516	4.6935136E-4
political.british-empire	DEFAULT	SERIF	1	3	I	-16.913583398416254	53.31702487282113	0.08011306	4.6935136E-4
political.british-empire	DEFAULT	SERIF	1	4	R	-15.616116538871868	53.31624726672477	-0.40154317	4.6935136E-4
political.british-empire	DEFAULT	SERIF	1	5	E	-14.149709302325562	53.30597014925373	-0.40154317	4.6935136E-4
water.atlantic	DEFAULT	SERIF	0	0	A	-48.91504970500595	36.20107769047946	-48.253838	0.0033599362
water.atlantic	DEFAULT	SERIF	0	1	T	-45.32567157718317	32.17897700654536	-48.253838	0.0033599362
water.atlantic	DEFAULT	SERIF	0	2	L	-41.76614691819344	28.190328818636456	-48.253838	0.0033599362
water.atlantic	DEFAULT	SERIF	0	3	A	-38.323322182823766	24.332449478826028	-48.253838	0.0033599362
water.atlantic	DEFAULT	SERIF	0	4	N	-34.73394405500098	20.310348794891922	-48.253838	0.0033599362
water.atlantic	DEFAULT	SERIF	0	5	T	-31.008868341573503	16.136191310843333	-48.253838	0.0033599362
water.atlantic	DEFAULT	SERIF	0	6	I	-27.449343682583766	12.147543122934424	-48.253838	0.0033599362
water.atlantic	DEFAULT	SERIF	0	7	C	-25.05341910224089	8.195837689036768	-65.74616	0.0033599362
water.atlantic	DEFAULT	SERIF	0	8	\s	-22.82390973134297	3.2473955369383605	-65.74616	0.0033599362
water.atlantic	DEFAULT	SERIF	0	9	O	-21.021360215335225	-0.7534003897339265	-65.74616	0.0033599362
water.atlantic	DEFAULT	SERIF	0	10	C	-18.747480506576167	-5.8003234240824995	-65.74616	0.0033599362
water.atlantic	DEFAULT	SERIF	0	11	E	-16.51797113567825	-10.748765576180903	-65.74616	0.0033599362
water.atlantic	DEFAULT	SERIF	0	12	A	-14.410689487944964	-15.425920769627911	-65.74616	0.0033599362
water.atlantic	DEFAULT	SERIF	0	13	N	-12.196249288396107	-20.340916584358343	-65.74616	0.0033599362
water.north-atlantic	DEFAULT	SERIF	0	0	N	-48.91072988620542	45.42946351681518	2.8624053	0.0013902681
water.north-atlantic	DEFAULT	SERIF	0	1	O	-43.04926643621886	45.722536683751784	2.8624053	0.0013902681
water.north-atlantic	DEFAULT	SERIF	0	2	R	-37.2665309288346	45.988326546441726	-2.8624053	0.0013902681
water.north-atlantic	DEFAULT	SERIF	0	3	T	-31.619533253523237	45.70597666823889	-2.8624053	0.0013902681
water.north-atlantic	DEFAULT	SERIF	0	4	H	-26.08927011379458	45.42946351681518	-2.8624053	0.0013902681
water.north-atlantic	DEFAULT	SERIF	1	0	A	-49.461119321124094	34.57841847008287	2.202598	0.0014399205
water.north-atlantic	DEFAULT	SERIF	1	1	T	-46.20372397412559	34.70370291152481	2.202598	0.0014399205
water.north-atlantic	DEFAULT	SERIF	1	2	L	-42.99422375907835	34.82714523250708	2.202598	0.0014399205
water.north-atlantic	DEFAULT	SERIF	1	3	A	-39.9719499689315	34.94338653714703	2.202598	0.0014399205
water.north-atlantic	DEFAULT	SERIF	1	4	N	-36.714554621932976	34.931329021411045	-2.202598	0.0014399205
water.north-atlantic	DEFAULT	SERIF	1	5	T	-33.23945412970147	34.797671305152456	-2.202598	0.0014399205
water.north-atlantic	DEFAULT	SERIF	1	6	I	-30.02995391465422	34.674228984170185	-2.202598	0.0014399205
water.north-atlantic	DEFAULT	SERIF	1	7	C	-27.538880678875906	34.57841847008287	-2.202598	0.0014399205
water.north-atlantic	DEFAULT	SERIF	2	0	O	-45.913240962054175	23.477042161926658	3.17983	0.0013902681
water.north-atlantic	DEFAULT	SERIF	2	1	C	-40.747695370959974	23.7640169204115	3.17983	0.0013902681
water.north-atlantic	DEFAULT	SERIF	2	2	E	-35.72288068272493	24.0	0.0	0.0013902681
water.north-atlantic	DEFAULT	SERIF	2	3	A	-31.083088639794198	24.0	0.0	0.0013902681
water.north-atlantic	DEFAULT	SERIF	2	4	N	-26.1	24.0	0.0	0.0013902681
water.mediterranean	DEFAULT	SERIF	0	0	M	4.827096149208678	39.33549264480993	-10.305716	0.0010427011
water.mediterranean	DEFAULT	SERIF	0	1	E	6.642321133714759	39.005423290181454	-10.305716	0.0010427011
water.mediterranean	DEFAULT	SERIF	0	2	D	7.957477630513562	38.766283316191874	-10.305716	0.0010427011
water.mediterranean	DEFAULT	SERIF	0	3	I	9.554571850352076	38.47587751929015	-10.305716	0.0010427011
water.mediterranean	DEFAULT	SERIF	0	4	T	10.537338610514587	38.29717725231279	-10.305716	0.0010427011
water.mediterranean	DEFAULT	SERIF	0	5	E	12.009786679114491	38.02943634554065	-10.305716	0.0010427011
water.mediterranean	DEFAULT	SERIF	0	6	R	13.32494317591329	37.79029637155107	-10.305716	0.0010427011
water.mediterranean	DEFAULT	SERIF	0	7	R	14.86119820288534	37.51095319959356	-10.305716	0.0010427011
water.mediterranean	DEFAULT	SERIF	0	8	A	16.391297473112157	37.20421350485381	-15.021365	0.0010427011
water.mediterranean	DEFAULT	SERIF	0	9	N	17.86879699649252	36.80772814298468	-15.021365	0.0010427011
water.mediterranean	DEFAULT	SERIF	0	10	E	19.491964285776227	36.372152997370215	-15.021365	0.0010427011
water.mediterranean	DEFAULT	SERIF	0	11	A	20.7830090688003	36.02570255869513	-15.021365	0.0010427011
water.mediterranean	DEFAULT	SERIF	0	12	N	22.26050859218066	35.629217196826005	-15.021365	0.0010427011
water.mediterranean	DEFAULT	SERIF	0	13	\s	23.88367588146437	35.19364205121153	-15.021365	0.0010427011
water.mediterranean	DEFAULT	SERIF	0	14	S	24.644489996600246	34.989478425369484	-15.021365	0.0010427011
water.mediterranean	DEFAULT	SERIF	0	15	E	25.791323691380004	34.68172687260229	-15.021365	0.0010427011
water.mediterranean	DEFAULT	SERIF	0	16	A	27.082368474404067	34.33527643392721	-15.021365	0.0010427011
water.southern	DEFAULT	SERIF	0	0	S	-31.791954613723153	-69.14582024665654	-2.6025622	0.0031209022
water.southern	DEFAULT	SERIF	0	1	O	-24.447993055388086	-69.47963668084543	-2.6025622	0.0031209022
water.southern	DEFAULT	SERIF	0	2	U	-16.096320837282722	-69.85925814502389	-2.6025622	0.0031209022
water.southern	DEFAULT	SERIF	0	3	T	-7.829188104057415	-70.23503690534415	-2.6025622	0.0031209022
water.southern	DEFAULT	SERIF	0	4	H	0.20799723029413286	-70.60036351117014	-2.6025622	0.0031209022
water.southern	DEFAULT	SERIF	0	5	E	8.718603679974004	-70.98720925860198	-2.6025622	0.0031209022
water.southern	DEFAULT	SERIF	0	6	R	16.39734159843411	-71.33624280006927	-2.6025622	0.0031209022
water.southern	DEFAULT	SERIF	0	7	N	24.579934846779363	-71.29182114346865	2.6025622	0.0031209022
water.southern	DEFAULT	SERIF	0	8	\s	33.02967286734559	-70.90774214281473	2.6025622	0.0031209022
water.southern	DEFAULT	SERIF	0	9	O	39.47751588595205	-70.61465836952259	2.6025622	0.0031209022
water.southern	DEFAULT	SERIF	0	10	C	47.82918810405742	-70.23503690534415	2.6025622	0.0031209022
water.southern	DEFAULT	SERIF	0	11	E	56.00163661421706	-69.86356197334504	2.6025622	0.0031209022
water.southern	DEFAULT	SERIF	0	12	A	63.68037453267715	-69.51452843187775	2.6025622	0.0031209022
water.southern	DEFAULT	SERIF	0	13	N	71.79195461372315	-69.14582024665654	2.6025622	0.0031209022
water.baltic	DEFAULT	SERIF	0	0	B	10.0	56.5	12.528808	7.14995E-4
water.baltic	DEFAULT	SERIF	0	1	A	12.072383775840672	56.96052972796459	12.528808	7.14995E-4
water.baltic	DEFAULT	SERIF	0	2	L	14.330051278180973	57.46223361737355	12.528808	7.14995E-4
water.baltic	DEFAULT	SERIF	0	3	T	16.397141233264513	57.92158694072545	12.528808	7.14995E-4
water.baltic	DEFAULT	SERIF	0	4	I	18.615987383385843	58.414663862974635	12.528808	7.14995E-4
water.baltic	DEFAULT	SERIF	0	5	C	20.278027779242166	58.38639753073403	-5.079608	7.14995E-4
water.baltic	DEFAULT	SERIF	0	6	\s	22.61409542856944	58.17874707301605	-5.079608	7.14995E-4
water.baltic	DEFAULT	SERIF	0	7	S	24.03188097796204	58.05272169084782	-5.079608	7.14995E-4
water.baltic	DEFAULT	SERIF	0	8	E	25.926813108693242	57.88428327922727	-5.079608	7.14995E-4
water.baltic	DEFAULT	SERIF	0	9	A	28.0	57.7	-5.079608	7.14995E-4
water.norwegian	DEFAULT	SERIF	0	0	N	-0.23581097009323404	64.27624070673603	35.650124	8.142999E-4
water.norwegian	DEFAULT	SERIF	0	1	O	0.673578924141751	64.92850402788798	35.650124	8.142999E-4
water.norwegian	DEFAULT	SERIF	0	2	R	1.5486509974144878	65.55615276341756	35.650124	8.142999E-4
water.norwegian	DEFAULT	SERIF	0	3	W	2.36455441385578	66.14136255821884	35.650124	8.142999E-4
water.norwegian	DEFAULT	SERIF	0	4	E	3.420682577032773	66.89887445237683	35.650124	8.142999E-4
water.norwegian	DEFAULT	SERIF	0	5	G	4.0602633961163175	67.35761620380799	35.650124	8.142999E-4
water.norwegian	DEFAULT	SERIF	0	6	I	4.9902658705913305	67.77837514226867	20.602562	8.142999E-4
water.norwegian	DEFAULT	SERIF	0	7	A	5.4216676815798825	67.9405504406074	20.602562	8.142999E-4
water.norwegian	DEFAULT	SERIF	0	8	N	6.332900635341871	68.28310689783211	20.602562	8.142999E-4
water.norwegian	DEFAULT	SERIF	0	9	\s	7.380449254664502	68.6769080024676	20.602562	8.142999E-4
water.norwegian	DEFAULT	SERIF	0	10	S	7.621009133868161	68.76734079443122	20.602562	8.142999E-4
water.norwegian	DEFAULT	SERIF	0	11	E	8.222805526807514	68.99357190203342	20.602562	8.142999E-4
water.norwegian	DEFAULT	SERIF	0	12	A	8.959554428651892	69.27053521057232	20.602562	8.142999E-4
water.black	DEFAULT	SERIF	0	0	B	30.388089256145225	43.238808929237884	5.710593	4.075655E-4
water.black	DEFAULT	SERIF	0	1	L	31.464575743733416	43.34645757709087	5.710593	4.075655E-4
water.black	DEFAULT	SERIF	0	2	A	32.53763720617595	43.45376372242928	5.710593	4.075655E-4
water.black	DEFAULT	SERIF	0	3	C	33.73399957386215	43.57339995829206	5.710593	4.075655E-4
water.black	DEFAULT	SERIF	0	4	K	34.93162823603034	43.387056403193064	-12.875002	4.075655E-4
water.black	DEFAULT	SERIF	0	5	\s	36.09142543275293	43.12195990482044	-12.875002	4.075655E-4
water.black	DEFAULT	SERIF	0	6	S	36.71321323580199	42.979836982144626	-12.875002	4.075655E-4
water.black	DEFAULT	SERIF	0	7	E	37.63140954056307	42.76996354479178	-12.875002	4.075655E-4
water.black	DEFAULT	SERIF	0	8	A	38.660339587473175	42.534779537804866	-12.875002	4.075655E-4
water.caspian	DEFAULT	SERIF	0	0	C	49.528991511729245	44.285014149099425	-59.036243	4.4934097E-4
water.caspian	DEFAULT	SERIF	0	1	A	49.96970331483263	43.550494476864166	-59.036243	4.4934097E-4
water.caspian	DEFAULT	SERIF	0	2	S	50.402736850650385	42.8287719167716	-59.036243	4.4934097E-4
water.caspian	DEFAULT	SERIF	0	3	P	50.73893890458837	42.26843515981198	-59.036243	4.4934097E-4
water.caspian	DEFAULT	SERIF	0	4	I	51.112252583740194	41.646245694162644	-59.036243	4.4934097E-4
water.caspian	DEFAULT	SERIF	0	5	A	51.3951333370836	41.17477777152733	-59.036243	4.4934097E-4
water.caspian	DEFAULT	SERIF	0	6	N	51.736888496009264	40.407778809339796	-68.19859	4.4934097E-4
water.caspian	DEFAULT	SERIF	0	7	\s	52.08026752649439	39.549331282489916	-68.19859	4.4934097E-4
water.caspian	DEFAULT	SERIF	0	8	S	52.24135706766368	39.14660747892967	-68.19859	4.4934097E-4
water.caspian	DEFAULT	SERIF	0	9	E	52.48404578901658	38.53988572491038	-68.19859	4.4934097E-4
water.caspian	DEFAULT	SERIF	0	10	A	52.75721873240033	37.85695341581393	-68.19859	4.4934097E-4
water.red	DEFAULT	SERIF	0	0	R	33.0	29.0	-60.945396	4.5680237E-4
water.red	DEFAULT	SERIF	0	1	E	34.69597297134945	25.947248651570998	-60.945396	4.5680237E-4
water.red	DEFAULT	SERIF	0	2	D	36.2074582785034	23.22657509869387	-60.945396	4.5680237E-4
water.red	DEFAULT	SERIF	0	3	\s	37.95419631181268	20.082446638737174	-60.945396	4.5680237E-4
water.red	DEFAULT	SERIF	0	4	S	39.036923430501275	18.18538399662277	-60.25512	4.5680237E-4
water.red	DEFAULT	SERIF	0	5	E	40.455847563119406	15.702266764541038	-60.25512	4.5680237E-4
water.red	DEFAULT	SERIF	0	6	A	42.0	13.0	-60.25512	4.5680237E-4
water.arabian	DEFAULT	SERIF	0	0	A	54.89429146830089	16.210647799445223	-15.255118	7.14995E-4
water.arabian	DEFAULT	SERIF	0	1	R	56.65712180929546	15.729875884650337	-15.255118	7.14995E-4
water.arabian	DEFAULT	SERIF	0	2	A	58.448895917993234	15.241210215027307	-15.255118	7.14995E-4
water.arabian	DEFAULT	SERIF	0	3	B	60.21172625898781	14.76043830023242	-15.255118	7.14995E-4
water.arabian	DEFAULT	SERIF	0	4	I	61.82983776146634	14.319135159578273	-15.255118	7.14995E-4
water.arabian	DEFAULT	SERIF	0	5	A	63.10964464978192	14.01993539086944	10.304847	7.14995E-4
water.arabian	DEFAULT	SERIF	0	6	N	64.9073859128469	14.346797435561209	10.304847	7.14995E-4
water.arabian	DEFAULT	SERIF	0	7	\s	66.84568416287908	14.699215296065196	10.304847	7.14995E-4
water.arabian	DEFAULT	SERIF	0	8	S	67.95188505006548	14.90034272696086	10.304847	7.14995E-4
water.arabian	DEFAULT	SERIF	0	9	E	69.43056195271494	15.169193069758895	10.304847	7.14995E-4
water.arabian	DEFAULT	SERIF	0	10	A	71.04839027246192	15.46334367021103	10.304847	7.14995E-4
water.south-china	DEFAULT	SERIF	0	0	C	110.76190298651242	16.53968283423954	-9.462322	8.5402187E-4
water.south-china	DEFAULT	SERIF	0	1	H	112.45322126225042	16.257796455620735	-9.462322	8.5402187E-4
water.south-china	DEFAULT	SERIF	0	2	I	114.29830500393354	15.95028249934441	-9.462322	8.5402187E-4
water.south-china	DEFAULT	SERIF	0	3	N	115.42069105567458	15.763218158058429	-9.462322	8.5402187E-4
water.south-china	DEFAULT	SERIF	0	4	A	117.23809701348758	15.460317165760461	-9.462322	8.5402187E-4
water.south-china	DEFAULT	SERIF	1	0	S	112.37281294484251	9.725437405182626	-11.309933	6.7527307E-4
water.south-china	DEFAULT	SERIF	1	1	E	115.85683906090507	9.028632187818985	-11.309933	6.7527307E-4
water.south-china	DEFAULT	SERIF	1	2	A	119.62718705515749	8.274562594817374	-11.309933	6.7527307E-4
water.gulf-of-guinea	DEFAULT	SERIF	0	0	G	-8.5	2.5	-8.130102	8.1044517E-4
water.gulf-of-guinea	DEFAULT	SERIF	0	1	U	-7.221680494113514	2.317382927730502	-8.130102	8.1044517E-4
water.gulf-of-guinea	DEFAULT	SERIF	0	2	L	-5.935997299091616	2.133713899870231	-8.130102	8.1044517E-4
water.gulf-of-guinea	DEFAULT	SERIF	0	3	F	-4.776315007053433	1.9680450010076331	-8.130102	8.1044517E-4
water.gulf-of-guinea	DEFAULT	SERIF	0	4	\s	-3.675542228098542	1.8107917468712202	-8.130102	8.1044517E-4
water.gulf-of-guinea	DEFAULT	SERIF	0	5	O	-2.8300440058379257	1.6900062865482752	-8.130102	8.1044517E-4
water.gulf-of-guinea	DEFAULT	SERIF	0	6	F	-1.5239061187732181	1.5034151598247454	-8.130102	8.1044517E-4
water.gulf-of-guinea	DEFAULT	SERIF	0	7	\s	-0.4122004030740438	1.5	0.0	8.1044517E-4
water.gulf-of-guinea	DEFAULT	SERIF	0	8	G	0.4418817775568886	1.5	0.0	8.1044517E-4
water.gulf-of-guinea	DEFAULT	SERIF	0	9	U	1.7331794791788475	1.5	0.0	8.1044517E-4
water.gulf-of-guinea	DEFAULT	SERIF	0	10	I	3.031915630118233	1.5	0.0	8.1044517E-4
water.gulf-of-guinea	DEFAULT	SERIF	0	11	N	4.001707022353596	1.5	0.0	8.1044517E-4
water.gulf-of-guinea	DEFAULT	SERIF	0	12	E	5.345073869197549	1.5	0.0	8.1044517E-4
water.gulf-of-guinea	DEFAULT	SERIF	0	13	A	6.5	1.5	0.0	8.1044517E-4
region.sahara	DEFAULT	SERIF	0	0	S	-5.757203546907633	24.874722929123454	2.202598	0.0011916584
region.sahara	DEFAULT	SERIF	0	1	A	-0.14176171441294727	25.090701465694522	2.202598	0.0011916584
region.sahara	DEFAULT	SERIF	0	2	H	6.0387087828659745	25.328411873988056	2.202598	0.0011916584
region.sahara	DEFAULT	SERIF	0	3	A	12.498827584920683	25.250146547205244	-7.125016	0.0011916584
region.sahara	DEFAULT	SERIF	0	4	R	18.63610610313843	24.482986723068684	-7.125016	0.0011916584
region.sahara	DEFAULT	SERIF	0	5	A	24.825290699161926	23.7093386392064	-7.125016	0.0011916584
region.siberia	DEFAULT	SERIF	0	0	S	55.0	69.0	0.0	0.0010923535
region.siberia	DEFAULT	SERIF	0	1	I	70.56826365260015	69.0	0.0	0.0010923535
region.siberia	DEFAULT	SERIF	0	2	B	85.79953068168486	69.0	0.0	0.0010923535
region.siberia	DEFAULT	SERIF	0	3	E	101.69670303883609	69.0	0.0	0.0010923535
region.siberia	DEFAULT	SERIF	0	4	R	117.5318680172605	69.0	0.0	0.0010923535
region.siberia	DEFAULT	SERIF	0	5	I	133.7687329709153	69.0	0.0	0.0010923535
region.siberia	DEFAULT	SERIF	0	6	A	149.0	69.0	0.0	0.0010923535
continent.north-america	DEFAULT	SERIF	0	0	N	-120.4697556946384	46.15518114602113	6.911227	0.0023055766
continent.north-america	DEFAULT	SERIF	0	1	O	-116.08996271938449	46.686065140005184	6.911227	0.0023055766
continent.north-america	DEFAULT	SERIF	0	2	R	-111.8097553951693	47.204878145984544	6.911227	0.0023055766
continent.north-america	DEFAULT	SERIF	0	3	T	-107.70124746929672	47.70287910367996	6.911227	0.0023055766
continent.north-america	DEFAULT	SERIF	0	4	H	-103.74040102599879	48.18298169985116	6.911227	0.0023055766
continent.north-america	DEFAULT	SERIF	0	5	\s	-99.29879626734154	48.72135803121744	6.911227	0.0023055766
continent.north-america	DEFAULT	SERIF	0	6	A	-96.95192416846407	48.99417262648049	-6.911227	0.0023055766
continent.north-america	DEFAULT	SERIF	0	7	M	-92.91552998989539	48.504912729064344	-6.911227	0.0023055766
continent.north-america	DEFAULT	SERIF	0	8	E	-88.1614323262546	47.92865846982127	-6.911227	0.0023055766
continent.north-america	DEFAULT	SERIF	0	9	R	-84.56458860744299	47.49267741601204	-6.911227	0.0023055766
continent.north-america	DEFAULT	SERIF	0	10	I	-80.4560806815704	46.99467645831663	-6.911227	0.0023055766
continent.north-america	DEFAULT	SERIF	0	11	C	-77.62845026733363	46.6519333808195	-6.911227	0.0023055766
continent.north-america	DEFAULT	SERIF	0	12	A	-73.5302443053616	46.15518114602113	-6.911227	0.0023055766
continent.south-america	DEFAULT	SERIF	0	0	S	-68.4	-8.5	0.0	0.0014076465
continent.south-america	DEFAULT	SERIF	0	1	O	-62.7284315470892	-8.5	0.0	0.0014076465
continent.south-america	DEFAULT	SERIF	0	2	U	-56.245148655866124	-8.5	0.0	0.0014076465
continent.south-america	DEFAULT	SERIF	0	3	T	-49.82996261349474	-8.5	0.0	0.0014076465
continent.south-america	DEFAULT	SERIF	0	4	H	-43.6	-8.5	0.0	0.0014076465
continent.south-america	DEFAULT	SERIF	1	0	A	-65.1	-19.5	0.0	0.0012512413
continent.south-america	DEFAULT	SERIF	1	1	M	-61.66601292128598	-19.5	0.0	0.0012512413
continent.south-america	DEFAULT	SERIF	1	2	E	-57.868147408488454	-19.5	0.0	0.0012512413
continent.south-america	DEFAULT	SERIF	1	3	R	-54.65701410758635	-19.5	0.0	0.0012512413
continent.south-america	DEFAULT	SERIF	1	4	I	-51.18646508095006	-19.5	0.0	0.0012512413
continent.south-america	DEFAULT	SERIF	1	5	C	-48.36532589121882	-19.5	0.0	0.0012512413
continent.south-america	DEFAULT	SERIF	1	6	A	-44.900000000000006	-19.5	0.0	0.0012512413
continent.europe	DEFAULT	SERIF	0	0	E	0.2790373382452467	46.3350667412045	17.352379	0.002709626
continent.europe	DEFAULT	SERIF	0	1	U	5.181480784728531	47.86692579990323	17.352379	0.002709626
continent.europe	DEFAULT	SERIF	0	2	R	11.302554298329056	49.779568344021826	17.352379	0.002709626
continent.europe	DEFAULT	SERIF	0	3	O	17.292949778502916	51.39801440342792	3.6598082	0.002709626
continent.europe	DEFAULT	SERIF	0	4	P	23.875872065438863	51.81907602314347	3.6598082	0.002709626
continent.europe	DEFAULT	SERIF	0	5	E	28.9137256699508	52.1413108485094	3.6598082	0.002709626
continent.africa	DEFAULT	SERIF	0	0	A	-8.000631571509409	20.116272068036395	-1.290163	0.002926396
continent.africa	DEFAULT	SERIF	0	1	F	1.362835221894565	19.905393656202243	-1.290163	0.002926396
continent.africa	DEFAULT	SERIF	0	2	R	9.21081801511129	19.728646068994948	-1.290163	0.002926396
continent.africa	DEFAULT	SERIF	0	3	I	18.626493937441207	18.785429036016392	-18.124672	0.002926396
continent.africa	DEFAULT	SERIF	0	4	C	24.71034110238273	16.79402129904275	-18.124672	0.002926396
continent.africa	DEFAULT	SERIF	0	5	A	33.755532050211905	13.833285631526621	-18.124672	0.002926396
continent.asia	DEFAULT	SERIF	0	0	A	68.20843582989679	55.337645806879124	3.431408	0.0031999392
continent.asia	DEFAULT	SERIF	0	1	S	88.57306700425085	56.55873094145292	3.431408	0.0031999392
continent.asia	DEFAULT	SERIF	0	2	I	103.97237433397864	54.58141252699134	-13.246113	0.0031999392
continent.asia	DEFAULT	SERIF	0	3	A	116.70119956044071	51.58508352375659	-13.246113	0.0031999392
continent.australia	DEFAULT	SERIF	0	0	A	119.99170697557507	-24.184646993283636	3.0127876	0.0017793287
continent.australia	DEFAULT	SERIF	0	1	U	123.389591566863	-24.00581096416369	3.0127876	0.0017793287
continent.australia	DEFAULT	SERIF	0	2	S	126.86542708752799	-23.822872254550216	3.0127876	0.0017793287
continent.australia	DEFAULT	SERIF	0	3	T	129.8786407881945	-23.664282061778763	3.0127876	0.0017793287
continent.australia	DEFAULT	SERIF	0	4	R	133.23825927502665	-23.525079923687013	-6.009006	0.0017793287
continent.australia	DEFAULT	SERIF	0	5	A	136.65759089267956	-23.885009565915365	-6.009006	0.0017793287
continent.australia	DEFAULT	SERIF	0	6	L	140.04148276327453	-24.2412087084534	-6.009006	0.0017793287
continent.australia	DEFAULT	SERIF	0	7	I	143.24311307757122	-24.57822242401267	-6.009006	0.0017793287
continent.australia	DEFAULT	SERIF	0	8	A	146.03296728319413	-24.87189128602733	-6.009006	0.0017793287
political.russian-empire	DEFAULT	SERIF	0	0	R	36.10000000000001	58.0	0.0	0.0017833727
political.russian-empire	DEFAULT	SERIF	0	1	U	43.38749325037537	58.0	0.0	0.0017833727
political.russian-empire	DEFAULT	SERIF	0	2	S	50.70198499928585	58.0	0.0	0.0017833727
political.russian-empire	DEFAULT	SERIF	0	3	S	57.721653144192885	58.0	0.0	0.0017833727
political.russian-empire	DEFAULT	SERIF	0	4	I	64.74132128909991	58.0	0.0	0.0017833727
political.russian-empire	DEFAULT	SERIF	0	5	A	71.62599694133138	58.0	0.0	0.0017833727
political.russian-empire	DEFAULT	SERIF	0	6	N	78.89081145293727	58.0	0.0	0.0017833727
political.russian-empire	DEFAULT	SERIF	0	7	\s	86.26361995868359	58.0	0.0	0.0017833727
political.russian-empire	DEFAULT	SERIF	0	8	E	92.99710401911844	58.0	0.0	0.0017833727
political.russian-empire	DEFAULT	SERIF	0	9	M	100.12368621822452	58.0	0.0	0.0017833727
political.russian-empire	DEFAULT	SERIF	0	10	P	107.61420817758393	58.0	0.0	0.0017833727
political.russian-empire	DEFAULT	SERIF	0	11	I	114.72783109739316	58.0	0.0	0.0017833727
political.russian-empire	DEFAULT	SERIF	0	12	R	121.6125067496246	58.0	0.0	0.0017833727
political.russian-empire	DEFAULT	SERIF	0	13	E	128.9	58.0	0.0	0.0017833727
political.qing-empire	DEFAULT	SERIF	0	0	C	89.4	40.0	0.0	0.0015625742
political.qing-empire	DEFAULT	SERIF	0	1	H	92.7383567987319	40.0	0.0	0.0015625742
political.qing-empire	DEFAULT	SERIF	0	2	I	96.22008851842946	40.0	0.0	0.0015625742
political.qing-empire	DEFAULT	SERIF	0	3	N	99.02795810958831	40.0	0.0	0.0015625742
political.qing-empire	DEFAULT	SERIF	0	4	E	102.48388234351206	40.0	0.0	0.0015625742
political.qing-empire	DEFAULT	SERIF	0	5	S	105.61291175763405	40.0	0.0	0.0015625742
political.qing-empire	DEFAULT	SERIF	0	6	E	108.6	40.0	0.0	0.0015625742
political.qing-empire	DEFAULT	SERIF	1	0	E	96.5	35.0	0.0	0.0014946362
political.qing-empire	DEFAULT	SERIF	1	1	M	99.42986765802046	35.0	0.0	0.0014946362
political.qing-empire	DEFAULT	SERIF	1	2	P	102.83242730098308	35.0	0.0	0.0014946362
political.qing-empire	DEFAULT	SERIF	1	3	I	105.74546319692843	35.0	0.0	0.0014946362
political.qing-empire	DEFAULT	SERIF	1	4	R	108.36113796288048	35.0	0.0	0.0014946362
political.qing-empire	DEFAULT	SERIF	1	5	E	111.5	35.0	0.0	0.0014946362
political.united-states	DEFAULT	SERIF	0	0	U	-115.20862964604845	40.56834517973764	-2.29061	0.0015392255
political.united-states	DEFAULT	SERIF	0	1	N	-112.62017975452316	40.46480718509402	-2.29061	0.0015392255
political.united-states	DEFAULT	SERIF	0	2	I	-109.94952863793445	40.357981141447844	-2.29061	0.0015392255
political.united-states	DEFAULT	SERIF	0	3	T	-107.96693222002472	40.27867728574884	-2.29061	0.0015392255
political.united-states	DEFAULT	SERIF	0	4	E	-105.48199498228298	40.179279797256555	-2.29061	0.0015392255
political.united-states	DEFAULT	SERIF	0	5	D	-103.15841570485094	40.08633662717666	-2.29061	0.0015392255
political.united-states	DEFAULT	SERIF	0	6	\s	-100.54560989478833	39.981824395791534	-2.29061	0.0015392255
political.united-states	DEFAULT	SERIF	0	7	S	-98.77612776408004	39.911045111580584	-2.29061	0.0015392255
political.united-states	DEFAULT	SERIF	0	8	T	-96.6032507325976	39.82413003133867	-2.29061	0.0015392255
political.united-states	DEFAULT	SERIF	0	9	A	-94.11831349485587	39.72473254284638	-2.29061	0.0015392255
political.united-states	DEFAULT	SERIF	0	10	T	-91.59988686912533	39.623995478834544	-2.29061	0.0015392255
political.united-states	DEFAULT	SERIF	0	11	E	-89.1149496313836	39.52459799034226	-2.29061	0.0015392255
political.united-states	DEFAULT	SERIF	0	12	S	-86.79137035395155	39.43165482026236	-2.29061	0.0015392255
political.spanish-empire	DEFAULT	SERIF	0	0	S	-6.4	40.0	0.0	6.554121E-4
political.spanish-empire	DEFAULT	SERIF	0	1	P	-5.252234649738074	40.0	0.0	6.554121E-4
political.spanish-empire	DEFAULT	SERIF	0	2	A	-4.008291214244139	40.0	0.0	6.554121E-4
political.spanish-empire	DEFAULT	SERIF	0	3	I	-2.609578446192951	40.0	0.0	6.554121E-4
political.spanish-empire	DEFAULT	SERIF	0	4	N	-1.5999999999999996	40.0	0.0	6.554121E-4
political.japanese-empire	DEFAULT	SERIF	0	0	J	132.25743218349746	35.2899612152735	29.74488	7.34856E-4
political.japanese-empire	DEFAULT	SERIF	0	1	A	134.1885602475929	36.393462982404834	29.74488	7.34856E-4
political.japanese-empire	DEFAULT	SERIF	0	2	P	136.79625974025973	37.88357699443414	29.74488	7.34856E-4
political.japanese-empire	DEFAULT	SERIF	0	3	A	139.13486832383566	39.219924772697205	29.74488	7.34856E-4
political.japanese-empire	DEFAULT	SERIF	0	4	N	141.74256781650254	40.7100387847265	29.74488	7.34856E-4
water.barents	DEFAULT	SERIF	0	0	B	36.096308664651204	73.26754636928563	-2.8636215	5.362463E-4
water.barents	DEFAULT	SERIF	0	1	A	36.4909230732048	73.24780725098624	-2.8636215	5.362463E-4
water.barents	DEFAULT	SERIF	0	2	R	36.945788336634244	73.22505430773204	-2.8636215	5.362463E-4
water.barents	DEFAULT	SERIF	0	3	E	37.41270377103886	73.20169859948686	-2.8636215	5.362463E-4
water.barents	DEFAULT	SERIF	0	4	N	37.79412037328632	73.18261965236806	-2.8636215	5.362463E-4
water.barents	DEFAULT	SERIF	0	5	T	38.299323400866115	73.10687571824533	-13.136378	5.362463E-4
water.barents	DEFAULT	SERIF	0	6	S	38.73053050360571	73.00624202936648	-13.136378	5.362463E-4
water.barents	DEFAULT	SERIF	0	7	\s	39.04703998592022	72.93237609216813	-13.136378	5.362463E-4
water.barents	DEFAULT	SERIF	0	8	S	39.215281812563276	72.89311237055678	-13.136378	5.362463E-4
water.barents	DEFAULT	SERIF	0	9	E	39.53179129487778	72.81924643335843	-13.136378	5.362463E-4
water.barents	DEFAULT	SERIF	0	10	A	39.903691335348796	72.73245363071437	-13.136378	5.362463E-4
water.white	DEFAULT	SERIF	0	0	W	36.4904218962887	65.14318957047475	41.34019	2.144985E-4
water.white	DEFAULT	SERIF	0	1	H	36.669546994023456	65.30077758212732	41.34019	2.144985E-4
water.white	DEFAULT	SERIF	0	2	I	36.82999671026919	65.44193564469445	41.34019	2.144985E-4
water.white	DEFAULT	SERIF	0	3	T	36.907640489724	65.51024393301479	41.34019	2.144985E-4
water.white	DEFAULT	SERIF	0	4	E	37.057440955354245	65.60968464397287	28.65981	2.144985E-4
water.white	DEFAULT	SERIF	0	5	\s	37.1943093233809	65.68449314641238	28.65981	2.144985E-4
water.white	DEFAULT	SERIF	0	6	S	37.2562264563215	65.71833535595587	28.65981	2.144985E-4
water.white	DEFAULT	SERIF	0	7	E	37.372709735684644	65.78200192708574	28.65981	2.144985E-4
water.white	DEFAULT	SERIF	0	8	A	37.5095781037113	65.85681042952525	28.65981	2.144985E-4
water.persian-gulf	DEFAULT	SERIF	0	0	P	50.07607326620468	25.143412629682366	28.690685	5.362463E-4
water.persian-gulf	DEFAULT	SERIF	0	1	E	50.39971138257948	25.32053093753943	28.690685	5.362463E-4
water.persian-gulf	DEFAULT	SERIF	0	2	R	50.72929964051472	25.500905595472002	28.690685	5.362463E-4
water.persian-gulf	DEFAULT	SERIF	0	3	S	51.13276882282539	25.721713266842144	28.690685	5.362463E-4
water.persian-gulf	DEFAULT	SERIF	0	4	I	51.41326841288702	25.875223036651768	28.690685	5.362463E-4
water.persian-gulf	DEFAULT	SERIF	0	5	A	51.631787361694094	25.994812493174837	28.690685	5.362463E-4
water.persian-gulf	DEFAULT	SERIF	0	6	N	52.032057675678296	26.193718913488283	19.309315	5.362463E-4
water.persian-gulf	DEFAULT	SERIF	0	7	\s	52.50826562948657	26.36057149248492	19.309315	5.362463E-4
water.persian-gulf	DEFAULT	SERIF	0	8	G	52.66867308071336	26.416774663207768	19.309315	5.362463E-4
water.persian-gulf	DEFAULT	SERIF	0	9	U	53.111273886442866	26.571852051796885	19.309315	5.362463E-4
water.persian-gulf	DEFAULT	SERIF	0	10	L	53.55867571332649	26.728611610444222	19.309315	5.362463E-4
water.persian-gulf	DEFAULT	SERIF	0	11	F	53.92392673379532	26.856587370317634	19.309315	5.362463E-4
water.andaman	DEFAULT	SERIF	0	0	A	94.11960905234933	10.39968943442806	-17.13638	5.362463E-4
water.andaman	DEFAULT	SERIF	0	1	N	94.50687072899807	10.280282981114036	-17.13638	5.362463E-4
water.andaman	DEFAULT	SERIF	0	2	D	94.94298590339484	10.145813268898282	-17.13638	5.362463E-4
water.andaman	DEFAULT	SERIF	0	3	A	95.36053674864736	10.017067595065186	-17.13638	5.362463E-4
water.andaman	DEFAULT	SERIF	0	4	M	95.74779842529611	9.897661141751161	-17.13638	5.362463E-4
water.andaman	DEFAULT	SERIF	0	5	A	96.24780264689956	9.79682378874685	-6.8636217	5.362463E-4
water.andaman	DEFAULT	SERIF	0	6	N	96.6501507725036	9.748393497433078	-6.8636217	5.362463E-4
water.andaman	DEFAULT	SERIF	0	7	\s	97.1032555684248	9.693853670189725	-6.8636217	5.362463E-4
water.andaman	DEFAULT	SERIF	0	8	S	97.25588087606846	9.67548229564948	-6.8636217	5.362463E-4
water.andaman	DEFAULT	SERIF	0	9	E	97.54301136005257	9.640920650895852	-6.8636217	5.362463E-4
water.andaman	DEFAULT	SERIF	0	10	A	97.88039094765067	9.60031056557194	-6.8636217	5.362463E-4
water.east-china	DEFAULT	SERIF	0	0	E	123.85811857559028	26.7223434919698	50.113068	5.362463E-4
water.east-china	DEFAULT	SERIF	0	1	A	124.16929400928109	27.094677646474207	50.113068	5.362463E-4
water.east-china	DEFAULT	SERIF	0	2	S	124.52714779086804	27.52286435667806	50.113068	5.362463E-4
water.east-china	DEFAULT	SERIF	0	3	T	124.80222043985792	27.85200005013366	50.113068	5.362463E-4
water.east-china	DEFAULT	SERIF	0	4	\s	125.15205138040022	28.270587102326676	50.113068	5.362463E-4
water.east-china	DEFAULT	SERIF	0	5	C	125.33048526226133	28.484090551560758	50.113068	5.362463E-4
water.east-china	DEFAULT	SERIF	0	6	H	125.69490318652119	28.92013152740985	50.113068	5.362463E-4
water.east-china	DEFAULT	SERIF	0	7	I	126.13531872944405	29.361633481185525	41.886932	5.362463E-4
water.east-china	DEFAULT	SERIF	0	8	N	126.40173461089513	29.60056513625792	41.886932	5.362463E-4
water.east-china	DEFAULT	SERIF	0	9	A	126.85950709706789	30.01111250018704	41.886932	5.362463E-4
water.east-china	DEFAULT	SERIF	0	10	\s	127.27494405122258	30.38369178693547	41.886932	5.362463E-4
water.east-china	DEFAULT	SERIF	0	11	S	127.48209018784834	30.569468133954903	41.886932	5.362463E-4
water.east-china	DEFAULT	SERIF	0	12	E	127.80142548432202	30.855859885503175	41.886932	5.362463E-4
water.east-china	DEFAULT	SERIF	0	13	A	128.16267295749356	31.17984003346032	41.886932	5.362463E-4
water.yellow	DEFAULT	SERIF	0	0	Y	121.27812188207216	35.24199418794936	-13.675356	5.362463E-4
water.yellow	DEFAULT	SERIF	0	1	E	121.65443151629249	35.150431246652666	-13.675356	5.362463E-4
water.yellow	DEFAULT	SERIF	0	2	L	122.02297875935461	35.06075703554332	-13.675356	5.362463E-4
water.yellow	DEFAULT	SERIF	0	3	L	122.40261513264277	34.968384638452044	-13.675356	5.362463E-4
water.yellow	DEFAULT	SERIF	0	4	O	122.78225150593092	34.87601224136077	-13.675356	5.362463E-4
water.yellow	DEFAULT	SERIF	0	5	W	123.26921466381307	34.816976643184354	-2.324644	5.362463E-4
water.yellow	DEFAULT	SERIF	0	6	\s	123.84890024894474	34.79344432353067	-2.324644	5.362463E-4
water.yellow	DEFAULT	SERIF	0	7	S	124.02034851829569	34.78648438596811	-2.324644	5.362463E-4
water.yellow	DEFAULT	SERIF	0	8	E	124.3428902075934	34.77339081536903	-2.324644	5.362463E-4
water.yellow	DEFAULT	SERIF	0	9	A	124.72187811792784	34.75800581205064	-2.324644	5.362463E-4
water.okhotsk	DEFAULT	SERIF	0	0	S	147.64951131543665	53.49961179303508	-7.886934	5.362463E-4
water.okhotsk	DEFAULT	SERIF	0	1	E	147.95435046867044	53.45738271850023	-7.886934	5.362463E-4
water.okhotsk	DEFAULT	SERIF	0	2	A	148.3125378208969	53.40776336929868	-7.886934	5.362463E-4
water.okhotsk	DEFAULT	SERIF	0	3	\s	148.73970062232598	53.348588917497764	-7.886934	5.362463E-4
water.okhotsk	DEFAULT	SERIF	0	4	O	148.90173904088246	53.32614189131316	-7.886934	5.362463E-4
water.okhotsk	DEFAULT	SERIF	0	5	F	149.36716166179113	53.261667343539166	-7.886934	5.362463E-4
water.okhotsk	DEFAULT	SERIF	0	6	\s	149.697327737779	53.21592975476861	-7.886934	5.362463E-4
water.okhotsk	DEFAULT	SERIF	0	7	O	149.85936615633548	53.19348272858401	-7.886934	5.362463E-4
water.okhotsk	DEFAULT	SERIF	0	8	K	150.31609123809932	53.0880894762709	-16.113066	5.362463E-4
water.okhotsk	DEFAULT	SERIF	0	9	H	150.7246431928587	52.97006607685755	-16.113066	5.362463E-4
water.okhotsk	DEFAULT	SERIF	0	10	O	151.20061641173984	52.83256587237278	-16.113066	5.362463E-4
water.okhotsk	DEFAULT	SERIF	0	11	T	151.6520252940805	52.70216186818535	-16.113066	5.362463E-4
water.okhotsk	DEFAULT	SERIF	0	12	S	152.0548281487985	52.58579928160754	-16.113066	5.362463E-4
water.okhotsk	DEFAULT	SERIF	0	13	K	152.35048868456335	52.50038820696492	-16.113066	5.362463E-4
water.philippine	DEFAULT	SERIF	0	0	P	126.22806211389752	19.327755184606218	-55.996704	6.2077213E-4
water.philippine	DEFAULT	SERIF	0	1	H	126.51529988532872	18.901960523434187	-55.996704	6.2077213E-4
water.philippine	DEFAULT	SERIF	0	2	I	126.89236910319039	18.34300179333305	-55.996704	6.2077213E-4
water.philippine	DEFAULT	SERIF	0	3	L	127.1057918876322	18.026628770195764	-55.996704	6.2077213E-4
water.philippine	DEFAULT	SERIF	0	4	I	127.404171543892	17.584317635358097	-55.996704	6.2077213E-4
water.philippine	DEFAULT	SERIF	0	5	P	127.61759432833384	17.267944612220816	-55.996704	6.2077213E-4
water.philippine	DEFAULT	SERIF	0	6	P	127.90483209976503	16.842149951048786	-55.996704	6.2077213E-4
water.philippine	DEFAULT	SERIF	0	7	I	128.22893126835876	16.445154569672507	-48.003296	6.2077213E-4
water.philippine	DEFAULT	SERIF	0	8	N	128.48427501637323	16.161533792863306	-48.003296	6.2077213E-4
water.philippine	DEFAULT	SERIF	0	9	E	128.92791063490347	15.668769510677862	-48.003296	6.2077213E-4
water.philippine	DEFAULT	SERIF	0	10	\s	129.2765671683063	15.281502394921144	-48.003296	6.2077213E-4
water.philippine	DEFAULT	SERIF	0	11	S	129.473590425453	15.062660579954159	-48.003296	6.2077213E-4
water.philippine	DEFAULT	SERIF	0	12	E	129.78100604031366	14.721201444357312	-48.003296	6.2077213E-4
water.philippine	DEFAULT	SERIF	0	13	A	130.12966257371647	14.333934328600598	-48.003296	6.2077213E-4
water.java	DEFAULT	SERIF	0	0	J	109.01701701263903	-3.726236367050822	-17.180534	8.7348867E-4
water.java	DEFAULT	SERIF	0	1	A	109.74695826139859	-3.9519192184547522	-17.180534	8.7348867E-4
water.java	DEFAULT	SERIF	0	2	V	110.69164168893532	-4.243995944226856	-17.180534	8.7348867E-4
water.java	DEFAULT	SERIF	0	3	A	111.62412385631427	-4.532300290773499	-17.180534	8.7348867E-4
water.java	DEFAULT	SERIF	0	4	\s	112.59685319826971	-4.665320731988229	-2.8194647	8.7348867E-4
water.java	DEFAULT	SERIF	0	5	S	113.27067203779407	-4.69850543361747	-2.8194647	8.7348867E-4
water.java	DEFAULT	SERIF	0	6	E	114.11350342290615	-4.7400137829537625	-2.8194647	8.7348867E-4
water.java	DEFAULT	SERIF	0	7	A	115.019475343917	-4.784631721433438	-2.8194647	8.7348867E-4
water.banda	DEFAULT	SERIF	0	0	B	126.39151394053552	-5.629337704623912	5.659808	2.144985E-4
water.banda	DEFAULT	SERIF	0	1	A	126.54582574283128	-5.614044656288095	5.659808	2.144985E-4
water.banda	DEFAULT	SERIF	0	2	N	126.7236983118001	-5.596416621657002	5.659808	2.144985E-4
water.banda	DEFAULT	SERIF	0	3	D	126.92400970617183	-5.576564790554219	5.659808	2.144985E-4
water.banda	DEFAULT	SERIF	0	4	A	127.11111416320045	-5.5355394690048705	18.34019	2.144985E-4
water.banda	DEFAULT	SERIF	0	5	\s	127.28077880825101	-5.479296188371626	18.34019	2.144985E-4
water.banda	DEFAULT	SERIF	0	6	S	127.34513879155706	-5.457961062237631	18.34019	2.144985E-4
water.banda	DEFAULT	SERIF	0	7	E	127.46621774917672	-5.417823779716845	18.34019	2.144985E-4
water.banda	DEFAULT	SERIF	0	8	A	127.60848605946448	-5.370662295376088	18.34019	2.144985E-4
water.celebes	DEFAULT	SERIF	0	0	C	121.2538813983228	4.18602826084032	-8.863622	2.144985E-4
water.celebes	DEFAULT	SERIF	0	1	E	121.45102344010859	4.155284867984513	-8.863622	2.144985E-4
water.celebes	DEFAULT	SERIF	0	2	L	121.61266191941661	4.130078092073257	-8.863622	2.144985E-4
water.celebes	DEFAULT	SERIF	0	3	E	121.77916390043391	4.104112875484664	-8.863622	2.144985E-4
water.celebes	DEFAULT	SERIF	0	4	B	121.94080237974194	4.078906099573408	-8.863622	2.144985E-4
water.celebes	DEFAULT	SERIF	0	5	E	122.10403071333177	4.036771268209084	-19.13638	2.144985E-4
water.celebes	DEFAULT	SERIF	0	6	S	122.25858288403	3.9831428608365917	-19.13638	2.144985E-4
water.celebes	DEFAULT	SERIF	0	7	\s	122.39011615161539	3.937501834733659	-19.13638	2.144985E-4
water.celebes	DEFAULT	SERIF	0	8	S	122.46003316339358	3.9132411726351055	-19.13638	2.144985E-4
water.celebes	DEFAULT	SERIF	0	9	E	122.59156643097894	3.8676001465321725	-19.13638	2.144985E-4
water.celebes	DEFAULT	SERIF	0	10	A	122.7461186016772	3.8139717391596797	-19.13638	2.144985E-4
water.sulu	DEFAULT	SERIF	0	0	S	119.47821235289983	8.169539083793872	-10.819465	2.144985E-4
water.sulu	DEFAULT	SERIF	0	1	U	119.61603029110017	8.143200379690107	-10.819465	2.144985E-4
water.sulu	DEFAULT	SERIF	0	2	L	119.82035750476223	8.104150934521597	-10.819465	2.144985E-4
water.sulu	DEFAULT	SERIF	0	3	U	119.98716666559973	8.072271650979353	-10.819465	2.144985E-4
water.sulu	DEFAULT	SERIF	0	4	\s	120.17811278931973	7.992039445586702	-25.180536	2.144985E-4
water.sulu	DEFAULT	SERIF	0	5	S	120.2456087267076	7.9603062708856775	-25.180536	2.144985E-4
water.sulu	DEFAULT	SERIF	0	6	E	120.37258728267808	7.900607378539919	-25.180536	2.144985E-4
water.sulu	DEFAULT	SERIF	0	7	A	120.52178764710017	7.830460916206129	-25.180536	2.144985E-4
water.labrador	DEFAULT	SERIF	0	0	L	-55.92392673379532	58.856587370317634	-19.309315	5.362463E-4
water.labrador	DEFAULT	SERIF	0	1	A	-55.57536555024785	58.734459354714545	-19.309315	5.362463E-4
water.labrador	DEFAULT	SERIF	0	2	B	-55.17182465613645	58.59306768249522	-19.309315	5.362463E-4
water.labrador	DEFAULT	SERIF	0	3	R	-54.821736258406645	58.470404565319456	-19.309315	5.362463E-4
water.labrador	DEFAULT	SERIF	0	4	A	-54.40750486501892	58.32526718209142	-19.309315	5.362463E-4
water.labrador	DEFAULT	SERIF	0	5	D	-54.00396397090752	58.183875509872095	-19.309315	5.362463E-4
water.labrador	DEFAULT	SERIF	0	6	O	-53.59429666121553	57.97429485605743	-28.690685	5.362463E-4
water.labrador	DEFAULT	SERIF	0	7	R	-53.185604267177546	57.75062866346895	-28.690685	5.362463E-4
water.labrador	DEFAULT	SERIF	0	8	\s	-52.8005712684179	57.53991061216728	-28.690685	5.362463E-4
water.labrador	DEFAULT	SERIF	0	9	S	-52.658283665213986	57.46204049046837	-28.690685	5.362463E-4
water.labrador	DEFAULT	SERIF	0	10	E	-52.39060126703488	57.315545219949314	-28.690685	5.362463E-4
water.labrador	DEFAULT	SERIF	0	11	A	-52.07607326620468	57.143412629682366	-28.690685	5.362463E-4
water.gulf-st-lawrence	DEFAULT	SERIF	0	0	G	-63.23667780926891	48.401820978125635	-21.042759	2.144985E-4
water.gulf-st-lawrence	DEFAULT	SERIF	0	1	U	-63.07346951495392	48.339031395819795	-21.042759	2.144985E-4
water.gulf-st-lawrence	DEFAULT	SERIF	0	2	L	-62.90849085225417	48.275560716441824	-21.042759	2.144985E-4
water.gulf-st-lawrence	DEFAULT	SERIF	0	3	F	-62.77380515969363	48.22374436474264	-21.042759	2.144985E-4
water.gulf-st-lawrence	DEFAULT	SERIF	0	4	\s	-62.653282414211176	48.17737678962057	-21.042759	2.144985E-4
water.gulf-st-lawrence	DEFAULT	SERIF	0	5	O	-62.594132439400376	48.154620579665924	-21.042759	2.144985E-4
water.gulf-st-lawrence	DEFAULT	SERIF	0	6	F	-62.42423608674296	48.08925796397646	-21.042759	2.144985E-4
water.gulf-st-lawrence	DEFAULT	SERIF	0	7	\s	-62.3037133412605	48.04289038885438	-21.042759	2.144985E-4
water.gulf-st-lawrence	DEFAULT	SERIF	0	8	S	-62.244563366449704	48.02013417889974	-21.042759	2.144985E-4
water.gulf-st-lawrence	DEFAULT	SERIF	0	9	T	-62.133285878087655	47.97732344404327	-21.042759	2.144985E-4
water.gulf-st-lawrence	DEFAULT	SERIF	0	10	\s	-61.98028872136653	47.923291001843886	-14.957241	2.144985E-4
water.gulf-st-lawrence	DEFAULT	SERIF	0	11	L	-61.91905962191833	47.9069336795575	-14.957241	2.144985E-4
water.gulf-st-lawrence	DEFAULT	SERIF	0	12	A	-61.77963972038132	47.86968772488676	-14.957241	2.144985E-4
water.gulf-st-lawrence	DEFAULT	SERIF	0	13	W	-61.61822865575684	47.82656684235792	-14.957241	2.144985E-4
water.gulf-st-lawrence	DEFAULT	SERIF	0	14	R	-61.41120628991387	47.77126092427155	-14.957241	2.144985E-4
water.gulf-st-lawrence	DEFAULT	SERIF	0	15	E	-61.245519165800154	47.7269976946592	-14.957241	2.144985E-4
water.gulf-st-lawrence	DEFAULT	SERIF	0	16	N	-61.110171701871934	47.69083968959181	-14.957241	2.144985E-4
water.gulf-st-lawrence	DEFAULT	SERIF	0	17	C	-60.92839844920349	47.64227905904622	-14.957241	2.144985E-4
water.gulf-st-lawrence	DEFAULT	SERIF	0	18	E	-60.76332219073109	47.598179021874365	-14.957241	2.144985E-4
water.english-channel	DEFAULT	SERIF	0	0	E	-4.130944205032604	49.630244905369295	4.2786865	5.362463E-4
water.english-channel	DEFAULT	SERIF	0	1	N	-3.78672566015575	49.65599806275143	4.2786865	5.362463E-4
water.english-channel	DEFAULT	SERIF	0	2	G	-3.3244360633277568	49.690584859193486	4.2786865	5.362463E-4
water.english-channel	DEFAULT	SERIF	0	3	L	-2.8947713624336306	49.722730781684774	4.2786865	5.362463E-4
water.english-channel	DEFAULT	SERIF	0	4	I	-2.540195707736501	49.749258819686204	4.2786865	5.362463E-4
water.english-channel	DEFAULT	SERIF	0	5	S	-2.3119767928467327	49.76633331413228	4.2786865	5.362463E-4
water.english-channel	DEFAULT	SERIF	0	6	H	-2.0190259415802423	49.78825081244893	4.2786865	5.362463E-4
water.english-channel	DEFAULT	SERIF	0	7	\s	-1.5474149459140008	49.82353500144835	4.2786865	5.362463E-4
water.english-channel	DEFAULT	SERIF	0	8	C	-1.3932221765230017	49.846046066519975	11.721313	5.362463E-4
water.english-channel	DEFAULT	SERIF	0	9	H	-0.9810023454269285	49.931572618449664	11.721313	5.362463E-4
water.english-channel	DEFAULT	SERIF	0	10	A	-0.5179351193516912	50.02764888691194	11.721313	5.362463E-4
water.english-channel	DEFAULT	SERIF	0	11	N	-0.11486781935186663	50.111276489865766	11.721313	5.362463E-4
water.english-channel	DEFAULT	SERIF	0	12	N	0.33904687562712055	50.20545380935218	11.721313	5.362463E-4
water.english-channel	DEFAULT	SERIF	0	13	E	0.7929615706061082	50.29963112883859	11.721313	5.362463E-4
water.english-channel	DEFAULT	SERIF	0	14	L	1.1309442050326037	50.369755094630705	11.721313	5.362463E-4
water.irish	DEFAULT	SERIF	0	0	I	-5.192233291860767	52.908366762343114	78.340195	2.144985E-4
water.irish	DEFAULT	SERIF	0	1	R	-5.168524320574341	53.02325886090994	78.340195	2.144985E-4
water.irish	DEFAULT	SERIF	0	2	I	-5.1247485322018305	53.23539342093677	78.340195	2.144985E-4
water.irish	DEFAULT	SERIF	0	3	S	-5.101039560915404	53.35028551950359	78.340195	2.144985E-4
water.irish	DEFAULT	SERIF	0	4	H	-5.070605784975465	53.49776557432377	78.340195	2.144985E-4
water.irish	DEFAULT	SERIF	0	5	\s	-4.9757496768368625	53.720286963093876	65.659805	2.144985E-4
water.irish	DEFAULT	SERIF	0	6	S	-4.942758703884491	53.793217421431734	65.659805	2.144985E-4
water.irish	DEFAULT	SERIF	0	7	E	-4.880693544592315	53.93041981678168	65.659805	2.144985E-4
water.irish	DEFAULT	SERIF	0	8	A	-4.807766708139233	54.091633237656886	65.659805	2.144985E-4
water.biscay	DEFAULT	SERIF	0	0	B	-8.170900785068609	45.461439206600936	-7.547996	5.362463E-4
water.biscay	DEFAULT	SERIF	0	1	A	-7.768045729805053	45.40805897655443	-7.547996	5.362463E-4
water.biscay	DEFAULT	SERIF	0	2	Y	-7.303681614191529	45.34652850053601	-7.547996	5.362463E-4
water.biscay	DEFAULT	SERIF	0	3	\s	-6.906098764100828	45.29384686300138	-7.547996	5.362463E-4
water.biscay	DEFAULT	SERIF	0	4	O	-6.729948531270013	45.27050611096563	-7.547996	5.362463E-4
water.biscay	DEFAULT	SERIF	0	5	F	-6.223992574848415	45.20346451624239	-7.547996	5.362463E-4
water.biscay	DEFAULT	SERIF	0	6	\s	-5.868296010711352	45.14074075985326	-16.452003	5.362463E-4
water.biscay	DEFAULT	SERIF	0	7	B	-5.69788122651619	45.090416843474856	-16.452003	5.362463E-4
water.biscay	DEFAULT	SERIF	0	8	I	-5.308143125116078	44.97532619733774	-16.452003	5.362463E-4
water.biscay	DEFAULT	SERIF	0	9	S	-5.058386572423001	44.90157245624043	-16.452003	5.362463E-4
water.biscay	DEFAULT	SERIF	0	10	C	-4.7377891549996445	44.80689922878694	-16.452003	5.362463E-4
water.biscay	DEFAULT	SERIF	0	11	A	-4.278343642704937	44.67122380807536	-16.452003	5.362463E-4
water.biscay	DEFAULT	SERIF	0	12	Y	-3.829099214931391	44.538560793399064	-16.452003	5.362463E-4
water.adriatic	DEFAULT	SERIF	0	0	A	14.018380134662827	44.11600997047513	-27.309315	5.362463E-4
water.adriatic	DEFAULT	SERIF	0	1	D	14.429087335102853	43.90394360553911	-27.309315	5.362463E-4
water.adriatic	DEFAULT	SERIF	0	2	R	14.871917465311116	43.67529074555322	-27.309315	5.362463E-4
water.adriatic	DEFAULT	SERIF	0	3	I	15.2935050129307	43.45760637422934	-27.309315	5.362463E-4
water.adriatic	DEFAULT	SERIF	0	4	A	15.521836870170413	43.33970849731841	-27.309315	5.362463E-4
water.adriatic	DEFAULT	SERIF	0	5	T	15.928973600556802	43.12192818587066	-36.690685	5.362463E-4
water.adriatic	DEFAULT	SERIF	0	6	I	16.289333137937362	42.853415595221186	-36.690685	5.362463E-4
water.adriatic	DEFAULT	SERIF	0	7	C	16.49539314588288	42.69987530885915	-36.690685	5.362463E-4
water.adriatic	DEFAULT	SERIF	0	8	\s	16.874455656528283	42.417426681326354	-36.690685	5.362463E-4
water.adriatic	DEFAULT	SERIF	0	9	S	17.015055258046818	42.31266252405596	-36.690685	5.362463E-4
water.adriatic	DEFAULT	SERIF	0	10	E	17.279562057445	42.115572122433534	-36.690685	5.362463E-4
water.adriatic	DEFAULT	SERIF	0	11	A	17.590358715673695	41.88399002952487	-36.690685	5.362463E-4
water.aegean	DEFAULT	SERIF	0	0	A	23.29919695184406	37.63848315200608	17.675356	5.362463E-4
water.aegean	DEFAULT	SERIF	0	1	E	23.727109709737753	37.77484476062458	17.675356	5.362463E-4
water.aegean	DEFAULT	SERIF	0	2	G	24.085925920374738	37.88918759050817	17.675356	5.362463E-4
water.aegean	DEFAULT	SERIF	0	3	E	24.533811898959822	38.03191400235473	17.675356	5.362463E-4
water.aegean	DEFAULT	SERIF	0	4	A	24.892628109596806	38.146256832238315	17.675356	5.362463E-4
water.aegean	DEFAULT	SERIF	0	5	N	25.335925649043563	38.21023873433452	6.324644	5.362463E-4
water.aegean	DEFAULT	SERIF	0	6	\s	25.83861813777515	38.26595536609611	6.324644	5.362463E-4
water.aegean	DEFAULT	SERIF	0	7	S	26.007946726731785	38.2847231393354	6.324644	5.362463E-4
water.aegean	DEFAULT	SERIF	0	8	E	26.326500710013356	38.3200305198524	6.324644	5.362463E-4
water.aegean	DEFAULT	SERIF	0	9	A	26.70080304815594	38.36151684799392	6.324644	5.362463E-4
water.tyrrhenian	DEFAULT	SERIF	0	0	T	11.12651760533652	40.464438827632826	-31.996704	2.144985E-4
water.tyrrhenian	DEFAULT	SERIF	0	1	Y	11.267394962320651	40.37642015473009	-31.996704	2.144985E-4
water.tyrrhenian	DEFAULT	SERIF	0	2	R	11.39145550751999	40.298908446803416	-31.996704	2.144985E-4
water.tyrrhenian	DEFAULT	SERIF	0	3	R	11.540192896099185	40.205978909835785	-31.996704	2.144985E-4
water.tyrrhenian	DEFAULT	SERIF	0	4	H	11.688930284678383	40.113049372868154	-31.996704	2.144985E-4
water.tyrrhenian	DEFAULT	SERIF	0	5	E	11.85539844220459	40.00904184021924	-31.996704	2.144985E-4
water.tyrrhenian	DEFAULT	SERIF	0	6	N	11.977621399651074	39.934485947932885	-24.003296	2.144985E-4
water.tyrrhenian	DEFAULT	SERIF	0	7	I	12.153391221020241	39.8562160635074	-24.003296	2.144985E-4
water.tyrrhenian	DEFAULT	SERIF	0	8	A	12.240163664480969	39.81757650031001	-24.003296	2.144985E-4
water.tyrrhenian	DEFAULT	SERIF	0	9	N	12.396243800472163	39.74807438606773	-24.003296	2.144985E-4
water.tyrrhenian	DEFAULT	SERIF	0	10	\s	12.57201362184133	39.66980450164225	-24.003296	2.144985E-4
water.tyrrhenian	DEFAULT	SERIF	0	11	S	12.631220505772896	39.643439816701346	-24.003296	2.144985E-4
water.tyrrhenian	DEFAULT	SERIF	0	12	E	12.74260505595609	39.59384054077495	-24.003296	2.144985E-4
water.tyrrhenian	DEFAULT	SERIF	0	13	A	12.87348239466348	39.535561172367174	-24.003296	2.144985E-4
water.ionian	DEFAULT	SERIF	0	0	I	18.338521171786393	36.78507250007234	12.324644	2.144985E-4
water.ionian	DEFAULT	SERIF	0	1	O	18.441326543263262	36.80753402123827	12.324644	2.144985E-4
water.ionian	DEFAULT	SERIF	0	2	N	18.642808275381647	36.851554933039985	12.324644	2.144985E-4
water.ionian	DEFAULT	SERIF	0	3	I	18.851055053501458	36.897053911812	12.324644	2.144985E-4
water.ionian	DEFAULT	SERIF	0	4	A	18.95386042497833	36.91951543297793	12.324644	2.144985E-4
water.ionian	DEFAULT	SERIF	0	5	N	19.131433623013812	36.982525785315055	23.675356	2.144985E-4
water.ionian	DEFAULT	SERIF	0	6	\s	19.32665243425313	37.068120723278035	23.675356	2.144985E-4
water.ionian	DEFAULT	SERIF	0	7	S	19.39241057981117	37.09695280331105	23.675356	2.144985E-4
water.ionian	DEFAULT	SERIF	0	8	E	19.516119867946134	37.151193932924194	23.675356	2.144985E-4
water.ionian	DEFAULT	SERIF	0	9	A	19.661478828213607	37.21492749992766	23.675356	2.144985E-4
water.marmara	DEFAULT	SERIF	0	0	S	27.044065554172015	40.59952724110713	10.113066	2.144985E-4
water.marmara	DEFAULT	SERIF	0	1	E	27.159269840769653	40.62007535657837	10.113066	2.144985E-4
water.marmara	DEFAULT	SERIF	0	2	A	27.294635386644586	40.64421948306543	10.113066	2.144985E-4
water.marmara	DEFAULT	SERIF	0	3	\s	27.456068015221476	40.67301299753254	10.113066	2.144985E-4
water.marmara	DEFAULT	SERIF	0	4	O	27.51730529466272	40.683935426951315	10.113066	2.144985E-4
water.marmara	DEFAULT	SERIF	0	5	F	27.69319700817585	40.71530789881362	10.113066	2.144985E-4
water.marmara	DEFAULT	SERIF	0	6	\s	27.817972801703114	40.73756321143378	10.113066	2.144985E-4
water.marmara	DEFAULT	SERIF	0	7	M	27.879210081144354	40.74848564085255	10.113066	2.144985E-4
water.marmara	DEFAULT	SERIF	0	8	A	28.084582734340607	40.77176597063974	1.8869339	2.144985E-4
water.marmara	DEFAULT	SERIF	0	9	R	28.24847418094069	40.777165394307616	1.8869339	2.144985E-4
water.marmara	DEFAULT	SERIF	0	10	M	28.41670739665721	40.7827078580878	1.8869339	2.144985E-4
water.marmara	DEFAULT	SERIF	0	11	A	28.623809783511383	40.78953087144482	1.8869339	2.144985E-4
water.marmara	DEFAULT	SERIF	0	12	R	28.787701230111463	40.79493029511269	1.8869339	2.144985E-4
water.marmara	DEFAULT	SERIF	0	13	A	28.955934445827985	40.80047275889287	1.8869339	2.144985E-4
water.mozambique-channel	DEFAULT	SERIF	0	0	M	39.494123015207975	-20.832142698854295	58.91634	5.362463E-4
water.mozambique-channel	DEFAULT	SERIF	0	1	O	39.7472900912139	-20.412192113521176	58.91634	5.362463E-4
water.mozambique-channel	DEFAULT	SERIF	0	2	Z	39.965579402930295	-20.05009635575716	58.91634	5.362463E-4
water.mozambique-channel	DEFAULT	SERIF	0	3	A	40.14343072706464	-19.75507865894283	58.91634	5.362463E-4
water.mozambique-channel	DEFAULT	SERIF	0	4	M	40.3437756817915	-19.422748790725233	58.91634	5.362463E-4
water.mozambique-channel	DEFAULT	SERIF	0	5	B	40.59694275779742	-19.002798205392118	58.91634	5.362463E-4
water.mozambique-channel	DEFAULT	SERIF	0	6	I	40.770750283173555	-18.714488314672753	58.91634	5.362463E-4
water.mozambique-channel	DEFAULT	SERIF	0	7	Q	40.88213166521989	-18.529730180544465	58.91634	5.362463E-4
water.mozambique-channel	DEFAULT	SERIF	0	8	U	41.10042097693629	-18.16763442278045	58.91634	5.362463E-4
water.mozambique-channel	DEFAULT	SERIF	0	9	E	41.282986034972616	-17.800384261199497	65.083664	5.362463E-4
water.mozambique-channel	DEFAULT	SERIF	0	10	\s	41.42007042756992	-17.50528161172099	65.083664	5.362463E-4
water.mozambique-channel	DEFAULT	SERIF	0	11	C	41.48208528668532	-17.37178173704341	65.083664	5.362463E-4
water.mozambique-channel	DEFAULT	SERIF	0	12	H	41.64927998666822	-17.011860392177717	65.083664	5.362463E-4
water.mozambique-channel	DEFAULT	SERIF	0	13	A	41.83709818486043	-16.607542680608475	65.083664	5.362463E-4
water.mozambique-channel	DEFAULT	SERIF	0	14	N	42.00058065516565	-16.255612681749422	65.083664	5.362463E-4
water.mozambique-channel	DEFAULT	SERIF	0	15	N	42.184686623680186	-15.859286316186816	65.083664	5.362463E-4
water.mozambique-channel	DEFAULT	SERIF	0	16	E	42.36879259219472	-15.462959950624212	65.083664	5.362463E-4
water.mozambique-channel	DEFAULT	SERIF	0	17	L	42.505876984792025	-15.167857301145705	65.083664	5.362463E-4
water.drake	DEFAULT	SERIF	0	0	D	-68.28402264947489	-56.84028557771545	0.31602752	5.362463E-4
water.drake	DEFAULT	SERIF	0	1	R	-67.81718233194809	-56.83771059077665	0.31602752	5.362463E-4
water.drake	DEFAULT	SERIF	0	2	A	-67.37273636684739	-56.835259126084836	0.31602752	5.362463E-4
water.drake	DEFAULT	SERIF	0	3	K	-66.9397606798186	-56.83287092888537	0.31602752	5.362463E-4
water.drake	DEFAULT	SERIF	0	4	E	-66.51279323368463	-56.83051587180095	0.31602752	5.362463E-4
water.drake	DEFAULT	SERIF	0	5	\s	-66.14973162252274	-56.828513305031066	0.31602752	5.362463E-4
water.drake	DEFAULT	SERIF	0	6	P	-65.98551397169821	-56.82797643338916	-8.316028	5.362463E-4
water.drake	DEFAULT	SERIF	0	7	A	-65.63274998030944	-56.87953991818436	-8.316028	5.362463E-4
water.drake	DEFAULT	SERIF	0	8	S	-65.20432035571335	-56.942163442616966	-8.316028	5.362463E-4
water.drake	DEFAULT	SERIF	0	9	S	-64.89857715067487	-56.98685390278036	-8.316028	5.362463E-4
water.drake	DEFAULT	SERIF	0	10	A	-64.59283394563637	-57.031544362943755	-8.316028	5.362463E-4
water.drake	DEFAULT	SERIF	0	11	G	-64.16440432104028	-57.09416788737635	-8.316028	5.362463E-4
water.drake	DEFAULT	SERIF	0	12	E	-63.71597735052511	-57.15971442228455	-8.316028	5.362463E-4
water.rio-de-la-plata	DEFAULT	SERIF	0	0	R	-56.61441609595106	-34.966225953170984	-16.071693	3.5472692E-4
water.rio-de-la-plata	DEFAULT	SERIF	0	1	I	-56.34903223528008	-35.042683051644545	-16.071693	3.5472692E-4
water.rio-de-la-plata	DEFAULT	SERIF	0	2	O	-56.205300310249115	-35.0840922236948	-16.071693	3.5472692E-4
water.rio-de-la-plata	DEFAULT	SERIF	0	3	\s	-55.923609219599584	-35.165247435629944	-16.071693	3.5472692E-4
water.rio-de-la-plata	DEFAULT	SERIF	0	4	D	-55.82553753850857	-35.19350188998781	-16.071693	3.5472692E-4
water.rio-de-la-plata	DEFAULT	SERIF	0	5	E	-55.54678174925519	-35.273811441499866	-16.071693	3.5472692E-4
water.rio-de-la-plata	DEFAULT	SERIF	0	6	\s	-55.32999343392031	-35.33626816185795	-16.071693	3.5472692E-4
water.rio-de-la-plata	DEFAULT	SERIF	0	7	L	-55.23192175282928	-35.36452261621582	-16.071693	3.5472692E-4
water.rio-de-la-plata	DEFAULT	SERIF	0	8	A	-55.016001858759324	-35.44916604823047	-23.928307	3.5472692E-4
water.rio-de-la-plata	DEFAULT	SERIF	0	9	\s	-54.770075371279965	-35.55829105915725	-23.928307	3.5472692E-4
water.rio-de-la-plata	DEFAULT	SERIF	0	10	P	-54.67678649177316	-35.59968615286948	-23.928307	3.5472692E-4
water.rio-de-la-plata	DEFAULT	SERIF	0	11	L	-54.47429346997704	-35.689538423125455	-23.928307	3.5472692E-4
water.rio-de-la-plata	DEFAULT	SERIF	0	12	A	-54.261872798881896	-35.78379589124905	-23.928307	3.5472692E-4
water.rio-de-la-plata	DEFAULT	SERIF	0	13	T	-54.01594631140254	-35.89292090217584	-23.928307	3.5472692E-4
water.rio-de-la-plata	DEFAULT	SERIF	0	14	A	-53.77684508281625	-35.99901733956863	-23.928307	3.5472692E-4
islands.british-isles	DEFAULT	ITALIC	0	0	B	-7.169131159279471	52.49279013794181	68.14496	7.54717E-4
islands.british-isles	DEFAULT	ITALIC	0	1	r	-6.878517859342652	53.21735573559997	68.14496	7.54717E-4
islands.british-isles	DEFAULT	ITALIC	0	2	i	-6.685961144874025	53.69744378020214	68.14496	7.54717E-4
islands.british-isles	DEFAULT	ITALIC	0	3	t	-6.536589973228177	54.069860363613856	68.14496	7.54717E-4
islands.british-isles	DEFAULT	ITALIC	0	4	i	-6.388234932001689	54.43974350087991	68.14496	7.54717E-4
islands.british-isles	DEFAULT	ITALIC	0	5	s	-6.238863760355842	54.81216008429163	68.14496	7.54717E-4
islands.british-isles	DEFAULT	ITALIC	0	6	h	-6.088187096139918	55.15690242664324	61.85504	7.54717E-4
islands.british-isles	DEFAULT	ITALIC	0	7	\s	-5.7740184793223746	55.744178426890294	61.85504	7.54717E-4
islands.british-isles	DEFAULT	ITALIC	0	8	I	-5.6452608494791185	55.984865312237446	61.85504	7.54717E-4
islands.british-isles	DEFAULT	ITALIC	0	9	s	-5.412209539462827	56.4205085747158	61.85504	7.54717E-4
islands.british-isles	DEFAULT	ITALIC	0	10	l	-5.234524010279134	56.75265647649486	61.85504	7.54717E-4
islands.british-isles	DEFAULT	ITALIC	0	11	e	-5.050400599603279	57.09683872254129	61.85504	7.54717E-4
islands.british-isles	DEFAULT	ITALIC	0	12	s	-4.830868840720529	57.50720986205819	61.85504	7.54717E-4
islands.azores	DEFAULT	ITALIC	0	0	A	-28.87	38.5	6.5569463	4.965243E-4
islands.azores	DEFAULT	ITALIC	0	1	z	-28.34116859122402	38.56078521939954	6.5569463	4.965243E-4
islands.azores	DEFAULT	ITALIC	0	2	o	-28.01406466512702	38.59838337182448	6.5569463	4.965243E-4
islands.azores	DEFAULT	ITALIC	0	3	r	-27.708660508083142	38.566512702078526	-6.5569463	4.965243E-4
islands.azores	DEFAULT	ITALIC	0	4	e	-27.404060046189375	38.531501154734414	-6.5569463	4.965243E-4
islands.azores	DEFAULT	ITALIC	0	5	s	-27.13	38.5	-6.5569463	4.965243E-4
islands.canaries	DEFAULT	ITALIC	0	0	C	-16.107218393946773	26.33117394548002	74.9133	4.965243E-4
islands.canaries	DEFAULT	ITALIC	0	1	a	-15.99143797818103	26.760671692791796	74.9133	4.965243E-4
islands.canaries	DEFAULT	ITALIC	0	2	n	-15.901345768765848	27.094876754487647	74.9133	4.965243E-4
islands.canaries	DEFAULT	ITALIC	0	3	a	-15.804648020574808	27.45358564962759	74.9133	4.965243E-4
islands.canaries	DEFAULT	ITALIC	0	4	r	-15.714555811159626	27.787790711323442	74.9133	4.965243E-4
islands.canaries	DEFAULT	ITALIC	0	5	y	-15.645014166824891	28.045761624526556	74.9133	4.965243E-4
islands.canaries	DEFAULT	ITALIC	0	6	\s	-15.561637683853935	28.31848462284343	69.0867	4.965243E-4
islands.canaries	DEFAULT	ITALIC	0	7	I	-15.511309912762837	28.450188267062885	69.0867	4.965243E-4
islands.canaries	DEFAULT	ITALIC	0	8	s	-15.420216647087946	28.688571863100098	69.0867	4.965243E-4
islands.canaries	DEFAULT	ITALIC	0	9	l	-15.35076432298223	28.870322892122942	69.0867	4.965243E-4
islands.canaries	DEFAULT	ITALIC	0	10	a	-15.278795610321957	29.058659103356764	69.0867	4.965243E-4
islands.canaries	DEFAULT	ITALIC	0	11	n	-15.15524093229331	29.381991549915526	69.0867	4.965243E-4
islands.canaries	DEFAULT	ITALIC	0	12	d	-15.022627255468263	29.729030652433785	69.0867	4.965243E-4
islands.canaries	DEFAULT	ITALIC	0	13	s	-14.892781606053228	30.068826054519977	69.0867	4.965243E-4
islands.cape-verde	DEFAULT	ITALIC	0	0	C	-26.35862016041198	16.766362146049868	-15.690937	4.965243E-4
islands.cape-verde	DEFAULT	ITALIC	0	1	a	-25.929050846005993	16.645688969987408	-15.690937	4.965243E-4
islands.cape-verde	DEFAULT	ITALIC	0	2	p	-25.594790095810524	16.551789557235157	-15.690937	4.965243E-4
islands.cape-verde	DEFAULT	ITALIC	0	3	e	-25.295929669464677	16.46783468514099	-15.690937	4.965243E-4
islands.cape-verde	DEFAULT	ITALIC	0	4	\s	-25.063785238066195	16.40262144736397	-15.690937	4.965243E-4
islands.cape-verde	DEFAULT	ITALIC	0	5	V	-24.92763014633688	16.364373214063665	-15.690937	4.965243E-4
islands.cape-verde	DEFAULT	ITALIC	0	6	e	-24.46266050808127	16.23375549734312	-15.690937	4.965243E-4
islands.cape-verde	DEFAULT	ITALIC	0	7	r	-24.23051607668279	16.168542259566102	-15.690937	4.965243E-4
islands.cape-verde	DEFAULT	ITALIC	0	8	d	-23.972502177855738	16.096061857462026	-15.690937	4.965243E-4
islands.cape-verde	DEFAULT	ITALIC	0	9	e	-23.63021963003317	15.969689684502974	-20.309063	4.965243E-4
islands.cape-verde	DEFAULT	ITALIC	0	10	\s	-23.404079460462714	15.885997228944948	-20.309063	4.965243E-4
islands.cape-verde	DEFAULT	ITALIC	0	11	I	-23.27144592992286	15.836910744746692	-20.309063	4.965243E-4
islands.cape-verde	DEFAULT	ITALIC	0	12	s	-23.031379239645716	15.748064208347849	-20.309063	4.965243E-4
islands.cape-verde	DEFAULT	ITALIC	0	13	l	-22.848344967500715	15.680324860154256	-20.309063	4.965243E-4
islands.cape-verde	DEFAULT	ITALIC	0	14	a	-22.65867901882872	15.610131187750751	-20.309063	4.965243E-4
islands.cape-verde	DEFAULT	ITALIC	0	15	n	-22.33306370135337	15.489623869044033	-20.309063	4.965243E-4
islands.cape-verde	DEFAULT	ITALIC	0	16	d	-21.98357434838085	15.36028098318163	-20.309063	4.965243E-4
islands.cape-verde	DEFAULT	ITALIC	0	17	s	-21.64137983958802	15.23363785395013	-20.309063	4.965243E-4
islands.falklands	DEFAULT	ITALIC	0	0	F	-61.255	-51.7	2.539169	4.965243E-4
islands.falklands	DEFAULT	ITALIC	0	1	a	-60.885874738703976	-51.68363080881171	2.539169	4.965243E-4
islands.falklands	DEFAULT	ITALIC	0	2	l	-60.52980302299405	-51.667840488824574	2.539169	4.965243E-4
islands.falklands	DEFAULT	ITALIC	0	3	k	-60.322396687570354	-51.6586428686284	2.539169	4.965243E-4
islands.falklands	DEFAULT	ITALIC	0	4	l	-59.992432063032645	-51.64401029104358	2.539169	4.965243E-4
islands.falklands	DEFAULT	ITALIC	0	5	a	-59.78502572760894	-51.6348126708474	2.539169	4.965243E-4
islands.falklands	DEFAULT	ITALIC	0	6	n	-59.428954011899016	-51.61902235086027	2.539169	4.965243E-4
islands.falklands	DEFAULT	ITALIC	0	7	d	-59.046775205016885	-51.60207428847082	2.539169	4.965243E-4
islands.falklands	DEFAULT	ITALIC	0	8	\s	-58.672573564881816	-51.61452001929571	-2.539169	4.965243E-4
islands.falklands	DEFAULT	ITALIC	0	9	I	-58.527534169480624	-51.620951921530796	-2.539169	4.965243E-4
islands.falklands	DEFAULT	ITALIC	0	10	s	-58.26501286380447	-51.6325936645763	-2.539169	4.965243E-4
islands.falklands	DEFAULT	ITALIC	0	11	l	-58.06485849815083	-51.64146968966072	-2.539169	4.965243E-4
islands.falklands	DEFAULT	ITALIC	0	12	a	-57.85745216272713	-51.65066730985689	-2.539169	4.965243E-4
islands.falklands	DEFAULT	ITALIC	0	13	n	-57.501380447017205	-51.666457629844025	-2.539169	4.965243E-4
islands.falklands	DEFAULT	ITALIC	0	14	d	-57.11920164013507	-51.68340569223348	-2.539169	4.965243E-4
islands.falklands	DEFAULT	ITALIC	0	15	s	-56.745	-51.7	-2.539169	4.965243E-4
islands.aleutians	DEFAULT	ITALIC	0	0	A	-172.23305449501225	52.313835342664945	-5.4608307	4.965243E-4
islands.aleutians	DEFAULT	ITALIC	0	1	l	-171.74477594555347	52.26715634116219	-5.4608307	4.965243E-4
islands.aleutians	DEFAULT	ITALIC	0	2	e	-171.5325454514118	52.2468672918768	-5.4608307	4.965243E-4
islands.aleutians	DEFAULT	ITALIC	0	3	u	-171.27950140070442	52.22267650234422	-5.4608307	4.965243E-4
islands.aleutians	DEFAULT	ITALIC	0	4	t	-170.90179048630546	52.18656766987476	-5.4608307	4.965243E-4
islands.aleutians	DEFAULT	ITALIC	0	5	i	-170.6851076041748	52.16585297619877	-5.4608307	4.965243E-4
islands.aleutians	DEFAULT	ITALIC	0	6	a	-170.46694059271448	52.14499640105924	-5.4608307	4.965243E-4
islands.aleutians	DEFAULT	ITALIC	0	7	n	-170.10258684228245	52.110164501761595	-5.4608307	4.965243E-4
islands.aleutians	DEFAULT	ITALIC	0	8	\s	-169.71491995594792	52.04857799732017	-10.539169	4.965243E-4
islands.aleutians	DEFAULT	ITALIC	0	9	I	-169.56834550516083	52.021308370534236	-10.539169	4.965243E-4
islands.aleutians	DEFAULT	ITALIC	0	10	s	-169.30304574923625	51.971950346051685	-10.539169	4.965243E-4
islands.aleutians	DEFAULT	ITALIC	0	11	l	-169.10077300715008	51.93431826108709	-10.539169	4.965243E-4
islands.aleutians	DEFAULT	ITALIC	0	12	a	-168.89117154252457	51.895322694783204	-10.539169	4.965243E-4
islands.aleutians	DEFAULT	ITALIC	0	13	n	-168.5313312658423	51.82837576102372	-10.539169	4.965243E-4
islands.aleutians	DEFAULT	ITALIC	0	14	d	-168.1451075880184	51.75652029444277	-10.539169	4.965243E-4
islands.aleutians	DEFAULT	ITALIC	0	15	s	-167.76694550498775	51.686164657335055	-10.539169	4.965243E-4
islands.hawaii	DEFAULT	ITALIC	0	0	H	-160.37552705422465	21.09519649377117	-12.539169	7.54717E-4
islands.hawaii	DEFAULT	ITALIC	0	1	a	-159.61564834396916	20.92619034831981	-12.539169	7.54717E-4
islands.hawaii	DEFAULT	ITALIC	0	2	w	-159.11884348812967	20.815694985581306	-12.539169	7.54717E-4
islands.hawaii	DEFAULT	ITALIC	0	3	a	-158.48847806004824	20.67549414854243	-12.539169	7.54717E-4
islands.hawaii	DEFAULT	ITALIC	0	4	i	-157.99167320420875	20.564998785803926	-12.539169	7.54717E-4
islands.hawaii	DEFAULT	ITALIC	0	5	i	-157.69419738421527	20.498836593044004	-12.539169	7.54717E-4
islands.hawaii	DEFAULT	ITALIC	0	6	a	-157.39672156422176	20.432674400284085	-12.539169	7.54717E-4
islands.hawaii	DEFAULT	ITALIC	0	7	n	-156.89792316434864	20.33348498758016	-7.4608307	7.54717E-4
islands.hawaii	DEFAULT	ITALIC	0	8	\s	-156.35628791625192	20.26255401719644	-7.4608307	7.54717E-4
islands.hawaii	DEFAULT	ITALIC	0	9	I	-156.15073374240114	20.235635242857267	-7.4608307	7.54717E-4
islands.hawaii	DEFAULT	ITALIC	0	10	s	-155.77868068773128	20.186912261303366	-7.4608307	7.54717E-4
islands.hawaii	DEFAULT	ITALIC	0	11	l	-155.49501592781724	20.149764352715305	-7.4608307	7.54717E-4
islands.hawaii	DEFAULT	ITALIC	0	12	a	-155.20107345921065	20.11127050541029	-7.4608307	7.54717E-4
islands.hawaii	DEFAULT	ITALIC	0	13	n	-154.69643796240706	20.045184914407617	-7.4608307	7.54717E-4
islands.hawaii	DEFAULT	ITALIC	0	14	d	-154.1548027143103	19.974253944023896	-7.4608307	7.54717E-4
islands.hawaii	DEFAULT	ITALIC	0	15	s	-153.62447294577535	19.90480350622883	-7.4608307	7.54717E-4
islands.japan	DEFAULT	ITALIC	0	0	J	137.03400940676315	33.69227445299505	57.53917	7.54717E-4
islands.japan	DEFAULT	ITALIC	0	1	a	137.21825167699498	33.981913648979955	57.53917	7.54717E-4
islands.japan	DEFAULT	ITALIC	0	2	p	137.52699896260535	34.467281721432464	57.53917	7.54717E-4
islands.japan	DEFAULT	ITALIC	0	3	a	137.8030479613486	34.90124625057025	57.53917	7.54717E-4
islands.japan	DEFAULT	ITALIC	0	4	n	138.11179524695896	35.38661432302276	57.53917	7.54717E-4
islands.japan	DEFAULT	ITALIC	0	5	e	138.44317980809268	35.907569463923934	57.53917	7.54717E-4
islands.japan	DEFAULT	ITALIC	0	6	s	138.65760511235567	36.244658084507044	57.53917	7.54717E-4
islands.japan	DEFAULT	ITALIC	0	7	e	138.83115755803482	36.51749227594674	57.53917	7.54717E-4
islands.japan	DEFAULT	ITALIC	0	8	\s	139.0685845733806	36.83847492503796	52.46083	7.54717E-4
islands.japan	DEFAULT	ITALIC	0	9	I	139.21135402558951	37.02427256401214	52.46083	7.54717E-4
islands.japan	DEFAULT	ITALIC	0	10	s	139.4697667340876	37.36056629055543	52.46083	7.54717E-4
islands.japan	DEFAULT	ITALIC	0	11	l	139.66678857813588	37.616967032339815	52.46083	7.54717E-4
islands.japan	DEFAULT	ITALIC	0	12	a	139.87094889479462	37.88265765607291	52.46083	7.54717E-4
islands.japan	DEFAULT	ITALIC	0	13	n	140.22144789996744	38.338790859754546	52.46083	7.54717E-4
islands.japan	DEFAULT	ITALIC	0	14	d	140.5976454065379	38.82836763845154	52.46083	7.54717E-4
islands.japan	DEFAULT	ITALIC	0	15	s	140.96599059323685	39.30772554700495	52.46083	7.54717E-4
islands.philippines	DEFAULT	ITALIC	0	0	P	122.59156975081872	14.271155293698108	-60.250153	7.54717E-4
islands.philippines	DEFAULT	ITALIC	0	1	h	122.91976370978868	13.696931468594693	-60.250153	7.54717E-4
islands.philippines	DEFAULT	ITALIC	0	2	i	123.20272952600307	13.201840962145116	-60.250153	7.54717E-4
islands.philippines	DEFAULT	ITALIC	0	3	l	123.37320483331256	12.903569222603778	-60.250153	7.54717E-4
islands.philippines	DEFAULT	ITALIC	0	4	i	123.53904135674966	12.613413720873082	-60.250153	7.54717E-4
islands.philippines	DEFAULT	ITALIC	0	5	p	123.70951666405917	12.315141981331731	-60.250153	7.54717E-4
islands.philippines	DEFAULT	ITALIC	0	6	p	123.96406992905528	11.869763431472373	-60.250153	7.54717E-4
islands.philippines	DEFAULT	ITALIC	0	7	i	124.21862319405143	11.424384881613014	-60.250153	7.54717E-4
islands.philippines	DEFAULT	ITALIC	0	8	n	124.38909850136092	11.126113142071675	-60.250153	7.54717E-4
islands.philippines	DEFAULT	ITALIC	0	9	e	124.71911282271907	10.606724305086797	-55.749847	7.54717E-4
islands.philippines	DEFAULT	ITALIC	0	10	\s	124.9433764690819	10.277350878974595	-55.749847	7.54717E-4
islands.philippines	DEFAULT	ITALIC	0	11	I	125.07490939949999	10.08416998389412	-55.749847	7.54717E-4
islands.philippines	DEFAULT	ITALIC	0	12	s	125.3129840035567	9.734512563798463	-55.749847	7.54717E-4
islands.philippines	DEFAULT	ITALIC	0	13	l	125.49449944753366	9.467922928587408	-55.749847	7.54717E-4
islands.philippines	DEFAULT	ITALIC	0	14	a	125.68259153803152	9.19167424862232	-55.749847	7.54717E-4
islands.philippines	DEFAULT	ITALIC	0	15	n	126.0055048822079	8.717415151199761	-55.749847	7.54717E-4
islands.philippines	DEFAULT	ITALIC	0	16	d	126.35209415385954	8.208383492662712	-55.749847	7.54717E-4
islands.philippines	DEFAULT	ITALIC	0	17	s	126.6914491143382	7.709976783355081	-55.749847	7.54717E-4
islands.east-indies	DEFAULT	ITALIC	0	0	E	114.60393693239409	2.9923729006417434	-32.260498	0.0011708138
islands.east-indies	DEFAULT	ITALIC	0	1	a	115.50894038120633	2.4211264209986427	-32.260498	0.0011708138
islands.east-indies	DEFAULT	ITALIC	0	2	s	116.3274832215852	1.9044546706277097	-32.260498	0.0011708138
islands.east-indies	DEFAULT	ITALIC	0	3	t	116.92733158180901	1.5258248825334615	-32.260498	0.0011708138
islands.east-indies	DEFAULT	ITALIC	0	4	\s	117.54345488009089	1.1369222042232774	-32.260498	0.0011708138
islands.east-indies	DEFAULT	ITALIC	0	5	I	118.065997284539	0.8070886446547372	-32.260498	0.0011708138
islands.east-indies	DEFAULT	ITALIC	0	6	n	118.70045846044982	0.3004796739193387	-39.739502	0.0011708138
islands.east-indies	DEFAULT	ITALIC	0	7	d	119.47808464000485	-0.34602422528797394	-39.739502	0.0011708138
islands.east-indies	DEFAULT	ITALIC	0	8	i	120.24553627906877	-0.9840692013341736	-39.739502	0.0011708138
islands.east-indies	DEFAULT	ITALIC	0	9	e	120.80764719185815	-1.4513977281289838	-39.739502	0.0011708138
islands.east-indies	DEFAULT	ITALIC	0	10	s	121.41323114129126	-1.9548689266121615	-39.739502	0.0011708138
islands.new-guinea	DEFAULT	ITALIC	0	0	N	138.8960824309594	-5.073470420458105	2.0	7.54717E-4
islands.new-guinea	DEFAULT	ITALIC	0	1	e	139.65178727406692	-5.0470806258281495	2.0	7.54717E-4
islands.new-guinea	DEFAULT	ITALIC	0	2	w	139.9860224900198	-5.035408874895835	2.0	7.54717E-4
islands.new-guinea	DEFAULT	ITALIC	0	3	\s	140.59666336843225	-5.014084825538556	2.0	7.54717E-4
islands.new-guinea	DEFAULT	ITALIC	0	4	G	140.79269575315533	-5.007239223818723	2.0	7.54717E-4
islands.new-guinea	DEFAULT	ITALIC	0	5	u	141.46606699467915	-4.983724581911098	2.0	7.54717E-4
islands.new-guinea	DEFAULT	ITALIC	0	6	i	141.96496941379942	-4.9663025255341235	2.0	7.54717E-4
islands.new-guinea	DEFAULT	ITALIC	0	7	n	142.25313701934238	-4.956239491005969	2.0	7.54717E-4
islands.new-guinea	DEFAULT	ITALIC	0	8	e	142.76968235308772	-4.93820133047421	2.0	7.54717E-4
islands.new-guinea	DEFAULT	ITALIC	0	9	a	143.1039175690406	-4.926529579541895	2.0	7.54717E-4
islands.bismarck	DEFAULT	ITALIC	0	0	B	150.4046401129882	-4.793500797146258	17.020178	1.9860973E-4
islands.bismarck	DEFAULT	ITALIC	0	1	i	150.56229896618746	-4.745238930291652	17.020178	1.9860973E-4
islands.bismarck	DEFAULT	ITALIC	0	2	s	150.64333341171292	-4.72043300571953	17.020178	1.9860973E-4
islands.bismarck	DEFAULT	ITALIC	0	3	m	150.7194065646552	-4.697145811223251	17.020178	1.9860973E-4
islands.bismarck	DEFAULT	ITALIC	0	4	a	150.9368765562185	-4.630574809565412	17.020178	1.9860973E-4
islands.bismarck	DEFAULT	ITALIC	0	5	r	151.07220959279337	-4.589147228052106	17.020178	1.9860973E-4
islands.bismarck	DEFAULT	ITALIC	0	6	c	151.17667236440616	-4.557169522566274	17.020178	1.9860973E-4
islands.bismarck	DEFAULT	ITALIC	0	7	k	151.26294372988056	-4.530760494025205	17.020178	1.9860973E-4
islands.bismarck	DEFAULT	ITALIC	0	8	\s	151.38835418128903	-4.492370372663586	17.020178	1.9860973E-4
islands.bismarck	DEFAULT	ITALIC	0	9	A	151.44347965443563	-4.475495594043095	17.020178	1.9860973E-4
islands.bismarck	DEFAULT	ITALIC	0	10	r	151.62742243297404	-4.429606158542884	12.979822	1.9860973E-4
islands.bismarck	DEFAULT	ITALIC	0	11	c	151.73387869968337	-4.40506827804196	12.979822	1.9860973E-4
islands.bismarck	DEFAULT	ITALIC	0	12	h	151.8217964080739	-4.38480348491059	12.979822	1.9860973E-4
islands.bismarck	DEFAULT	ITALIC	0	13	i	151.95886938473393	-4.353208535875099	12.979822	1.9860973E-4
islands.bismarck	DEFAULT	ITALIC	0	14	p	152.04145023542665	-4.334173873956177	12.979822	1.9860973E-4
islands.bismarck	DEFAULT	ITALIC	0	15	e	152.1647597369712	-4.305751368573839	12.979822	1.9860973E-4
islands.bismarck	DEFAULT	ITALIC	0	16	l	152.26054228828488	-4.28367375049781	12.979822	1.9860973E-4
islands.bismarck	DEFAULT	ITALIC	0	17	a	152.34087604099955	-4.265157038563075	12.979822	1.9860973E-4
islands.bismarck	DEFAULT	ITALIC	0	18	g	152.47879167940133	-4.233367858283514	12.979822	1.9860973E-4
islands.bismarck	DEFAULT	ITALIC	0	19	o	152.5953598870118	-4.206499202853742	12.979822	1.9860973E-4
islands.solomons	DEFAULT	ITALIC	0	0	S	157.5881344205828	-10.568035581757302	50.71341	4.965243E-4
islands.solomons	DEFAULT	ITALIC	0	1	o	157.80106653656645	-10.307759114739193	50.71341	4.965243E-4
islands.solomons	DEFAULT	ITALIC	0	2	l	157.97433035685293	-10.095970983118463	50.71341	4.965243E-4
islands.solomons	DEFAULT	ITALIC	0	3	o	158.1047341794896	-9.936572547214439	50.71341	4.965243E-4
islands.solomons	DEFAULT	ITALIC	0	4	m	158.2779979997761	-9.724784415593708	50.71341	4.965243E-4
islands.solomons	DEFAULT	ITALIC	0	5	o	158.63774840558142	-9.285045373886454	50.71341	4.965243E-4
islands.solomons	DEFAULT	ITALIC	0	6	n	158.81101222586793	-9.073257242265724	50.71341	4.965243E-4
islands.solomons	DEFAULT	ITALIC	0	7	\s	159.06526029402337	-8.792108839971252	45.28659	4.965243E-4
islands.solomons	DEFAULT	ITALIC	0	8	I	159.16658499570838	-8.689765392136145	45.28659	4.965243E-4
islands.solomons	DEFAULT	ITALIC	0	9	s	159.34998270575826	-8.504523751554604	45.28659	4.965243E-4
islands.solomons	DEFAULT	ITALIC	0	10	l	159.48981079408358	-8.363289793542158	45.28659	4.965243E-4
islands.solomons	DEFAULT	ITALIC	0	11	a	159.63470511749313	-8.216938663137958	45.28659	4.965243E-4
islands.solomons	DEFAULT	ITALIC	0	12	n	159.88345726012986	-7.965685498702774	45.28659	4.965243E-4
islands.solomons	DEFAULT	ITALIC	0	13	d	160.15044784906985	-7.696010513657271	45.28659	4.965243E-4
islands.solomons	DEFAULT	ITALIC	0	14	s	160.4118655794172	-7.431964418242698	45.28659	4.965243E-4
islands.new-zealand	DEFAULT	ITALIC	0	0	N	169.92825726214684	-43.69407747748687	44.739502	7.9245283E-4
islands.new-zealand	DEFAULT	ITALIC	0	1	e	170.73873041338905	-42.890940706177034	44.739502	7.9245283E-4
islands.new-zealand	DEFAULT	ITALIC	0	2	w	171.24668099779544	-42.38758808090461	44.739502	7.9245283E-4
islands.new-zealand	DEFAULT	ITALIC	0	3	\s	171.9530301027779	-41.68763282962625	44.739502	7.9245283E-4
islands.new-zealand	DEFAULT	ITALIC	0	4	Z	172.3617814268963	-41.2825815173568	44.739502	7.9245283E-4
islands.new-zealand	DEFAULT	ITALIC	0	5	e	173.0949660956496	-40.5954190075914	37.260498	7.9245283E-4
islands.new-zealand	DEFAULT	ITALIC	0	6	a	173.66411318574043	-40.16246490909065	37.260498	7.9245283E-4
islands.new-zealand	DEFAULT	ITALIC	0	7	l	174.3515055099264	-39.639560851710186	37.260498	7.9245283E-4
islands.new-zealand	DEFAULT	ITALIC	0	8	a	174.87729601418235	-39.23958840479867	37.260498	7.9245283E-4
islands.new-zealand	DEFAULT	ITALIC	0	9	n	175.56468833836834	-38.716684347418216	37.260498	7.9245283E-4
islands.new-zealand	DEFAULT	ITALIC	0	10	d	176.28045951873713	-38.17219229990661	37.260498	7.9245283E-4
islands.madagascar	DEFAULT	ITALIC	0	0	M	46.31892654439761	-22.09612856191452	72.0	7.54717E-4
islands.madagascar	DEFAULT	ITALIC	0	1	a	46.620577402275586	-21.16774268264869	72.0	7.54717E-4
islands.madagascar	DEFAULT	ITALIC	0	2	d	46.77003307454409	-20.707765420570468	72.0	7.54717E-4
islands.madagascar	DEFAULT	ITALIC	0	3	a	46.92709850609306	-20.22436772763286	72.0	7.54717E-4
islands.madagascar	DEFAULT	ITALIC	0	4	g	47.07655417836156	-19.764390465554637	72.0	7.54717E-4
islands.madagascar	DEFAULT	ITALIC	0	5	a	47.20287618241743	-19.37561131328893	72.0	7.54717E-4
islands.madagascar	DEFAULT	ITALIC	0	6	s	47.35233185468593	-18.915634051210702	72.0	7.54717E-4
islands.madagascar	DEFAULT	ITALIC	0	7	c	47.436343597142354	-18.657072494523145	72.0	7.54717E-4
islands.madagascar	DEFAULT	ITALIC	0	8	a	47.531617783333886	-18.363848700163707	72.0	7.54717E-4
islands.madagascar	DEFAULT	ITALIC	0	9	r	47.68107345560239	-17.90387143808548	72.0	7.54717E-4
islands.marianas	DEFAULT	ITALIC	0	0	M	144.79581792011388	15.181070407023059	78.71341	1.9860973E-4
islands.marianas	DEFAULT	ITALIC	0	1	a	144.84766288011943	15.440845481550651	78.71341	1.9860973E-4
islands.marianas	DEFAULT	ITALIC	0	2	r	144.8733499390122	15.569553414540609	78.71341	1.9860973E-4
islands.marianas	DEFAULT	ITALIC	0	3	i	144.8931776280557	15.668902307826135	78.71341	1.9860973E-4
islands.marianas	DEFAULT	ITALIC	0	4	a	144.90855847391	15.745969787050266	78.71341	1.9860973E-4
islands.marianas	DEFAULT	ITALIC	0	5	n	144.93424553280278	15.874677720040223	78.71341	1.9860973E-4
islands.marianas	DEFAULT	ITALIC	0	6	a	144.96211064070766	16.0127490152121	73.28659	1.9860973E-4
islands.marianas	DEFAULT	ITALIC	0	7	\s	144.9998550283344	16.13845071850919	73.28659	1.9860973E-4
islands.marianas	DEFAULT	ITALIC	0	8	I	145.0152295243127	16.189653041644462	73.28659	1.9860973E-4
islands.marianas	DEFAULT	ITALIC	0	9	s	145.04305736203344	16.282329246519303	73.28659	1.9860973E-4
islands.marianas	DEFAULT	ITALIC	0	10	l	145.06427416648353	16.352988452445977	73.28659	1.9860973E-4
islands.marianas	DEFAULT	ITALIC	0	11	a	145.0862596957325	16.426207774529413	73.28659	1.9860973E-4
islands.marianas	DEFAULT	ITALIC	0	12	n	145.12400408335924	16.551909477826502	73.28659	1.9860973E-4
islands.marianas	DEFAULT	ITALIC	0	13	d	145.1645158802621	16.68682759928794	73.28659	1.9860973E-4
islands.marianas	DEFAULT	ITALIC	0	14	s	145.20418207988612	16.81892959297694	73.28659	1.9860973E-4
islands.carolines	DEFAULT	ITALIC	0	0	C	148.7504930666641	6.842699151706998	6.5391693	4.965243E-4
islands.carolines	DEFAULT	ITALIC	0	1	a	149.22319633756496	6.8968842617268	6.5391693	4.965243E-4
islands.carolines	DEFAULT	ITALIC	0	2	r	149.591020911277	6.939047318810355	6.5391693	4.965243E-4
islands.carolines	DEFAULT	ITALIC	0	3	o	149.87494252723806	6.971592733544912	6.5391693	4.965243E-4
islands.carolines	DEFAULT	ITALIC	0	4	l	150.15961327675046	7.0042240200861565	6.5391693	4.965243E-4
islands.carolines	DEFAULT	ITALIC	0	5	i	150.3738654724361	7.028783356798777	6.5391693	4.965243E-4
islands.carolines	DEFAULT	ITALIC	0	6	n	150.59411073653254	7.0540296679648975	6.5391693	4.965243E-4
islands.carolines	DEFAULT	ITALIC	0	7	e	150.98890411809316	7.099284110089203	6.5391693	4.965243E-4
islands.carolines	DEFAULT	ITALIC	0	8	\s	151.24592226671555	7.106205765545804	1.4608308	4.965243E-4
islands.carolines	DEFAULT	ITALIC	0	9	I	151.39668108286457	7.110050391787128	1.4608308	4.965243E-4
islands.carolines	DEFAULT	ITALIC	0	10	s	151.66955454009428	7.117009165283925	1.4608308	4.965243E-4
islands.carolines	DEFAULT	ITALIC	0	11	l	151.87760170637992	7.122314749496953	1.4608308	4.965243E-4
islands.carolines	DEFAULT	ITALIC	0	12	a	152.09318681347298	7.127812565022046	1.4608308	4.965243E-4
islands.carolines	DEFAULT	ITALIC	0	13	n	152.4632997071188	7.137251122444496	1.4608308	4.965243E-4
islands.carolines	DEFAULT	ITALIC	0	14	d	152.86054918767147	7.147381712590386	1.4608308	4.965243E-4
islands.carolines	DEFAULT	ITALIC	0	15	s	153.2495069333359	7.157300848293002	1.4608308	4.965243E-4
islands.marshalls	DEFAULT	ITALIC	0	0	M	165.76694550498775	7.686164657335053	5.4608307	4.965243E-4
islands.marshalls	DEFAULT	ITALIC	0	1	a	166.46872585760744	7.753254244151527	5.4608307	4.965243E-4
islands.marshalls	DEFAULT	ITALIC	0	2	r	166.8164293421042	7.786494392614583	5.4608307	4.965243E-4
islands.marshalls	DEFAULT	ITALIC	0	3	s	167.08481960814137	7.812152266886474	5.4608307	4.965243E-4
islands.marshalls	DEFAULT	ITALIC	0	4	h	167.28027003934525	7.8308371568575605	5.4608307	4.965243E-4
islands.marshalls	DEFAULT	ITALIC	0	5	a	167.62584906263325	7.863874208690496	5.4608307	4.965243E-4
islands.marshalls	DEFAULT	ITALIC	0	6	l	167.97355254713	7.897114357153552	5.4608307	4.965243E-4
islands.marshalls	DEFAULT	ITALIC	0	7	l	168.17407565089204	7.930770051696422	10.539169	4.965243E-4
islands.marshalls	DEFAULT	ITALIC	0	8	\s	168.37409873153686	7.967983595588066	10.539169	4.965243E-4
islands.marshalls	DEFAULT	ITALIC	0	9	I	168.51397501170808	7.99400705285495	10.539169	4.965243E-4
islands.marshalls	DEFAULT	ITALIC	0	10	s	168.76715107881796	8.041109510508008	10.539169	4.965243E-4
islands.marshalls	DEFAULT	ITALIC	0	11	l	168.96018034545423	8.077021881536307	10.539169	4.965243E-4
islands.marshalls	DEFAULT	ITALIC	0	12	a	169.1602034260991	8.114235425427951	10.539169	4.965243E-4
islands.marshalls	DEFAULT	ITALIC	0	13	n	169.5035996939194	8.178123013018151	10.539169	4.965243E-4
islands.marshalls	DEFAULT	ITALIC	0	14	d	169.87217369217052	8.246694822916389	10.539169	4.965243E-4
islands.marshalls	DEFAULT	ITALIC	0	15	s	170.23305449501225	8.313835342664948	10.539169	4.965243E-4
islands.fiji	DEFAULT	ITALIC	0	0	F	176.34130098485787	-17.56688505589189	-4.5834117	4.965243E-4
islands.fiji	DEFAULT	ITALIC	0	1	i	176.76549715304233	-17.600891464388194	-4.5834117	4.965243E-4
islands.fiji	DEFAULT	ITALIC	0	2	j	177.01051419321175	-17.620533672832032	-4.5834117	4.965243E-4
islands.fiji	DEFAULT	ITALIC	0	3	i	177.22636253812288	-17.637837523127793	-4.5834117	4.965243E-4
islands.fiji	DEFAULT	ITALIC	0	4	\s	177.4713795782923	-17.65747973157163	-4.5834117	4.965243E-4
islands.fiji	DEFAULT	ITALIC	0	5	I	177.63805783691095	-17.670841778132065	-4.5834117	4.965243E-4
islands.fiji	DEFAULT	ITALIC	0	6	s	177.93974548501072	-17.69502708240645	-4.5834117	4.965243E-4
islands.fiji	DEFAULT	ITALIC	0	7	l	178.16716802202606	-17.73192013255468	-11.416588	4.965243E-4
islands.fiji	DEFAULT	ITALIC	0	8	a	178.40155146380144	-17.77925074579879	-11.416588	4.965243E-4
islands.fiji	DEFAULT	ITALIC	0	9	n	178.8039370229333	-17.86050714825634	-11.416588	4.965243E-4
islands.fiji	DEFAULT	ITALIC	0	10	d	179.235825392918	-17.947721250283074	-11.416588	4.965243E-4
islands.fiji	DEFAULT	ITALIC	0	11	s	179.65869901514213	-18.03311494410811	-11.416588	4.965243E-4
islands.samoa	DEFAULT	ITALIC	0	0	S	-172.747530421808	-13.557112642421291	-20.913303	1.9860973E-4
islands.samoa	DEFAULT	ITALIC	0	1	a	-172.62920394600948	-13.602328610614864	-20.913303	1.9860973E-4
islands.samoa	DEFAULT	ITALIC	0	2	m	-172.50479645218277	-13.649868311649218	-20.913303	1.9860973E-4
islands.samoa	DEFAULT	ITALIC	0	3	o	-172.30488298450604	-13.726261028789963	-20.913303	1.9860973E-4
islands.samoa	DEFAULT	ITALIC	0	4	a	-172.2086001990597	-13.763053465435696	-20.913303	1.9860973E-4
islands.samoa	DEFAULT	ITALIC	0	5	n	-172.084192705233	-13.810593166470053	-20.913303	1.9860973E-4
islands.samoa	DEFAULT	ITALIC	0	6	\s	-171.94858901572692	-13.855233293256216	-15.086698	1.9860973E-4
islands.samoa	DEFAULT	ITALIC	0	7	I	-171.8962098255437	-13.869353237900498	-15.086698	1.9860973E-4
islands.samoa	DEFAULT	ITALIC	0	8	s	-171.8014034913121	-13.894910337706646	-15.086698	1.9860973E-4
islands.samoa	DEFAULT	ITALIC	0	9	l	-171.72912020885926	-13.914395861315754	-15.086698	1.9860973E-4
islands.samoa	DEFAULT	ITALIC	0	10	a	-171.65421796689728	-13.934587382157074	-15.086698	1.9860973E-4
islands.samoa	DEFAULT	ITALIC	0	11	n	-171.52562705499747	-13.969251846258786	-15.086698	1.9860973E-4
islands.samoa	DEFAULT	ITALIC	0	12	d	-171.3876078888647	-14.006457900396466	-15.086698	1.9860973E-4
islands.samoa	DEFAULT	ITALIC	0	13	s	-171.252469578192	-14.04288735757871	-15.086698	1.9860973E-4
islands.tonga	DEFAULT	ITALIC	0	0	T	-175.15135971091533	-20.71209145333421	74.85504	1.9860973E-4
islands.tonga	DEFAULT	ITALIC	0	1	o	-175.1048322997645	-20.54018961115619	74.85504	1.9860973E-4
islands.tonga	DEFAULT	ITALIC	0	2	n	-175.07640719327364	-20.435169193105306	74.85504	1.9860973E-4
islands.tonga	DEFAULT	ITALIC	0	3	g	-175.03698605874553	-20.289522455440007	74.85504	1.9860973E-4
islands.tonga	DEFAULT	ITALIC	0	4	a	-175.00594285034103	-20.174829104147598	74.85504	1.9860973E-4
islands.tonga	DEFAULT	ITALIC	0	5	\s	-174.96921462063835	-20.03913166924501	74.85504	1.9860973E-4
islands.tonga	DEFAULT	ITALIC	0	6	I	-174.95697356900837	-19.983279710905606	81.14496	1.9860973E-4
islands.tonga	DEFAULT	ITALIC	0	7	s	-174.9410188711514	-19.88086947434954	81.14496	1.9860973E-4
islands.tonga	DEFAULT	ITALIC	0	8	l	-174.92885451587927	-19.802788741505687	81.14496	1.9860973E-4
islands.tonga	DEFAULT	ITALIC	0	9	a	-174.91624942309727	-19.721878996602275	81.14496	1.9860973E-4
islands.tonga	DEFAULT	ITALIC	0	10	n	-174.8946092113631	-19.582974504477885	81.14496	1.9860973E-4
islands.tonga	DEFAULT	ITALIC	0	11	d	-174.87138234459346	-19.43388556893908	81.14496	1.9860973E-4
islands.tonga	DEFAULT	ITALIC	0	12	s	-174.84864028908467	-19.28790854666579	81.14496	1.9860973E-4
islands.greater-antilles	DEFAULT	ITALIC	0	0	G	-78.255	20.0	-2.539169	4.965243E-4
islands.greater-antilles	DEFAULT	ITALIC	0	1	r	-77.72024508111839	19.976285812909907	-2.539169	4.965243E-4
islands.greater-antilles	DEFAULT	ITALIC	0	2	e	-77.42523472557818	19.96320331377287	-2.539169	4.965243E-4
islands.greater-antilles	DEFAULT	ITALIC	0	3	a	-77.15980324473593	19.95143251639627	-2.539169	4.965243E-4
islands.greater-antilles	DEFAULT	ITALIC	0	4	t	-76.77761304798067	19.934483948912668	-2.539169	4.965243E-4
islands.greater-antilles	DEFAULT	ITALIC	0	5	e	-76.55032274767001	19.924404556437693	-2.539169	4.965243E-4
islands.greater-antilles	DEFAULT	ITALIC	0	6	r	-76.28489126682776	19.912633759061098	-2.539169	4.965243E-4
islands.greater-antilles	DEFAULT	ITALIC	0	7	\s	-75.98988091128754	19.90044874007594	2.539169	4.965243E-4
islands.greater-antilles	DEFAULT	ITALIC	0	8	A	-75.83420262340353	19.90735243355195	2.539169	4.965243E-4
islands.greater-antilles	DEFAULT	ITALIC	0	9	n	-75.3220210562651	19.93006558508802	2.539169	4.965243E-4
islands.greater-antilles	DEFAULT	ITALIC	0	10	t	-74.91180876769072	19.948256817397308	2.539169	4.965243E-4
islands.greater-antilles	DEFAULT	ITALIC	0	11	i	-74.68451846738004	19.958336209872282	2.539169	4.965243E-4
islands.greater-antilles	DEFAULT	ITALIC	0	12	l	-74.45567138419054	19.968484639282014	2.539169	4.965243E-4
islands.greater-antilles	DEFAULT	ITALIC	0	13	l	-74.2330514325164	19.97835692095271	2.539169	4.965243E-4
islands.greater-antilles	DEFAULT	ITALIC	0	14	e	-74.01043148084226	19.988229202623405	2.539169	4.965243E-4
islands.greater-antilles	DEFAULT	ITALIC	0	15	s	-73.745	20.0	2.539169	4.965243E-4
islands.lesser-antilles	DEFAULT	ITALIC	0	0	L	-62.15202585813114	12.993270750617226	69.28659	4.965243E-4
islands.lesser-antilles	DEFAULT	ITALIC	0	1	e	-61.98053858640261	13.44677762527002	69.28659	4.965243E-4
islands.lesser-antilles	DEFAULT	ITALIC	0	2	s	-61.88023471048592	13.712036363274485	69.28659	4.965243E-4
islands.lesser-antilles	DEFAULT	ITALIC	0	3	s	-61.799050341708785	13.926732585237042	69.28659	4.965243E-4
islands.lesser-antilles	DEFAULT	ITALIC	0	4	e	-61.71786597293164	14.1414288071996	69.28659	4.965243E-4
islands.lesser-antilles	DEFAULT	ITALIC	0	5	r	-61.617562097014954	14.406687545204065	69.28659	4.965243E-4
islands.lesser-antilles	DEFAULT	ITALIC	0	6	\s	-61.50608066307822	14.701505907971491	69.28659	4.965243E-4
islands.lesser-antilles	DEFAULT	ITALIC	0	7	A	-61.44725141034117	14.857082880408127	69.28659	4.965243E-4
islands.lesser-antilles	DEFAULT	ITALIC	0	8	n	-61.29219474752724	15.381437791780463	74.71341	4.965243E-4
islands.lesser-antilles	DEFAULT	ITALIC	0	9	t	-61.17664476767435	15.80420610281522	74.71341	4.965243E-4
islands.lesser-antilles	DEFAULT	ITALIC	0	10	i	-61.11262086991904	16.03845344023865	74.71341	4.965243E-4
islands.lesser-antilles	DEFAULT	ITALIC	0	11	l	-61.048158452316095	16.274305211480055	74.71341	4.965243E-4
islands.lesser-antilles	DEFAULT	ITALIC	0	12	l	-60.98545011410371	16.50373924744958	74.71341	4.965243E-4
islands.lesser-antilles	DEFAULT	ITALIC	0	13	e	-60.922741775891325	16.733173283419106	74.71341	4.965243E-4
islands.lesser-antilles	DEFAULT	ITALIC	0	14	s	-60.84797414186886	17.006729249382772	74.71341	4.965243E-4
islands.bermuda	DEFAULT	ITALIC	0	0	B	-65.206	32.3	5.6267457	1.9860973E-4
islands.bermuda	DEFAULT	ITALIC	0	1	e	-65.05646233097231	32.31473277527366	5.6267457	1.9860973E-4
islands.bermuda	DEFAULT	ITALIC	0	2	r	-64.96731487443657	32.32351577591758	5.6267457	1.9860973E-4
islands.bermuda	DEFAULT	ITALIC	0	3	m	-64.86823309723117	32.333277527366384	5.6267457	1.9860973E-4
islands.bermuda	DEFAULT	ITALIC	0	4	u	-64.66196522858982	32.326400515132	-5.6267457	1.9860973E-4
islands.bermuda	DEFAULT	ITALIC	0	5	d	-64.52889761751449	32.31329040566645	-5.6267457	1.9860973E-4
islands.bermuda	DEFAULT	ITALIC	0	6	a	-64.39399999999999	32.3	-5.6267457	1.9860973E-4
islands.seychelles	DEFAULT	ITALIC	0	0	S	54.92	-4.5	-3.9451861	1.9860973E-4
islands.seychelles	DEFAULT	ITALIC	0	1	e	55.08576499388005	-4.511432068543452	-3.9451861	1.9860973E-4
islands.seychelles	DEFAULT	ITALIC	0	2	y	55.20680538555692	-4.519779681762546	-3.9451861	1.9860973E-4
islands.seychelles	DEFAULT	ITALIC	0	3	c	55.35056303549572	-4.529694002447981	-3.9451861	1.9860973E-4
islands.seychelles	DEFAULT	ITALIC	0	4	h	55.46166462668299	-4.5373561811505505	-3.9451861	1.9860973E-4
islands.seychelles	DEFAULT	ITALIC	0	5	e	55.63488372093023	-4.5306976744186045	3.9451861	1.9860973E-4
islands.seychelles	DEFAULT	ITALIC	0	6	l	55.7559241126071	-4.522350061199511	3.9451861	1.9860973E-4
islands.seychelles	DEFAULT	ITALIC	0	7	l	55.857441860465116	-4.515348837209302	3.9451861	1.9860973E-4
islands.seychelles	DEFAULT	ITALIC	0	8	e	55.958959608323134	-4.508347613219094	3.9451861	1.9860973E-4
islands.seychelles	DEFAULT	ITALIC	0	9	s	56.08	-4.5	3.9451861	1.9860973E-4
islands.maldives	DEFAULT	ITALIC	0	0	M	72.84154028652506	2.0967744410976223	67.07289	4.965243E-4
islands.maldives	DEFAULT	ITALIC	0	1	a	73.11158130594141	2.7352081717853367	67.07289	4.965243E-4
islands.maldives	DEFAULT	ITALIC	0	2	l	73.24537559507706	3.051525993952509	67.07289	4.965243E-4
islands.maldives	DEFAULT	ITALIC	0	3	d	73.31148122711825	3.239619280579435	76.92711	4.965243E-4
islands.maldives	DEFAULT	ITALIC	0	4	i	73.39312177738094	3.591202137475424	76.92711	4.965243E-4
islands.maldives	DEFAULT	ITALIC	0	5	v	73.43963790485618	3.7915226024510456	76.92711	4.965243E-4
islands.maldives	DEFAULT	ITALIC	0	6	e	73.50450733432848	4.070881074015688	76.92711	4.965243E-4
islands.maldives	DEFAULT	ITALIC	0	7	s	73.55845971347495	4.303225558902378	76.92711	4.965243E-4
islands.andamans	DEFAULT	ITALIC	0	0	A	91.1064634724928	7.05087606101155	66.46016	4.965243E-4
islands.andamans	DEFAULT	ITALIC	0	1	n	91.27409386891554	7.435667702768087	66.46016	4.965243E-4
islands.andamans	DEFAULT	ITALIC	0	2	d	91.40835104051855	7.743851890010784	66.46016	4.965243E-4
islands.andamans	DEFAULT	ITALIC	0	3	a	91.53980588026647	8.045603390233234	66.46016	4.965243E-4
islands.andamans	DEFAULT	ITALIC	0	4	m	91.66489178398008	8.332735147227854	66.46016	4.965243E-4
islands.andamans	DEFAULT	ITALIC	0	5	a	91.86589540522255	8.79413424349823	66.46016	4.965243E-4
islands.andamans	DEFAULT	ITALIC	0	6	n	91.99098130893617	9.081266000492848	66.46016	4.965243E-4
islands.andamans	DEFAULT	ITALIC	0	7	\s	92.12523848053918	9.389450187735545	66.46016	4.965243E-4
islands.andamans	DEFAULT	ITALIC	0	8	a	92.17618996881356	9.506408133558201	66.46016	4.965243E-4
islands.andamans	DEFAULT	ITALIC	0	9	n	92.30127587252719	9.79353989055282	66.46016	4.965243E-4
islands.andamans	DEFAULT	ITALIC	0	10	d	92.4355330441302	10.101724077795517	66.46016	4.965243E-4
islands.andamans	DEFAULT	ITALIC	0	11	\s	92.56698788387811	10.403475578017968	66.46016	4.965243E-4
islands.andamans	DEFAULT	ITALIC	0	12	N	92.61479260487097	10.52170490034896	69.53984	4.965243E-4
islands.andamans	DEFAULT	ITALIC	0	13	i	92.78670395000655	10.982479107635976	69.53984	4.965243E-4
islands.andamans	DEFAULT	ITALIC	0	14	c	92.85225769250961	11.158182890959432	69.53984	4.965243E-4
islands.andamans	DEFAULT	ITALIC	0	15	o	92.9220479013649	11.345241680688144	69.53984	4.965243E-4
islands.andamans	DEFAULT	ITALIC	0	16	b	93.00677722840967	11.572341808793288	69.53984	4.965243E-4
islands.andamans	DEFAULT	ITALIC	0	17	a	93.10689161747048	11.840678539107	69.53984	4.965243E-4
islands.andamans	DEFAULT	ITALIC	0	18	r	93.21637082688885	12.134115809895489	69.53984	4.965243E-4
islands.andamans	DEFAULT	ITALIC	0	19	\s	93.30087718202034	12.360618306084566	69.53984	4.965243E-4
islands.andamans	DEFAULT	ITALIC	0	20	I	93.34547156467549	12.480144689297802	69.53984	4.965243E-4
islands.andamans	DEFAULT	ITALIC	0	21	s	93.4261873972813	12.696487442913757	69.53984	4.965243E-4
islands.andamans	DEFAULT	ITALIC	0	22	l	93.48772764534539	12.861433851748018	69.53984	4.965243E-4
islands.andamans	DEFAULT	ITALIC	0	23	a	93.55149761254225	13.032356579742943	69.53984	4.965243E-4
islands.andamans	DEFAULT	ITALIC	0	24	n	93.66097682196063	13.325793850531433	69.53984	4.965243E-4
islands.andamans	DEFAULT	ITALIC	0	25	d	93.77848302025693	13.640745870298305	69.53984	4.965243E-4
islands.andamans	DEFAULT	ITALIC	0	26	s	93.8935365275072	13.94912393898845	69.53984	4.965243E-4
region.central-asia	DEFAULT	ITALIC	0	0	C	65.325	43.0	3.4165883	4.965243E-4
region.central-asia	DEFAULT	ITALIC	0	1	e	65.80816571428572	43.028845714285715	3.4165883	4.965243E-4
region.central-asia	DEFAULT	ITALIC	0	2	n	66.06927428571429	43.04443428571429	3.4165883	4.965243E-4
region.central-asia	DEFAULT	ITALIC	0	3	t	66.47280571428571	43.06852571428571	3.4165883	4.965243E-4
region.central-asia	DEFAULT	ITALIC	0	4	r	66.69639428571429	43.081874285714285	3.4165883	4.965243E-4
region.central-asia	DEFAULT	ITALIC	0	5	a	66.9866	43.0992	3.4165883	4.965243E-4
region.central-asia	DEFAULT	ITALIC	0	6	l	67.36256571428571	43.07835428571428	-3.4165883	4.965243E-4
region.central-asia	DEFAULT	ITALIC	0	7	\s	67.58156	43.06528	-3.4165883	4.965243E-4
region.central-asia	DEFAULT	ITALIC	0	8	A	67.73470285714285	43.056137142857146	-3.4165883	4.965243E-4
region.central-asia	DEFAULT	ITALIC	0	9	s	68.23854285714286	43.02605714285714	-3.4165883	4.965243E-4
region.central-asia	DEFAULT	ITALIC	0	10	i	68.44988	43.01344	-3.4165883	4.965243E-4
region.central-asia	DEFAULT	ITALIC	0	11	a	68.675	43.0	-3.4165883	4.965243E-4
region.patagonia	DEFAULT	ITALIC	0	0	P	-69.48886160440776	-47.209974930209654	72.38192	4.965243E-4
region.patagonia	DEFAULT	ITALIC	0	1	a	-69.35910636023743	-46.80138202298396	72.38192	4.965243E-4
region.patagonia	DEFAULT	ITALIC	0	2	t	-69.24654483216743	-46.44693128544365	72.38192	4.965243E-4
region.patagonia	DEFAULT	ITALIC	0	3	a	-69.17960396415023	-46.23613777146855	72.38192	4.965243E-4
region.patagonia	DEFAULT	ITALIC	0	4	g	-69.05502338611362	-45.886543045324366	63.618084	4.965243E-4
region.patagonia	DEFAULT	ITALIC	0	5	o	-68.91534995104779	-45.604949629577696	63.618084	4.965243E-4
region.patagonia	DEFAULT	ITALIC	0	6	n	-68.78745620327668	-45.34710505612291	63.618084	4.965243E-4
region.patagonia	DEFAULT	ITALIC	0	7	i	-68.61008776886779	-44.98951534504221	63.618084	4.965243E-4
region.patagonia	DEFAULT	ITALIC	0	8	a	-68.51113839559224	-44.790025069790346	63.618084	4.965243E-4
political.french-empire	DEFAULT	SERIF	0	0	F	-2.0001211683830613	47.77010922925547	0.0	7.434459E-4
political.french-empire	DEFAULT	SERIF	0	1	R	-1.4907987840228127	47.77010922925547	0.0	7.434459E-4
political.french-empire	DEFAULT	SERIF	0	2	E	-0.8371200659711926	47.77010922925547	0.0	7.434459E-4
political.french-empire	DEFAULT	SERIF	0	3	N	-0.2904517644370568	47.77010922925547	0.0	7.434459E-4
political.french-empire	DEFAULT	SERIF	0	4	C	0.41996402009027634	47.77010922925547	0.0	7.434459E-4
political.french-empire	DEFAULT	SERIF	0	5	H	1.0714881659972497	47.77010922925547	0.0	7.434459E-4
political.french-empire	DEFAULT	SERIF	0	6	\s	1.794831383392467	47.77010922925547	0.0	7.434459E-4
political.french-empire	DEFAULT	SERIF	0	7	R	2.0800782647093934	47.77010922925547	0.0	7.434459E-4
political.french-empire	DEFAULT	SERIF	0	8	E	2.733756982761013	47.77010922925547	0.0	7.434459E-4
political.french-empire	DEFAULT	SERIF	0	9	P	3.28042528429515	47.77010922925547	0.0	7.434459E-4
political.french-empire	DEFAULT	SERIF	0	10	U	3.818475297250696	47.77010922925547	0.0	7.434459E-4
political.french-empire	DEFAULT	SERIF	0	11	B	4.490108783174377	47.77010922925547	0.0	7.434459E-4
political.french-empire	DEFAULT	SERIF	0	12	L	5.053295471150809	47.77010922925547	0.0	7.434459E-4
political.french-empire	DEFAULT	SERIF	0	13	I	5.6143275869825935	47.77010922925547	0.0	7.434459E-4
political.french-empire	DEFAULT	SERIF	0	14	C	6.000121168383063	47.77010922925547	0.0	7.434459E-4
political.german-empire	DEFAULT	SERIF	0	0	G	6.979853784978688	51.35402184585109	0.0	7.080437E-4
political.german-empire	DEFAULT	SERIF	0	1	E	7.5445853908020855	51.35402184585109	0.0	7.080437E-4
political.german-empire	DEFAULT	SERIF	0	2	R	7.997522766107274	51.35402184585109	0.0	7.080437E-4
political.german-empire	DEFAULT	SERIF	0	3	M	8.55141371927436	51.35402184585109	0.0	7.080437E-4
political.german-empire	DEFAULT	SERIF	0	4	A	9.232682341153103	51.35402184585109	0.0	7.080437E-4
political.german-empire	DEFAULT	SERIF	0	5	N	9.77234493770878	51.35402184585109	0.0	7.080437E-4
political.german-empire	DEFAULT	SERIF	0	6	\s	10.379761613366401	51.35402184585109	0.0	7.080437E-4
political.german-empire	DEFAULT	SERIF	0	7	E	10.58607414074051	51.35402184585109	0.0	7.080437E-4
political.german-empire	DEFAULT	SERIF	0	8	M	11.039011516045699	51.35402184585109	0.0	7.080437E-4
political.german-empire	DEFAULT	SERIF	0	9	P	11.72028013792444	51.35402184585109	0.0	7.080437E-4
political.german-empire	DEFAULT	SERIF	0	10	I	12.165087023737396	51.35402184585109	0.0	7.080437E-4
political.german-empire	DEFAULT	SERIF	0	11	R	12.466255261854227	51.35402184585109	0.0	7.080437E-4
political.german-empire	DEFAULT	SERIF	0	12	E	13.020146215021313	51.35402184585109	0.0	7.080437E-4
political.austria-hungary	DEFAULT	SERIF	0	0	A	13.69168	47.552575	0.0	7.080437E-4
political.austria-hungary	DEFAULT	SERIF	0	1	U	14.157896768149882	47.552575	0.0	7.080437E-4
political.austria-hungary	DEFAULT	SERIF	0	2	S	14.655104824355972	47.552575	0.0	7.080437E-4
political.austria-hungary	DEFAULT	SERIF	0	3	T	14.968386323185012	47.552575	0.0	7.080437E-4
political.austria-hungary	DEFAULT	SERIF	0	4	R	15.419781170960187	47.552575	0.0	7.080437E-4
political.austria-hungary	DEFAULT	SERIF	0	5	O	15.900146135831381	47.552575	0.0	7.080437E-4
political.austria-hungary	DEFAULT	SERIF	0	6	-	16.414197283372364	47.552575	0.0	7.080437E-4
political.austria-hungary	DEFAULT	SERIF	0	7	H	16.59879756440281	47.552575	0.0	7.080437E-4
political.austria-hungary	DEFAULT	SERIF	0	8	U	17.144513723653393	47.552575	0.0	7.080437E-4
political.austria-hungary	DEFAULT	SERIF	0	9	N	17.641721779859484	47.552575	0.0	7.080437E-4
political.austria-hungary	DEFAULT	SERIF	0	10	G	18.175310913348945	47.552575	0.0	7.080437E-4
political.austria-hungary	DEFAULT	SERIF	0	11	A	18.66645545667447	47.552575	0.0	7.080437E-4
political.austria-hungary	DEFAULT	SERIF	0	12	R	19.132672224824354	47.552575	0.0	7.080437E-4
political.austria-hungary	DEFAULT	SERIF	0	13	I	19.613037189695547	47.552575	0.0	7.080437E-4
political.austria-hungary	DEFAULT	SERIF	0	14	A	19.842103231850114	47.552575	0.0	7.080437E-4
political.austria-hungary	DEFAULT	SERIF	0	15	N	20.30832	47.552575	0.0	7.080437E-4
political.austria-hungary	DEFAULT	SERIF	1	0	E	15.75938	46.447425	0.0	7.080437E-4
political.austria-hungary	DEFAULT	SERIF	1	1	M	16.21521692508143	46.447425	0.0	7.080437E-4
political.austria-hungary	DEFAULT	SERIF	1	2	P	16.943424495114005	46.447425	0.0	7.080437E-4
political.austria-hungary	DEFAULT	SERIF	1	3	I	17.389562762214982	46.447425	0.0	7.080437E-4
political.austria-hungary	DEFAULT	SERIF	1	4	R	17.664358071661237	46.447425	0.0	7.080437E-4
political.austria-hungary	DEFAULT	SERIF	1	5	E	18.24062	46.447425	0.0	7.080437E-4
political.ottoman-empire	DEFAULT	SERIF	0	0	O	28.5634	39.0	0.0	6.156902E-4
political.ottoman-empire	DEFAULT	SERIF	0	1	T	28.999763290693583	39.0	0.0	6.156902E-4
political.ottoman-empire	DEFAULT	SERIF	0	2	T	29.382939443727263	39.0	0.0	6.156902E-4
political.ottoman-empire	DEFAULT	SERIF	0	3	O	29.766115596760944	39.0	0.0	6.156902E-4
political.ottoman-empire	DEFAULT	SERIF	0	4	M	30.202478887454525	39.0	0.0	6.156902E-4
political.ottoman-empire	DEFAULT	SERIF	0	5	A	30.717765027578924	39.0	0.0	6.156902E-4
political.ottoman-empire	DEFAULT	SERIF	0	6	N	31.113523084145054	39.0	0.0	6.156902E-4
political.ottoman-empire	DEFAULT	SERIF	0	7	\s	31.566471611313226	39.0	0.0	6.156902E-4
political.ottoman-empire	DEFAULT	SERIF	0	8	E	31.68085255251731	39.0	0.0	6.156902E-4
political.ottoman-empire	DEFAULT	SERIF	0	9	M	32.003406806712825	39.0	0.0	6.156902E-4
political.ottoman-empire	DEFAULT	SERIF	0	10	P	32.51869294683723	39.0	0.0	6.156902E-4
political.ottoman-empire	DEFAULT	SERIF	0	11	I	32.8343843445605	39.0	0.0	6.156902E-4
political.ottoman-empire	DEFAULT	SERIF	0	12	R	33.02883194460744	39.0	0.0	6.156902E-4
political.ottoman-empire	DEFAULT	SERIF	0	13	E	33.4366	39.0	0.0	6.156902E-4
political.italian-empire	DEFAULT	SERIF	0	0	K	9.962156468298796	45.64562442515232	-38.0	6.121589E-4
political.italian-empire	DEFAULT	SERIF	0	1	I	10.330062596596296	45.35818465520975	-38.0	6.121589E-4
political.italian-empire	DEFAULT	SERIF	0	2	N	10.570523308469031	45.170316157284006	-38.0	6.121589E-4
political.italian-empire	DEFAULT	SERIF	0	3	G	10.979914601643793	44.85046462430956	-38.0	6.121589E-4
political.italian-empire	DEFAULT	SERIF	0	4	D	11.365760260699032	44.5490089568397	-38.0	6.121589E-4
political.italian-empire	DEFAULT	SERIF	0	5	O	11.760949425357243	44.240253342741035	-38.0	6.121589E-4
political.italian-empire	DEFAULT	SERIF	0	6	M	12.159502252032539	43.928869747856005	-38.0	6.121589E-4
political.italian-empire	DEFAULT	SERIF	0	7	\s	12.609631229636339	43.577190447579994	-38.0	6.121589E-4
political.italian-empire	DEFAULT	SERIF	0	8	O	12.797768310132337	43.43020165077553	-38.0	6.121589E-4
political.italian-empire	DEFAULT	SERIF	0	9	F	13.19632113680764	43.1188180558905	-38.0	6.121589E-4
political.italian-empire	DEFAULT	SERIF	0	10	\s	13.50106516722893	42.880725925158615	-38.0	6.121589E-4
political.italian-empire	DEFAULT	SERIF	0	11	I	13.689202247724936	42.73373712835415	-38.0	6.121589E-4
political.italian-empire	DEFAULT	SERIF	0	12	T	13.929662959597671	42.545868630428416	-38.0	6.121589E-4
political.italian-empire	DEFAULT	SERIF	0	13	A	14.293457945429854	42.26164083700252	-38.0	6.121589E-4
political.italian-empire	DEFAULT	SERIF	0	14	L	14.665475216192661	41.97098909054328	-38.0	6.121589E-4
political.italian-empire	DEFAULT	SERIF	0	15	Y	14.997128542750565	41.71187311352044	-38.0	6.121589E-4
political.portuguese-empire	DEFAULT	SERIF	0	0	P	-8.444490044708925	38.232000306961055	72.0	6.156902E-4
political.portuguese-empire	DEFAULT	SERIF	0	1	O	-8.34345710063673	38.5429477356444	72.0	6.156902E-4
political.portuguese-empire	DEFAULT	SERIF	0	2	R	-8.20380467975433	38.97275369232083	72.0	6.156902E-4
political.portuguese-empire	DEFAULT	SERIF	0	3	T	-8.073303793661076	39.374394121036815	72.0	6.156902E-4
political.portuguese-empire	DEFAULT	SERIF	0	4	U	-7.950673227486492	39.75181219570681	72.0	6.156902E-4
political.portuguese-empire	DEFAULT	SERIF	0	5	G	-7.815596573998665	40.167535388403024	72.0	6.156902E-4
political.portuguese-empire	DEFAULT	SERIF	0	6	A	-7.682167196772886	40.57818878606635	72.0	6.156902E-4
political.portuguese-empire	DEFAULT	SERIF	0	7	L	-7.555509955291075	40.96799969303895	72.0	6.156902E-4
political.dutch-empire	DEFAULT	SERIF	0	0	N	3.5221999999999998	52.4	0.0	6.156902E-4
political.dutch-empire	DEFAULT	SERIF	0	1	E	3.9739426387887526	52.4	0.0	6.156902E-4
political.dutch-empire	DEFAULT	SERIF	0	2	T	4.295638154289834	52.4	0.0	6.156902E-4
political.dutch-empire	DEFAULT	SERIF	0	3	H	4.677794174477289	52.4	0.0	6.156902E-4
political.dutch-empire	DEFAULT	SERIF	0	4	E	5.139803691420331	52.4	0.0	6.156902E-4
political.dutch-empire	DEFAULT	SERIF	0	5	R	5.461499206921413	52.4	0.0	6.156902E-4
political.dutch-empire	DEFAULT	SERIF	0	6	L	5.868181658255227	52.4	0.0	6.156902E-4
political.dutch-empire	DEFAULT	SERIF	0	7	A	6.201284816149964	52.4	0.0	6.156902E-4
political.dutch-empire	DEFAULT	SERIF	0	8	N	6.59598924297044	52.4	0.0	6.156902E-4
political.dutch-empire	DEFAULT	SERIF	0	9	D	7.0477318817591925	52.4	0.0	6.156902E-4
political.dutch-empire	DEFAULT	SERIF	0	10	S	7.4778	52.4	0.0	6.156902E-4
political.belgian-empire	DEFAULT	SERIF	0	0	B	3.869873463853661	51.118655721755104	-21.0	3.4283934E-4
political.belgian-empire	DEFAULT	SERIF	0	1	E	4.144370744536378	51.01328608798599	-21.0	3.4283934E-4
political.belgian-empire	DEFAULT	SERIF	0	2	L	4.403608228793258	50.91377414124671	-21.0	3.4283934E-4
political.belgian-empire	DEFAULT	SERIF	0	3	G	4.676115101246518	50.80916855361192	-21.0	3.4283934E-4
political.belgian-empire	DEFAULT	SERIF	0	4	I	5.044825038123527	50.667634069484656	-21.0	3.4283934E-4
political.belgian-empire	DEFAULT	SERIF	0	5	U	5.15544537458096	50.62517090077513	-21.0	3.4283934E-4
political.belgian-empire	DEFAULT	SERIF	0	6	M	5.53012653614634	50.48134427824489	-21.0	3.4283934E-4
political.denmark	DEFAULT	SERIF	0	0	D	8.533043614036087	54.93264666617752	58.0	6.156902E-4
political.denmark	DEFAULT	SERIF	0	1	E	8.760799553808184	55.297132360789	58.0	6.156902E-4
political.denmark	DEFAULT	SERIF	0	2	N	8.931163413266358	55.56977152758061	58.0	6.156902E-4
political.denmark	DEFAULT	SERIF	0	3	M	9.170397769101239	55.95262652775607	58.0	6.156902E-4
political.denmark	DEFAULT	SERIF	0	4	A	9.442557055221476	56.38817243073345	58.0	6.156902E-4
political.denmark	DEFAULT	SERIF	0	5	R	9.6515850529964	56.72268715310897	58.0	6.156902E-4
political.denmark	DEFAULT	SERIF	0	6	K	9.866956385963912	57.06735333382248	58.0	6.156902E-4
political.sweden-norway	DEFAULT	SERIF	0	0	S	13.902657169144259	59.93619829645154	62.0	6.156902E-4
political.sweden-norway	DEFAULT	SERIF	0	1	W	14.027036064049296	60.17012097582998	62.0	6.156902E-4
political.sweden-norway	DEFAULT	SERIF	0	2	E	14.272049112937502	60.63092350122922	62.0	6.156902E-4
political.sweden-norway	DEFAULT	SERIF	0	3	D	14.422908675790064	60.91464907363661	62.0	6.156902E-4
political.sweden-norway	DEFAULT	SERIF	0	4	E	14.62458972258232	61.29395595589756	62.0	6.156902E-4
political.sweden-norway	DEFAULT	SERIF	0	5	N	14.775449285434881	61.57768152830495	62.0	6.156902E-4
political.sweden-norway	DEFAULT	SERIF	0	6	-	14.987294629015075	61.97610467253661	62.0	6.156902E-4
political.sweden-norway	DEFAULT	SERIF	0	7	N	15.060584558486001	62.113942982535946	62.0	6.156902E-4
political.sweden-norway	DEFAULT	SERIF	0	8	O	15.272429902066195	62.5123661267676	62.0	6.156902E-4
political.sweden-norway	DEFAULT	SERIF	0	9	R	15.476518282308227	62.89620054475846	62.0	6.156902E-4
political.sweden-norway	DEFAULT	SERIF	0	10	W	15.667232587829286	63.25488198647206	62.0	6.156902E-4
political.sweden-norway	DEFAULT	SERIF	0	11	A	15.91224563671749	63.715684511871295	62.0	6.156902E-4
political.sweden-norway	DEFAULT	SERIF	0	12	Y	16.09734283085574	64.06380170354845	62.0	6.156902E-4
political.greece	DEFAULT	SERIF	0	0	G	20.97400023022079	38.76663246646831	18.0	6.156902E-4
political.greece	DEFAULT	SERIF	0	1	R	21.430069640079964	38.91481840058087	18.0	6.156902E-4
political.greece	DEFAULT	SERIF	0	2	E	21.876129296087633	39.059751968512636	18.0	6.156902E-4
political.greece	DEFAULT	SERIF	0	3	E	22.228973119353167	39.17439787638573	18.0	6.156902E-4
political.greece	DEFAULT	SERIF	0	4	C	22.581816942618698	39.28904378425883	18.0	6.156902E-4
political.greece	DEFAULT	SERIF	0	5	E	23.02599976977921	39.433367533531694	18.0	6.156902E-4
political.romania	DEFAULT	SERIF	0	0	R	23.76890342971643	45.738322345936766	12.0	6.156902E-4
political.romania	DEFAULT	SERIF	0	1	O	24.186790530222112	45.82714699118651	12.0	6.156902E-4
political.romania	DEFAULT	SERIF	0	2	M	24.633982476485556	45.922200573690795	12.0	6.156902E-4
political.romania	DEFAULT	SERIF	0	3	A	25.162055797040423	46.03444602301761	12.0	6.156902E-4
political.romania	DEFAULT	SERIF	0	4	N	25.567634862327843	46.12065451462044	12.0	6.156902E-4
political.romania	DEFAULT	SERIF	0	5	I	26.03182361913079	46.21932088073236	12.0	6.156902E-4
political.romania	DEFAULT	SERIF	0	6	A	26.23109657028357	46.261677654063234	12.0	6.156902E-4
political.serbia	DEFAULT	SERIF	0	0	S	20.069200000000002	44.0	0.0	4.1708045E-4
political.serbia	DEFAULT	SERIF	0	1	E	20.323843686774076	44.0	0.0	4.1708045E-4
political.serbia	DEFAULT	SERIF	0	2	R	20.632701835893595	44.0	0.0	4.1708045E-4
political.serbia	DEFAULT	SERIF	0	3	B	21.02315548894717	44.0	0.0	4.1708045E-4
political.serbia	DEFAULT	SERIF	0	4	I	21.34460891719745	44.0	0.0	4.1708045E-4
political.serbia	DEFAULT	SERIF	0	5	A	21.5308	44.0	0.0	4.1708045E-4
political.bulgaria	DEFAULT	SERIF	0	0	B	23.787665531790722	43.3255	0.0	5.589277E-4
political.bulgaria	DEFAULT	SERIF	0	1	U	24.17378569568116	43.3255	0.0	5.589277E-4
political.bulgaria	DEFAULT	SERIF	0	2	L	24.627044531713967	43.3255	0.0	5.589277E-4
political.bulgaria	DEFAULT	SERIF	0	3	G	25.011830814700915	43.3255	0.0	5.589277E-4
political.bulgaria	DEFAULT	SERIF	0	4	A	25.461088008023246	43.3255	0.0	5.589277E-4
political.bulgaria	DEFAULT	SERIF	0	5	R	25.893894003535863	43.3255	0.0	5.589277E-4
political.bulgaria	DEFAULT	SERIF	0	6	I	26.33603716537291	43.3255	0.0	5.589277E-4
political.bulgaria	DEFAULT	SERIF	0	7	A	26.612334468209276	43.3255	0.0	5.589277E-4
political.bulgaria	DEFAULT	SERIF	1	0	O	23.396333130468484	42.6745	0.0	3.353566E-4
political.bulgaria	DEFAULT	SERIF	1	1	T	23.700583655139802	42.6745	0.0	3.353566E-4
political.bulgaria	DEFAULT	SERIF	1	2	T	23.983000949990092	42.6745	0.0	3.353566E-4
political.bulgaria	DEFAULT	SERIF	1	3	O	24.265418244840383	42.6745	0.0	3.353566E-4
political.bulgaria	DEFAULT	SERIF	1	4	M	24.5696687695117	42.6745	0.0	3.353566E-4
political.bulgaria	DEFAULT	SERIF	1	5	A	24.906316990046477	42.6745	0.0	3.353566E-4
political.bulgaria	DEFAULT	SERIF	1	6	N	25.19389913496196	42.6745	0.0	3.353566E-4
political.bulgaria	DEFAULT	SERIF	1	7	\s	25.504957871082844	42.6745	0.0	3.353566E-4
political.bulgaria	DEFAULT	SERIF	1	8	V	25.677035187267734	42.6745	0.0	3.353566E-4
political.bulgaria	DEFAULT	SERIF	1	9	A	25.95992201394213	42.6745	0.0	3.353566E-4
political.bulgaria	DEFAULT	SERIF	1	10	S	26.247504158857613	42.6745	0.0	3.353566E-4
political.bulgaria	DEFAULT	SERIF	1	11	S	26.481794441736824	42.6745	0.0	3.353566E-4
political.bulgaria	DEFAULT	SERIF	1	12	A	26.716084724616035	42.6745	0.0	3.353566E-4
political.bulgaria	DEFAULT	SERIF	1	13	L	27.003666869531514	42.6745	0.0	3.353566E-4
political.montenegro	DEFAULT	SERIF	0	0	M	18.76752336699131	42.1823593586061	55.0	2.5819265E-4
political.montenegro	DEFAULT	SERIF	0	1	O	18.887640952176522	42.353905048463034	55.0	2.5819265E-4
political.montenegro	DEFAULT	SERIF	0	2	N	18.98936094939774	42.49917625974033	55.0	2.5819265E-4
political.montenegro	DEFAULT	SERIF	0	3	T	19.094947106408494	42.649968919414796	55.0	2.5819265E-4
political.montenegro	DEFAULT	SERIF	0	4	E	19.184268729132235	42.77753341686668	55.0	2.5819265E-4
political.montenegro	DEFAULT	SERIF	0	5	N	19.259458871245954	42.884916068453045	55.0	2.5819265E-4
political.montenegro	DEFAULT	SERIF	0	6	E	19.365045028256706	43.03570872812751	55.0	2.5819265E-4
political.montenegro	DEFAULT	SERIF	0	7	G	19.440235170370425	43.14309137971387	55.0	2.5819265E-4
political.montenegro	DEFAULT	SERIF	0	8	R	19.53742242852805	43.28188916873241	55.0	2.5819265E-4
political.montenegro	DEFAULT	SERIF	0	9	O	19.63247663300869	43.417640641393895	55.0	2.5819265E-4
political.switzerland	DEFAULT	SERIF	0	0	S	6.222199999999999	46.8	0.0	6.156902E-4
political.switzerland	DEFAULT	SERIF	0	1	W	6.512364694746805	46.8	0.0	6.156902E-4
political.switzerland	DEFAULT	SERIF	0	2	I	7.0839579428932	46.8	0.0	6.156902E-4
political.switzerland	DEFAULT	SERIF	0	3	T	7.296121375611294	46.8	0.0	6.156902E-4
political.switzerland	DEFAULT	SERIF	0	4	Z	7.714208140085186	46.8	0.0	6.156902E-4
political.switzerland	DEFAULT	SERIF	0	5	E	8.090486228111688	46.8	0.0	6.156902E-4
political.switzerland	DEFAULT	SERIF	0	6	R	8.442427922385233	46.8	0.0	6.156902E-4
political.switzerland	DEFAULT	SERIF	0	7	L	8.887347120997003	46.8	0.0	6.156902E-4
political.switzerland	DEFAULT	SERIF	0	8	A	9.25176901719514	46.8	0.0	6.156902E-4
political.switzerland	DEFAULT	SERIF	0	9	N	9.683584003786086	46.8	0.0	6.156902E-4
political.switzerland	DEFAULT	SERIF	0	10	D	10.1778	46.8	0.0	6.156902E-4
political.luxembourg	DEFAULT	SERIF	0	0	L	5.462186693776399	49.8	0.0	1.6643328E-4
political.luxembourg	DEFAULT	SERIF	0	1	U	5.576267666777107	49.8	0.0	1.6643328E-4
political.luxembourg	DEFAULT	SERIF	0	2	X	5.727240140969237	49.8	0.0	1.6643328E-4
political.luxembourg	DEFAULT	SERIF	0	3	E	5.870786403882575	49.8	0.0	1.6643328E-4
political.luxembourg	DEFAULT	SERIF	0	4	M	5.9800762728324495	49.8	0.0	1.6643328E-4
political.luxembourg	DEFAULT	SERIF	0	5	B	6.170096245038876	49.8	0.0	1.6643328E-4
political.luxembourg	DEFAULT	SERIF	0	6	O	6.28489588364721	49.8	0.0	1.6643328E-4
political.luxembourg	DEFAULT	SERIF	0	7	U	6.441857237902882	49.8	0.0	1.6643328E-4
political.luxembourg	DEFAULT	SERIF	0	8	R	6.592829712095012	49.8	0.0	1.6643328E-4
political.luxembourg	DEFAULT	SERIF	0	9	G	6.7378133062236	49.8	0.0	1.6643328E-4
political.liechtenstein	DEFAULT	SERIF	0	0	L	8.9091	47.15	0.0	1.6881827E-4
political.liechtenstein	DEFAULT	SERIF	0	1	I	9.014935034638768	47.15	0.0	1.6881827E-4
political.liechtenstein	DEFAULT	SERIF	0	2	E	9.076551321928461	47.15	0.0	1.6881827E-4
political.liechtenstein	DEFAULT	SERIF	0	3	C	9.1787618690796	47.15	0.0	1.6881827E-4
political.liechtenstein	DEFAULT	SERIF	0	4	H	9.307431174890429	47.15	0.0	1.6881827E-4
political.liechtenstein	DEFAULT	SERIF	0	5	T	9.454222918139404	47.15	0.0	1.6881827E-4
political.liechtenstein	DEFAULT	SERIF	0	6	E	9.575643248974975	47.15	0.0	1.6881827E-4
political.liechtenstein	DEFAULT	SERIF	0	7	N	9.677853796126115	47.15	0.0	1.6881827E-4
political.liechtenstein	DEFAULT	SERIF	0	8	S	9.821383500636223	47.15	0.0	1.6881827E-4
political.liechtenstein	DEFAULT	SERIF	0	9	T	9.905652834723597	47.15	0.0	1.6881827E-4
political.liechtenstein	DEFAULT	SERIF	0	10	E	10.02707316555917	47.15	0.0	1.6881827E-4
political.liechtenstein	DEFAULT	SERIF	0	11	I	10.129283712710308	47.15	0.0	1.6881827E-4
political.liechtenstein	DEFAULT	SERIF	0	12	N	10.190900000000001	47.15	0.0	1.6881827E-4
political.monaco	DEFAULT	SERIF	0	0	M	7.1242	43.74	0.0	1.6881827E-4
political.monaco	DEFAULT	SERIF	0	1	O	7.262362674961119	43.74	0.0	1.6881827E-4
political.monaco	DEFAULT	SERIF	0	2	N	7.379363919129083	43.74	0.0	1.6881827E-4
political.monaco	DEFAULT	SERIF	0	3	A	7.500812130637636	43.74	0.0	1.6881827E-4
political.monaco	DEFAULT	SERIF	0	4	C	7.606925972006221	43.74	0.0	1.6881827E-4
political.monaco	DEFAULT	SERIF	0	5	O	7.7158	43.74	0.0	1.6881827E-4
political.san-marino	DEFAULT	SERIF	0	0	S	11.7398	43.94	0.0	2.5819265E-4
political.san-marino	DEFAULT	SERIF	0	1	A	11.859682942545195	43.94	0.0	2.5819265E-4
political.san-marino	DEFAULT	SERIF	0	2	N	12.038089386074818	43.94	0.0	2.5819265E-4
political.san-marino	DEFAULT	SERIF	0	3	\s	12.242277107571148	43.94	0.0	2.5819265E-4
political.san-marino	DEFAULT	SERIF	0	4	M	12.293839663504565	43.94	0.0	2.5819265E-4
political.san-marino	DEFAULT	SERIF	0	5	A	12.526128977984609	43.94	0.0	2.5819265E-4
political.san-marino	DEFAULT	SERIF	0	6	R	12.70453542151423	43.94	0.0	2.5819265E-4
political.san-marino	DEFAULT	SERIF	0	7	I	12.888355933416861	43.94	0.0	2.5819265E-4
political.san-marino	DEFAULT	SERIF	0	8	N	12.97601227850367	43.94	0.0	2.5819265E-4
political.san-marino	DEFAULT	SERIF	0	9	O	13.180200000000001	43.94	0.0	2.5819265E-4
political.andorra	DEFAULT	SERIF	0	0	A	1.0522	42.55	0.0	2.5819265E-4
political.andorra	DEFAULT	SERIF	0	1	N	1.2172045629094195	42.55	0.0	2.5819265E-4
political.andorra	DEFAULT	SERIF	0	2	D	1.406053715834651	42.55	0.0	2.5819265E-4
political.andorra	DEFAULT	SERIF	0	3	O	1.5858419245538742	42.55	0.0	2.5819265E-4
political.andorra	DEFAULT	SERIF	0	4	R	1.76777614637452	42.55	0.0	2.5819265E-4
political.andorra	DEFAULT	SERIF	0	5	R	1.93778807318726	42.55	0.0	2.5819265E-4
political.andorra	DEFAULT	SERIF	0	6	A	2.1078	42.55	0.0	2.5819265E-4
political.mexico	DEFAULT	SERIF	0	0	M	-103.0788	23.0	0.0	6.156902E-4
political.mexico	DEFAULT	SERIF	0	1	E	-102.4754487895717	23.0	0.0	6.156902E-4
political.mexico	DEFAULT	SERIF	0	2	X	-102.09776834264431	23.0	0.0	6.156902E-4
political.mexico	DEFAULT	SERIF	0	3	I	-101.6243284916201	23.0	0.0	6.156902E-4
political.mexico	DEFAULT	SERIF	0	4	C	-101.3966487895717	23.0	0.0	6.156902E-4
political.mexico	DEFAULT	SERIF	0	5	O	-100.9212	23.0	0.0	6.156902E-4
political.guatemala	DEFAULT	SERIF	0	0	G	-91.3962	15.6	0.0	4.1708045E-4
political.guatemala	DEFAULT	SERIF	0	1	U	-91.10925931777378	15.6	0.0	4.1708045E-4
political.guatemala	DEFAULT	SERIF	0	2	A	-90.81877615798922	15.6	0.0	4.1708045E-4
political.guatemala	DEFAULT	SERIF	0	3	T	-90.546398994614	15.6	0.0	4.1708045E-4
political.guatemala	DEFAULT	SERIF	0	4	E	-90.28268122082585	15.6	0.0	4.1708045E-4
political.guatemala	DEFAULT	SERIF	0	5	M	-90.0606859605027	15.6	0.0	4.1708045E-4
political.guatemala	DEFAULT	SERIF	0	6	A	-89.70604459605026	15.6	0.0	4.1708045E-4
political.guatemala	DEFAULT	SERIF	0	7	L	-89.43366743267505	15.6	0.0	4.1708045E-4
political.guatemala	DEFAULT	SERIF	0	8	A	-89.2038	15.6	0.0	4.1708045E-4
political.honduras	DEFAULT	SERIF	0	0	H	-87.5744	14.8	0.0	4.1708045E-4
political.honduras	DEFAULT	SERIF	0	1	O	-87.27441368301025	14.8	0.0	4.1708045E-4
political.honduras	DEFAULT	SERIF	0	2	N	-86.99183397947547	14.8	0.0	4.1708045E-4
political.honduras	DEFAULT	SERIF	0	3	D	-86.69851402508552	14.8	0.0	4.1708045E-4
political.honduras	DEFAULT	SERIF	0	4	U	-86.41926750285062	14.8	0.0	4.1708045E-4
political.honduras	DEFAULT	SERIF	0	5	R	-86.14594663625996	14.8	0.0	4.1708045E-4
political.honduras	DEFAULT	SERIF	0	6	A	-85.88188460661345	14.8	0.0	4.1708045E-4
political.honduras	DEFAULT	SERIF	0	7	S	-85.62559999999999	14.8	0.0	4.1708045E-4
political.el-salvador	DEFAULT	SERIF	0	0	E	-89.6956	13.8	0.0	2.5819265E-4
political.el-salvador	DEFAULT	SERIF	0	1	L	-89.54527557788944	13.8	0.0	2.5819265E-4
political.el-salvador	DEFAULT	SERIF	0	2	\s	-89.38962050251257	13.8	0.0	2.5819265E-4
political.el-salvador	DEFAULT	SERIF	0	3	S	-89.33631396984924	13.8	0.0	2.5819265E-4
political.el-salvador	DEFAULT	SERIF	0	4	A	-89.21237628140703	13.8	0.0	2.5819265E-4
political.el-salvador	DEFAULT	SERIF	0	5	L	-89.02793567839197	13.8	0.0	2.5819265E-4
political.el-salvador	DEFAULT	SERIF	0	6	V	-88.87228060301508	13.8	0.0	2.5819265E-4
political.el-salvador	DEFAULT	SERIF	0	7	A	-88.69317065326634	13.8	0.0	2.5819265E-4
political.el-salvador	DEFAULT	SERIF	0	8	D	-88.50873005025126	13.8	0.0	2.5819265E-4
political.el-salvador	DEFAULT	SERIF	0	9	O	-88.30776442211057	13.8	0.0	2.5819265E-4
political.el-salvador	DEFAULT	SERIF	0	10	R	-88.10440000000001	13.8	0.0	2.5819265E-4
political.nicaragua	DEFAULT	SERIF	0	0	N	-86.0962	12.9	0.0	4.1708045E-4
political.nicaragua	DEFAULT	SERIF	0	1	I	-85.77500488346281	12.9	0.0	4.1708045E-4
political.nicaragua	DEFAULT	SERIF	0	2	C	-85.63711809100998	12.9	0.0	4.1708045E-4
political.nicaragua	DEFAULT	SERIF	0	3	A	-85.34917802441731	12.9	0.0	4.1708045E-4
political.nicaragua	DEFAULT	SERIF	0	4	R	-85.06853784683685	12.9	0.0	4.1708045E-4
political.nicaragua	DEFAULT	SERIF	0	5	A	-84.77938113207547	12.9	0.0	4.1708045E-4
political.nicaragua	DEFAULT	SERIF	0	6	G	-84.498740954495	12.9	0.0	4.1708045E-4
political.nicaragua	DEFAULT	SERIF	0	7	U	-84.20309544950055	12.9	0.0	4.1708045E-4
political.nicaragua	DEFAULT	SERIF	0	8	A	-83.9038	12.9	0.0	4.1708045E-4
political.costa-rica	DEFAULT	SERIF	0	0	C	-85.3634	9.9	0.0	4.1708045E-4
political.costa-rica	DEFAULT	SERIF	0	1	O	-85.0495052631579	9.9	0.0	4.1708045E-4
political.costa-rica	DEFAULT	SERIF	0	2	S	-84.71217894736843	9.9	0.0	4.1708045E-4
political.costa-rica	DEFAULT	SERIF	0	3	T	-84.5066	9.9	0.0	4.1708045E-4
political.costa-rica	DEFAULT	SERIF	0	4	A	-84.21038947368422	9.9	0.0	4.1708045E-4
political.costa-rica	DEFAULT	SERIF	0	5	\s	-83.90445263157895	9.9	0.0	4.1708045E-4
political.costa-rica	DEFAULT	SERIF	0	6	R	-83.81603157894737	9.9	0.0	4.1708045E-4
political.costa-rica	DEFAULT	SERIF	0	7	I	-83.50081052631579	9.9	0.0	4.1708045E-4
political.costa-rica	DEFAULT	SERIF	0	8	C	-83.35049473684211	9.9	0.0	4.1708045E-4
political.costa-rica	DEFAULT	SERIF	0	9	A	-83.0366	9.9	0.0	4.1708045E-4
political.colombia	DEFAULT	SERIF	0	0	C	-74.4384	4.0	0.0	6.156902E-4
political.colombia	DEFAULT	SERIF	0	1	O	-73.99895765920826	4.0	0.0	6.156902E-4
political.colombia	DEFAULT	SERIF	0	2	L	-73.52671187607574	4.0	0.0	6.156902E-4
political.colombia	DEFAULT	SERIF	0	3	O	-73.16525507745267	4.0	0.0	6.156902E-4
political.colombia	DEFAULT	SERIF	0	4	M	-72.69300929432013	4.0	0.0	6.156902E-4
political.colombia	DEFAULT	SERIF	0	5	B	-72.13535077452667	4.0	0.0	6.156902E-4
political.colombia	DEFAULT	SERIF	0	6	I	-71.77203717728055	4.0	0.0	6.156902E-4
political.colombia	DEFAULT	SERIF	0	7	A	-71.5616	4.0	0.0	6.156902E-4
political.venezuela	DEFAULT	SERIF	0	0	V	-67.6182	7.923535291804001	0.0	7.4837526E-4
political.venezuela	DEFAULT	SERIF	0	1	E	-67.19016205471364	7.923535291804001	0.0	7.4837526E-4
political.venezuela	DEFAULT	SERIF	0	2	N	-66.83091592206259	7.923535291804001	0.0	7.4837526E-4
political.venezuela	DEFAULT	SERIF	0	3	E	-66.32644262940366	7.923535291804001	0.0	7.4837526E-4
political.venezuela	DEFAULT	SERIF	0	4	Z	-65.9671964967526	7.923535291804001	0.0	7.4837526E-4
political.venezuela	DEFAULT	SERIF	0	5	U	-65.58310887620547	7.923535291804001	0.0	7.4837526E-4
political.venezuela	DEFAULT	SERIF	0	6	E	-65.1130314898642	7.923535291804001	0.0	7.4837526E-4
political.venezuela	DEFAULT	SERIF	0	7	L	-64.75378535721315	7.923535291804001	0.0	7.4837526E-4
political.venezuela	DEFAULT	SERIF	0	8	A	-64.3818	7.923535291804001	0.0	7.4837526E-4
political.ecuador	DEFAULT	SERIF	0	0	E	-79.8782206688704	-0.774379331129603	0.0	6.162178E-4
political.ecuador	DEFAULT	SERIF	0	1	C	-79.4418356697942	-0.774379331129603	0.0	6.162178E-4
political.ecuador	DEFAULT	SERIF	0	2	U	-78.94646957619064	-0.774379331129603	0.0	6.162178E-4
political.ecuador	DEFAULT	SERIF	0	3	A	-78.439792039801	-0.774379331129603	0.0	6.162178E-4
political.ecuador	DEFAULT	SERIF	0	4	D	-77.95169758798848	-0.774379331129603	0.0	6.162178E-4
political.ecuador	DEFAULT	SERIF	0	5	O	-77.43855637000681	-0.774379331129603	0.0	6.162178E-4
political.ecuador	DEFAULT	SERIF	0	6	R	-76.92177933112961	-0.774379331129603	0.0	6.162178E-4
political.peru	DEFAULT	SERIF	0	0	P	-76.44947147871933	-8.920169706714493	-4.0	0.0011056911
political.peru	DEFAULT	SERIF	0	1	E	-75.73713823591419	-8.96998089942525	-4.0	0.0011056911
political.peru	DEFAULT	SERIF	0	2	R	-75.01466027395388	-9.020501480004585	-4.0	0.0011056911
political.peru	DEFAULT	SERIF	0	3	U	-74.16621871581667	-9.079830293285507	-4.0	0.0011056911
political.bolivia	DEFAULT	SERIF	0	0	B	-66.2586	-17.0	0.0	6.156902E-4
political.bolivia	DEFAULT	SERIF	0	1	O	-65.80893584905661	-17.0	0.0	6.156902E-4
political.bolivia	DEFAULT	SERIF	0	2	L	-65.22444905660377	-17.0	0.0	6.156902E-4
political.bolivia	DEFAULT	SERIF	0	3	I	-64.77708301886793	-17.0	0.0	6.156902E-4
political.bolivia	DEFAULT	SERIF	0	4	V	-64.51663018867924	-17.0	0.0	6.156902E-4
political.bolivia	DEFAULT	SERIF	0	5	I	-64.00185283018868	-17.0	0.0	6.156902E-4
political.bolivia	DEFAULT	SERIF	0	6	A	-63.7414	-17.0	0.0	6.156902E-4
political.chile	DEFAULT	SERIF	0	0	C	-71.27780627794307	-33.854999808149344	72.0	6.156902E-4
political.chile	DEFAULT	SERIF	0	1	H	-71.11639673838532	-33.358232325509384	72.0	6.156902E-4
political.chile	DEFAULT	SERIF	0	2	I	-70.93225346086167	-32.791497591793366	72.0	6.156902E-4
political.chile	DEFAULT	SERIF	0	3	L	-70.85495875177767	-32.55360893813479	72.0	6.156902E-4
political.chile	DEFAULT	SERIF	0	4	E	-70.72219372205693	-32.145000191850656	72.0	6.156902E-4
political.argentina	DEFAULT	SERIF	0	0	A	-66.6182	-35.0	0.0	6.156902E-4
political.argentina	DEFAULT	SERIF	0	1	R	-66.19499727891157	-35.0	0.0	6.156902E-4
political.argentina	DEFAULT	SERIF	0	2	G	-65.75895170068027	-35.0	0.0	6.156902E-4
political.argentina	DEFAULT	SERIF	0	3	E	-65.31312108843538	-35.0	0.0	6.156902E-4
political.argentina	DEFAULT	SERIF	0	4	N	-64.96819863945578	-35.0	0.0	6.156902E-4
political.argentina	DEFAULT	SERIF	0	5	T	-64.48383945578232	-35.0	0.0	6.156902E-4
political.argentina	DEFAULT	SERIF	0	6	I	-64.07409115646259	-35.0	0.0	6.156902E-4
political.argentina	DEFAULT	SERIF	0	7	N	-63.86615918367347	-35.0	0.0	6.156902E-4
political.argentina	DEFAULT	SERIF	0	8	A	-63.3818	-35.0	0.0	6.156902E-4
political.brazil	DEFAULT	SERIF	0	0	B	-53.0788	-10.0	0.0	6.156902E-4
political.brazil	DEFAULT	SERIF	0	1	R	-52.64728	-10.0	0.0	6.156902E-4
political.brazil	DEFAULT	SERIF	0	2	A	-52.1231339011925	-10.0	0.0	6.156902E-4
political.brazil	DEFAULT	SERIF	0	3	Z	-51.61442548551959	-10.0	0.0	6.156902E-4
political.brazil	DEFAULT	SERIF	0	4	I	-51.171143441226576	-10.0	0.0	6.156902E-4
political.brazil	DEFAULT	SERIF	0	5	L	-50.9212	-10.0	0.0	6.156902E-4
political.paraguay	DEFAULT	SERIF	0	0	P	-58.9744	-23.5	0.0	4.1708045E-4
political.paraguay	DEFAULT	SERIF	0	1	A	-58.750660898502495	-23.5	0.0	4.1708045E-4
political.paraguay	DEFAULT	SERIF	0	2	R	-58.470176372712146	-23.5	0.0	4.1708045E-4
political.paraguay	DEFAULT	SERIF	0	3	A	-58.18118003327787	-23.5	0.0	4.1708045E-4
political.paraguay	DEFAULT	SERIF	0	4	G	-57.90069550748752	-23.5	0.0	4.1708045E-4
political.paraguay	DEFAULT	SERIF	0	5	U	-57.60521397670549	-23.5	0.0	4.1708045E-4
political.paraguay	DEFAULT	SERIF	0	6	A	-57.30608452579035	-23.5	0.0	4.1708045E-4
political.paraguay	DEFAULT	SERIF	0	7	Y	-57.0256	-23.5	0.0	4.1708045E-4
political.uruguay	DEFAULT	SERIF	0	0	U	-56.8526	-32.8	0.0	4.1708045E-4
political.uruguay	DEFAULT	SERIF	0	1	R	-56.56317092916284	-32.8	0.0	4.1708045E-4
political.uruguay	DEFAULT	SERIF	0	2	U	-56.28354636614535	-32.8	0.0	4.1708045E-4
political.uruguay	DEFAULT	SERIF	0	3	G	-55.994117295308186	-32.8	0.0	4.1708045E-4
political.uruguay	DEFAULT	SERIF	0	4	U	-55.70821784728611	-32.8	0.0	4.1708045E-4
political.uruguay	DEFAULT	SERIF	0	5	A	-55.41878877644894	-32.8	0.0	4.1708045E-4
political.uruguay	DEFAULT	SERIF	0	6	Y	-55.1474	-32.8	0.0	4.1708045E-4
political.haiti	DEFAULT	SERIF	0	0	H	-73.309	19.0	0.0	4.1708045E-4
political.haiti	DEFAULT	SERIF	0	1	A	-72.91625318471338	19.0	0.0	4.1708045E-4
political.haiti	DEFAULT	SERIF	0	2	I	-72.58072133757962	19.0	0.0	4.1708045E-4
political.haiti	DEFAULT	SERIF	0	3	T	-72.41586464968154	19.0	0.0	4.1708045E-4
political.haiti	DEFAULT	SERIF	0	4	I	-72.09100000000001	19.0	0.0	4.1708045E-4
political.dominican-republic	DEFAULT	SERIF	0	0	D	-71.595098885216	19.2170804459136	0.0	4.1708045E-4
political.dominican-republic	DEFAULT	SERIF	0	1	O	-71.28398110872497	19.2170804459136	0.0	4.1708045E-4
political.dominican-republic	DEFAULT	SERIF	0	2	M	-70.96914972482226	19.2170804459136	0.0	4.1708045E-4
political.dominican-republic	DEFAULT	SERIF	0	3	I	-70.59737636060686	19.2170804459136	0.0	4.1708045E-4
political.dominican-republic	DEFAULT	SERIF	0	4	N	-70.45708452505387	19.2170804459136	0.0	4.1708045E-4
political.dominican-republic	DEFAULT	SERIF	0	5	I	-70.13028707282457	19.2170804459136	0.0	4.1708045E-4
political.dominican-republic	DEFAULT	SERIF	0	6	C	-69.98999523727159	19.2170804459136	0.0	4.1708045E-4
political.dominican-republic	DEFAULT	SERIF	0	7	A	-69.69703287479331	19.2170804459136	0.0	4.1708045E-4
political.dominican-republic	DEFAULT	SERIF	0	8	N	-69.41149772713841	19.2170804459136	0.0	4.1708045E-4
political.dominican-republic	DEFAULT	SERIF	0	9	\s	-69.08470027490911	19.2170804459136	0.0	4.1708045E-4
political.dominican-republic	DEFAULT	SERIF	0	10	R	-69.0021756657603	19.2170804459136	0.0	4.1708045E-4
political.dominican-republic	DEFAULT	SERIF	0	11	E	-68.70797543414479	19.2170804459136	0.0	4.1708045E-4
political.dominican-republic	DEFAULT	SERIF	0	12	P	-68.47525603634513	19.2170804459136	0.0	4.1708045E-4
political.dominican-republic	DEFAULT	SERIF	0	13	U	-68.24748811509441	19.2170804459136	0.0	4.1708045E-4
political.dominican-republic	DEFAULT	SERIF	0	14	B	-67.94297230733528	19.2170804459136	0.0	4.1708045E-4
political.dominican-republic	DEFAULT	SERIF	0	15	L	-67.70076257948352	19.2170804459136	0.0	4.1708045E-4
political.dominican-republic	DEFAULT	SERIF	0	16	I	-67.45979072076899	19.2170804459136	0.0	4.1708045E-4
political.dominican-republic	DEFAULT	SERIF	0	17	C	-67.319498885216	19.2170804459136	0.0	4.1708045E-4
political.ethiopia	DEFAULT	SERIF	0	0	E	38.0616	8.5	0.0	6.156902E-4
political.ethiopia	DEFAULT	SERIF	0	1	T	38.46331210695717	8.5	0.0	6.156902E-4
political.ethiopia	DEFAULT	SERIF	0	2	H	38.940523297846	8.5	0.0	6.156902E-4
political.ethiopia	DEFAULT	SERIF	0	3	I	39.51745025996534	8.5	0.0	6.156902E-4
political.ethiopia	DEFAULT	SERIF	0	4	O	39.7596171329537	8.5	0.0	6.156902E-4
political.ethiopia	DEFAULT	SERIF	0	5	P	40.30306808615994	8.5	0.0	6.156902E-4
political.ethiopia	DEFAULT	SERIF	0	6	I	40.69623312701164	8.5	0.0	6.156902E-4
political.ethiopia	DEFAULT	SERIF	0	7	A	40.9384	8.5	0.0	6.156902E-4
political.liberia	DEFAULT	SERIF	0	0	L	-10.152600000000001	6.5	0.0	4.1708045E-4
political.liberia	DEFAULT	SERIF	0	1	I	-9.834237851662404	6.5	0.0	4.1708045E-4
political.liberia	DEFAULT	SERIF	0	2	B	-9.648890025575449	6.5	0.0	4.1708045E-4
political.liberia	DEFAULT	SERIF	0	3	E	-9.328892455242968	6.5	0.0	4.1708045E-4
political.liberia	DEFAULT	SERIF	0	4	R	-9.021433120204604	6.5	0.0	4.1708045E-4
political.liberia	DEFAULT	SERIF	0	5	I	-8.632747826086957	6.5	0.0	4.1708045E-4
political.liberia	DEFAULT	SERIF	0	6	A	-8.4474	6.5	0.0	4.1708045E-4
political.morocco	DEFAULT	SERIF	0	0	M	-8.2586	31.5	0.0	6.156902E-4
political.morocco	DEFAULT	SERIF	0	1	O	-7.7612321929824555	31.5	0.0	6.156902E-4
political.morocco	DEFAULT	SERIF	0	2	R	-7.340042807017544	31.5	0.0	6.156902E-4
political.morocco	DEFAULT	SERIF	0	3	O	-6.946454298245614	31.5	0.0	6.156902E-4
political.morocco	DEFAULT	SERIF	0	4	C	-6.525264912280702	31.5	0.0	6.156902E-4
political.morocco	DEFAULT	SERIF	0	5	C	-6.1333324561403515	31.5	0.0	6.156902E-4
political.morocco	DEFAULT	SERIF	0	6	O	-5.7414000000000005	31.5	0.0	6.156902E-4
political.egypt	DEFAULT	SERIF	0	0	E	28.101	27.0	0.0	6.156902E-4
political.egypt	DEFAULT	SERIF	0	1	G	28.51951919108543	27.0	0.0	6.156902E-4
political.egypt	DEFAULT	SERIF	0	2	Y	29.06047750722245	27.0	0.0	6.156902E-4
political.egypt	DEFAULT	SERIF	0	3	P	29.489385472554684	27.0	0.0	6.156902E-4
political.egypt	DEFAULT	SERIF	0	4	T	29.899	27.0	0.0	6.156902E-4
political.orange-free-state	DEFAULT	SERIF	0	0	O	24.5386	-29.0	0.0	4.1708045E-4
political.orange-free-state	DEFAULT	SERIF	0	1	R	24.85356331684731	-29.0	0.0	4.1708045E-4
political.orange-free-state	DEFAULT	SERIF	0	2	A	25.14788683573608	-29.0	0.0	4.1708045E-4
political.orange-free-state	DEFAULT	SERIF	0	3	N	25.433541639482268	-29.0	0.0	4.1708045E-4
political.orange-free-state	DEFAULT	SERIF	0	4	G	25.760476039145534	-29.0	0.0	4.1708045E-4
political.orange-free-state	DEFAULT	SERIF	0	5	E	26.061404293381038	-29.0	0.0	4.1708045E-4
political.orange-free-state	DEFAULT	SERIF	0	6	\s	26.294221214353364	-29.0	0.0	4.1708045E-4
political.orange-free-state	DEFAULT	SERIF	0	7	F	26.37678040618752	-29.0	0.0	4.1708045E-4
political.orange-free-state	DEFAULT	SERIF	0	8	R	26.588131937282963	-29.0	0.0	4.1708045E-4
political.orange-free-state	DEFAULT	SERIF	0	9	E	26.882455456171737	-29.0	0.0	4.1708045E-4
political.orange-free-state	DEFAULT	SERIF	0	10	E	27.11527237714406	-29.0	0.0	4.1708045E-4
political.orange-free-state	DEFAULT	SERIF	0	11	\s	27.348089298116385	-29.0	0.0	4.1708045E-4
political.orange-free-state	DEFAULT	SERIF	0	12	S	27.430648489950542	-29.0	0.0	4.1708045E-4
political.orange-free-state	DEFAULT	SERIF	0	13	T	27.62259861096496	-29.0	0.0	4.1708045E-4
political.orange-free-state	DEFAULT	SERIF	0	14	A	27.899171903609385	-29.0	0.0	4.1708045E-4
political.orange-free-state	DEFAULT	SERIF	0	15	T	28.184826707355572	-29.0	0.0	4.1708045E-4
political.orange-free-state	DEFAULT	SERIF	0	16	E	28.4614	-29.0	0.0	4.1708045E-4
political.transvaal	DEFAULT	SERIF	0	0	T	27.9038	-25.0	0.0	4.1708045E-4
political.transvaal	DEFAULT	SERIF	0	1	R	28.17642583518931	-25.0	0.0	4.1708045E-4
political.transvaal	DEFAULT	SERIF	0	2	A	28.46654855233853	-25.0	0.0	4.1708045E-4
political.transvaal	DEFAULT	SERIF	0	3	N	28.74812628062361	-25.0	0.0	4.1708045E-4
political.transvaal	DEFAULT	SERIF	0	4	S	29.070394432071268	-25.0	0.0	4.1708045E-4
political.transvaal	DEFAULT	SERIF	0	5	V	29.259604899777283	-25.0	0.0	4.1708045E-4
political.transvaal	DEFAULT	SERIF	0	6	A	29.533044543429845	-25.0	0.0	4.1708045E-4
political.transvaal	DEFAULT	SERIF	0	7	A	29.81462227171492	-25.0	0.0	4.1708045E-4
political.transvaal	DEFAULT	SERIF	0	8	L	30.0962	-25.0	0.0	4.1708045E-4
political.persia	DEFAULT	SERIF	0	0	P	52.9212	32.0	0.0	6.156902E-4
political.persia	DEFAULT	SERIF	0	1	E	53.37336218678816	32.0	0.0	6.156902E-4
political.persia	DEFAULT	SERIF	0	2	R	53.83535398633257	32.0	0.0	6.156902E-4
political.persia	DEFAULT	SERIF	0	3	S	54.41939681093394	32.0	0.0	6.156902E-4
political.persia	DEFAULT	SERIF	0	4	I	54.80029430523918	32.0	0.0	6.156902E-4
political.persia	DEFAULT	SERIF	0	5	A	55.0788	32.0	0.0	6.156902E-4
political.afghanistan	DEFAULT	SERIF	0	0	A	64.0222	33.0	0.0	6.156902E-4
political.afghanistan	DEFAULT	SERIF	0	1	F	64.45030059430717	33.0	0.0	6.156902E-4
political.afghanistan	DEFAULT	SERIF	0	2	G	64.76704554269628	33.0	0.0	6.156902E-4
political.afghanistan	DEFAULT	SERIF	0	3	H	65.21803590866438	33.0	0.0	6.156902E-4
political.afghanistan	DEFAULT	SERIF	0	4	A	65.71913631529559	33.0	0.0	6.156902E-4
political.afghanistan	DEFAULT	SERIF	0	5	N	66.14723690960275	33.0	0.0	6.156902E-4
political.afghanistan	DEFAULT	SERIF	0	6	I	66.63720175164217	33.0	0.0	6.156902E-4
political.afghanistan	DEFAULT	SERIF	0	7	S	66.8475401939318	33.0	0.0	6.156902E-4
political.afghanistan	DEFAULT	SERIF	0	8	T	67.13520894588677	33.0	0.0	6.156902E-4
political.afghanistan	DEFAULT	SERIF	0	9	A	67.54969940569283	33.0	0.0	6.156902E-4
political.afghanistan	DEFAULT	SERIF	0	10	N	67.9778	33.0	0.0	6.156902E-4
political.korea	DEFAULT	SERIF	0	0	K	127.22219372205693	37.34500019185066	72.0	6.156902E-4
political.korea	DEFAULT	SERIF	0	1	O	127.36125000671642	37.772971429887924	72.0	6.156902E-4
political.korea	DEFAULT	SERIF	0	2	R	127.51705021992521	38.25247518116904	72.0	6.156902E-4
political.korea	DEFAULT	SERIF	0	3	E	127.66264072060393	38.70055666827707	72.0	6.156902E-4
political.korea	DEFAULT	SERIF	0	4	A	127.77780627794307	39.05499980814935	72.0	6.156902E-4
political.siam	DEFAULT	SERIF	0	0	S	100.76051182935942	14.262931199871256	72.0	6.156902E-4
political.siam	DEFAULT	SERIF	0	1	I	100.90929205560907	14.720829652857049	72.0	6.156902E-4
political.siam	DEFAULT	SERIF	0	2	A	101.01807759738303	15.055637123857414	72.0	6.156902E-4
political.siam	DEFAULT	SERIF	0	3	M	101.23948817064058	15.737068800128744	72.0	6.156902E-4
political.oman	DEFAULT	SERIF	0	0	O	56.6988723709157	20.56994517674828	55.0	4.1708045E-4
political.oman	DEFAULT	SERIF	0	1	M	56.8939151391596	20.848495117445278	55.0	4.1708045E-4
political.oman	DEFAULT	SERIF	0	2	A	57.12423431896008	21.177424994991796	55.0	4.1708045E-4
political.oman	DEFAULT	SERIF	0	3	N	57.3011276290843	21.43005482325172	55.0	4.1708045E-4
political.nepal	DEFAULT	SERIF	0	0	N	82.98642448009257	28.859813119146104	-24.0	5.069639E-4
political.nepal	DEFAULT	SERIF	0	1	E	83.55398268934321	28.607119923805367	-24.0	5.069639E-4
political.nepal	DEFAULT	SERIF	0	2	P	84.02396581099033	28.397869956437216	-24.0	5.069639E-4
political.nepal	DEFAULT	SERIF	0	3	A	84.48881340171096	28.190906474751834	-24.0	5.069639E-4
political.nepal	DEFAULT	SERIF	0	4	L	85.01357551990743	27.957267326767493	-24.0	5.069639E-4
political.bhutan	DEFAULT	SERIF	0	0	B	89.72485918395445	27.5	0.0	3.2952652E-4
political.bhutan	DEFAULT	SERIF	0	1	H	90.00583357728716	27.5	0.0	3.2952652E-4
political.bhutan	DEFAULT	SERIF	0	2	U	90.34450611188383	27.5	0.0	3.2952652E-4
political.bhutan	DEFAULT	SERIF	0	3	T	90.66454965019796	27.5	0.0	3.2952652E-4
political.bhutan	DEFAULT	SERIF	0	4	A	90.96699913646748	27.5	0.0	3.2952652E-4
political.bhutan	DEFAULT	SERIF	0	5	N	91.27514081604555	27.5	0.0	3.2952652E-4
political.hawaii	DEFAULT	SERIF	0	0	H	-158.86542284575572	20.828924378136698	-10.0	4.1708045E-4
political.hawaii	DEFAULT	SERIF	0	1	A	-158.54842032712315	20.773028281149237	-10.0	4.1708045E-4
political.hawaii	DEFAULT	SERIF	0	2	W	-158.27759842231606	20.72527507236489	-10.0	4.1708045E-4
political.hawaii	DEFAULT	SERIF	0	3	A	-157.9191116234674	20.66206417750006	-10.0	4.1708045E-4
political.hawaii	DEFAULT	SERIF	0	4	I	-157.6482897186603	20.61431096871571	-10.0	4.1708045E-4
political.hawaii	DEFAULT	SERIF	0	5	I	-157.51522693306146	20.59084840948641	-10.0	4.1708045E-4
political.hawaii	DEFAULT	SERIF	0	6	A	-157.3821641474626	20.567385850257104	-10.0	4.1708045E-4
political.hawaii	DEFAULT	SERIF	0	7	N	-157.11134224265552	20.519632641472757	-10.0	4.1708045E-4
political.hawaii	DEFAULT	SERIF	0	8	\s	-156.80138422443702	20.464978679973907	-10.0	4.1708045E-4
political.hawaii	DEFAULT	SERIF	0	9	K	-156.72311199761415	20.451177174544906	-10.0	4.1708045E-4
political.hawaii	DEFAULT	SERIF	0	10	I	-156.45659506528233	20.40418304855915	-10.0	4.1708045E-4
political.hawaii	DEFAULT	SERIF	0	11	N	-156.32353227968346	20.380720489329846	-10.0	4.1708045E-4
political.hawaii	DEFAULT	SERIF	0	12	G	-156.01357426146495	20.326066527831	-10.0	4.1708045E-4
political.hawaii	DEFAULT	SERIF	0	13	D	-155.72827199469566	20.275760040542284	-10.0	4.1708045E-4
political.hawaii	DEFAULT	SERIF	0	14	O	-155.43318569957347	20.223728365074948	-10.0	4.1708045E-4
political.hawaii	DEFAULT	SERIF	0	15	M	-155.13457715424428	20.171075621863302	-10.0	4.1708045E-4
place.london	DEFAULT	ITALIC	0	0	L	0.15633200000000003	51.501941	0.0	4.965243E-4
place.london	DEFAULT	ITALIC	0	1	o	0.5814870712489524	51.501941	0.0	4.965243E-4
place.london	DEFAULT	ITALIC	0	2	n	0.8586035842414084	51.501941	0.0	4.965243E-4
place.london	DEFAULT	ITALIC	0	3	d	1.2429204325230514	51.501941	0.0	4.965243E-4
place.london	DEFAULT	ITALIC	0	4	o	1.6192154870075441	51.501941	0.0	4.965243E-4
place.london	DEFAULT	ITALIC	0	5	n	1.8963320000000004	51.501941	0.0	4.965243E-4
place.london	CAPITAL	SERIF	0	0	L	0.21133200000000008	51.501941	0.0	5.958292E-4
place.london	CAPITAL	SERIF	0	1	O	0.544863728665208	51.501941	0.0	5.958292E-4
place.london	CAPITAL	SERIF	0	2	N	0.9806252166301971	51.501941	0.0	5.958292E-4
place.london	CAPITAL	SERIF	0	3	D	1.4329490678336982	51.501941	0.0	5.958292E-4
place.london	CAPITAL	SERIF	0	4	O	1.863570512035011	51.501941	0.0	5.958292E-4
place.london	CAPITAL	SERIF	0	5	N	2.299332	51.501941	0.0	5.958292E-4
place.portsmouth	DEFAULT	ITALIC	0	0	P	-0.8600220000000001	50.800348	0.0	3.9721947E-4
place.portsmouth	DEFAULT	ITALIC	0	1	o	-0.5200996598498577	50.800348	0.0	3.9721947E-4
place.portsmouth	DEFAULT	ITALIC	0	2	r	-0.29188324773492114	50.800348	0.0	3.9721947E-4
place.portsmouth	DEFAULT	ITALIC	0	3	t	-0.06426740512555029	50.800348	0.0	3.9721947E-4
place.portsmouth	DEFAULT	ITALIC	0	4	s	0.11109889049961141	50.800348	0.0	3.9721947E-4
place.portsmouth	DEFAULT	ITALIC	0	5	m	0.2768560740357233	50.800348	0.0	3.9721947E-4
place.portsmouth	DEFAULT	ITALIC	0	6	o	0.7507054139269997	50.800348	0.0	3.9721947E-4
place.portsmouth	DEFAULT	ITALIC	0	7	u	0.9789218260419361	50.800348	0.0	3.9721947E-4
place.portsmouth	DEFAULT	ITALIC	0	8	t	1.2846117043748382	50.800348	0.0	3.9721947E-4
place.portsmouth	DEFAULT	ITALIC	0	9	h	1.4599779999999998	50.800348	0.0	3.9721947E-4
place.portsmouth	CAPITAL	SERIF	0	0	P	-0.816022	50.800348	0.0	4.7666335E-4
place.portsmouth	CAPITAL	SERIF	0	1	O	-0.5695475813953488	50.800348	0.0	4.7666335E-4
place.portsmouth	CAPITAL	SERIF	0	2	R	-0.2288592093023255	50.800348	0.0	4.7666335E-4
place.portsmouth	CAPITAL	SERIF	0	3	T	0.08950358139534886	50.800348	0.0	4.7666335E-4
place.portsmouth	CAPITAL	SERIF	0	4	S	0.38866637209302324	50.800348	0.0	4.7666335E-4
place.portsmouth	CAPITAL	SERIF	0	5	M	0.5962942790697674	50.800348	0.0	4.7666335E-4
place.portsmouth	CAPITAL	SERIF	0	6	O	0.9986012558139532	50.800348	0.0	4.7666335E-4
place.portsmouth	CAPITAL	SERIF	0	7	U	1.3392896279069766	50.800348	0.0	4.7666335E-4
place.portsmouth	CAPITAL	SERIF	0	8	T	1.668815209302325	50.800348	0.0	4.7666335E-4
place.portsmouth	CAPITAL	SERIF	0	9	H	1.9679779999999998	50.800348	0.0	4.7666335E-4
place.liverpool	DEFAULT	ITALIC	0	0	L	-2.7419339999999996	53.405068	0.0	3.9721947E-4
place.liverpool	DEFAULT	ITALIC	0	1	i	-2.3622384291952585	53.405068	0.0	3.9721947E-4
place.liverpool	DEFAULT	ITALIC	0	2	v	-2.1707624466625073	53.405068	0.0	3.9721947E-4
place.liverpool	DEFAULT	ITALIC	0	3	e	-1.9037381172800993	53.405068	0.0	3.9721947E-4
place.liverpool	DEFAULT	ITALIC	0	4	r	-1.6816520286961942	53.405068	0.0	3.9721947E-4
place.liverpool	DEFAULT	ITALIC	0	5	p	-1.434817343730505	53.405068	0.0	3.9721947E-4
place.liverpool	DEFAULT	ITALIC	0	6	o	-1.1489059276356828	53.405068	0.0	3.9721947E-4
place.liverpool	DEFAULT	ITALIC	0	7	o	-0.9014199638178413	53.405068	0.0	3.9721947E-4
place.liverpool	DEFAULT	ITALIC	0	8	l	-0.6539339999999996	53.405068	0.0	3.9721947E-4
place.liverpool	CAPITAL	SERIF	0	0	L	-2.697934	53.405068	0.0	4.7666335E-4
place.liverpool	CAPITAL	SERIF	0	1	I	-2.4023835253484145	53.405068	0.0	4.7666335E-4
place.liverpool	CAPITAL	SERIF	0	2	V	-2.230316468188245	53.405068	0.0	4.7666335E-4
place.liverpool	CAPITAL	SERIF	0	3	E	-1.8902309905069683	53.405068	0.0	4.7666335E-4
place.liverpool	CAPITAL	SERIF	0	4	R	-1.6048021074530396	53.405068	0.0	4.7666335E-4
place.liverpool	CAPITAL	SERIF	0	5	P	-1.243967366996566	53.405068	0.0	4.7666335E-4
place.liverpool	CAPITAL	SERIF	0	6	O	-0.9646114389012317	53.405068	0.0	4.7666335E-4
place.liverpool	CAPITAL	SERIF	0	7	O	-0.5784727194506155	53.405068	0.0	4.7666335E-4
place.liverpool	CAPITAL	SERIF	0	8	L	-0.19233399999999978	53.405068	0.0	4.7666335E-4
place.glasgow	DEFAULT	ITALIC	0	0	G	-4.019101	55.86227	0.0	3.9721947E-4
place.glasgow	DEFAULT	ITALIC	0	1	l	-3.578987390532544	55.86227	0.0	3.9721947E-4
place.glasgow	DEFAULT	ITALIC	0	2	a	-3.3957668777120316	55.86227	0.0	3.9721947E-4
place.glasgow	DEFAULT	ITALIC	0	3	s	-3.081216976331361	55.86227	0.0	3.9721947E-4
place.glasgow	DEFAULT	ITALIC	0	4	g	-2.904402775147929	55.86227	0.0	3.9721947E-4
place.glasgow	DEFAULT	ITALIC	0	5	o	-2.638540842209073	55.86227	0.0	3.9721947E-4
place.glasgow	DEFAULT	ITALIC	0	6	w	-2.395101	55.86227	0.0	3.9721947E-4
place.glasgow	CAPITAL	SERIF	0	0	G	-3.9751009999999996	55.86227	0.0	4.7666335E-4
place.glasgow	CAPITAL	SERIF	0	1	L	-3.6165257349823317	55.86227	0.0	4.7666335E-4
place.glasgow	CAPITAL	SERIF	0	2	A	-3.329272024734982	55.86227	0.0	4.7666335E-4
place.glasgow	CAPITAL	SERIF	0	3	S	-2.9888960530035336	55.86227	0.0	4.7666335E-4
place.glasgow	CAPITAL	SERIF	0	4	G	-2.7601752049469965	55.86227	0.0	4.7666335E-4
place.glasgow	CAPITAL	SERIF	0	5	O	-2.4015999399293286	55.86227	0.0	4.7666335E-4
place.glasgow	CAPITAL	SERIF	0	6	W	-2.026301	55.86227	0.0	4.7666335E-4
place.paris	DEFAULT	ITALIC	0	0	P	2.627992	49.15600660838169	0.0	4.503622E-4
place.paris	DEFAULT	ITALIC	0	1	a	3.102385063583815	49.15600660838169	0.0	4.503622E-4
place.paris	DEFAULT	ITALIC	0	2	r	3.5139168554913294	49.15600660838169	0.0	4.503622E-4
place.paris	DEFAULT	ITALIC	0	3	i	3.8315758150289017	49.15600660838169	0.0	4.503622E-4
place.paris	DEFAULT	ITALIC	0	4	s	4.077992	49.15600660838169	0.0	4.503622E-4
place.paris	CAPITAL	SERIF	0	0	P	2.6829919999999996	49.15600660838169	0.0	5.404347E-4
place.paris	CAPITAL	SERIF	0	1	A	3.101137407052677	49.15600660838169	0.0	5.404347E-4
place.paris	CAPITAL	SERIF	0	2	R	3.625334185459294	49.15600660838169	0.0	5.404347E-4
place.paris	CAPITAL	SERIF	0	3	I	4.165438669569003	49.15600660838169	0.0	5.404347E-4
place.paris	CAPITAL	SERIF	0	4	S	4.422992	49.15600660838169	0.0	5.404347E-4
place.brest	DEFAULT	ITALIC	0	0	B	-4.275008000000001	48.390443	0.0	3.9721947E-4
place.brest	DEFAULT	ITALIC	0	1	r	-3.851844734693878	48.390443	0.0	3.9721947E-4
place.brest	DEFAULT	ITALIC	0	2	e	-3.5714620816326534	48.390443	0.0	3.9721947E-4
place.brest	DEFAULT	ITALIC	0	3	s	-3.3191916734693883	48.390443	0.0	3.9721947E-4
place.brest	DEFAULT	ITALIC	0	4	t	-3.1150080000000004	48.390443	0.0	3.9721947E-4
place.brest	CAPITAL	SERIF	0	0	B	-4.231008	48.390443	0.0	4.7666335E-4
place.brest	CAPITAL	SERIF	0	1	R	-3.880169013310434	48.390443	0.0	4.7666335E-4
place.brest	CAPITAL	SERIF	0	2	E	-3.454022169171319	48.390443	0.0	4.7666335E-4
place.brest	CAPITAL	SERIF	0	3	S	-3.116929854873337	48.390443	0.0	4.7666335E-4
place.brest	CAPITAL	SERIF	0	4	T	-2.8390080000000006	48.390443	0.0	4.7666335E-4
place.marseilles	DEFAULT	ITALIC	0	0	M	5.593064	43.291925	0.0	3.9721947E-4
place.marseilles	DEFAULT	ITALIC	0	1	a	6.2169771614654	43.291925	0.0	3.9721947E-4
place.marseilles	DEFAULT	ITALIC	0	2	r	6.5261006350067845	43.291925	0.0	3.9721947E-4
place.marseilles	DEFAULT	ITALIC	0	3	s	6.764711218453189	43.291925	0.0	3.9721947E-4
place.marseilles	DEFAULT	ITALIC	0	4	e	6.938475126187246	43.291925	0.0	3.9721947E-4
place.marseilles	DEFAULT	ITALIC	0	5	i	7.153161693351425	43.291925	0.0	3.9721947E-4
place.marseilles	DEFAULT	ITALIC	0	6	l	7.3382580298507465	43.291925	0.0	3.9721947E-4
place.marseilles	DEFAULT	ITALIC	0	7	l	7.518317731343284	43.291925	0.0	3.9721947E-4
place.marseilles	DEFAULT	ITALIC	0	8	e	7.698377432835821	43.291925	0.0	3.9721947E-4
place.marseilles	DEFAULT	ITALIC	0	9	s	7.913064	43.291925	0.0	3.9721947E-4
place.marseilles	CAPITAL	SERIF	0	0	M	5.6370640000000005	43.291925	0.0	4.7666335E-4
place.marseilles	CAPITAL	SERIF	0	1	A	6.100978185315332	43.291925	0.0	4.7666335E-4
place.marseilles	CAPITAL	SERIF	0	2	R	6.457280756056964	43.291925	0.0	4.7666335E-4
place.marseilles	CAPITAL	SERIF	0	3	S	6.824395977066765	43.291925	0.0	4.7666335E-4
place.marseilles	CAPITAL	SERIF	0	4	E	7.0638189472905495	43.291925	0.0	4.7666335E-4
place.marseilles	CAPITAL	SERIF	0	5	I	7.3542158402071385	43.291925	0.0	4.7666335E-4
place.marseilles	CAPITAL	SERIF	0	6	L	7.529277796929906	43.291925	0.0	4.7666335E-4
place.marseilles	CAPITAL	SERIF	0	7	L	7.829972452006658	43.291925	0.0	4.7666335E-4
place.marseilles	CAPITAL	SERIF	0	8	E	8.13066710708341	43.291925	0.0	4.7666335E-4
place.marseilles	CAPITAL	SERIF	0	9	S	8.421064	43.291925	0.0	4.7666335E-4
place.bordeaux	DEFAULT	ITALIC	0	0	B	-0.45945899999999995	44.851959	0.0	2.4826216E-4
place.bordeaux	DEFAULT	ITALIC	0	1	o	-0.25132851066499373	44.851959	0.0	2.4826216E-4
place.bordeaux	DEFAULT	ITALIC	0	2	r	-0.11306000376411546	44.851959	0.0	2.4826216E-4
place.bordeaux	DEFAULT	ITALIC	0	3	d	0.024844638644918537	44.851959	0.0	2.4826216E-4
place.bordeaux	DEFAULT	ITALIC	0	4	e	0.21259871643663752	44.851959	0.0	2.4826216E-4
place.bordeaux	DEFAULT	ITALIC	0	5	a	0.3366765081555835	44.851959	0.0	2.4826216E-4
place.bordeaux	DEFAULT	ITALIC	0	6	u	0.5153339736511919	44.851959	0.0	2.4826216E-4
place.bordeaux	DEFAULT	ITALIC	0	7	x	0.700541	44.851959	0.0	2.4826216E-4
place.bordeaux	CAPITAL	SERIF	0	0	B	-0.431959	44.851959	0.0	2.979146E-4
place.bordeaux	CAPITAL	SERIF	0	1	O	-0.2621182184577011	44.851959	0.0	2.979146E-4
place.bordeaux	CAPITAL	SERIF	0	2	R	-0.04135413614633132	44.851959	0.0	2.979146E-4
place.bordeaux	CAPITAL	SERIF	0	3	D	0.16494309935564333	44.851959	0.0	2.979146E-4
place.bordeaux	CAPITAL	SERIF	0	4	E	0.38310314924132205	44.851959	0.0	2.979146E-4
place.bordeaux	CAPITAL	SERIF	0	5	A	0.5462891812512991	44.851959	0.0	2.979146E-4
place.bordeaux	CAPITAL	SERIF	0	6	U	0.7465103410933278	44.851959	0.0	2.979146E-4
place.bordeaux	CAPITAL	SERIF	0	7	X	0.9600409999999999	44.851959	0.0	2.979146E-4
place.berlin	DEFAULT	ITALIC	0	0	B	13.674603000000001	52.82167860838169	0.0	4.965243E-4
place.berlin	DEFAULT	ITALIC	0	1	e	14.206269666666667	52.82167860838169	0.0	4.965243E-4
place.berlin	DEFAULT	ITALIC	0	2	r	14.523224794871796	52.82167860838169	0.0	4.965243E-4
place.berlin	DEFAULT	ITALIC	0	3	l	14.875500435897436	52.82167860838169	0.0	4.965243E-4
place.berlin	DEFAULT	ITALIC	0	4	i	15.14133376923077	52.82167860838169	0.0	4.965243E-4
place.berlin	DEFAULT	ITALIC	0	5	n	15.414603	52.82167860838169	0.0	4.965243E-4
place.berlin	CAPITAL	SERIF	0	0	B	13.729603000000001	52.82167860838169	0.0	5.958292E-4
place.berlin	CAPITAL	SERIF	0	1	E	14.16922136441894	52.82167860838169	0.0	5.958292E-4
place.berlin	CAPITAL	SERIF	0	2	R	14.591614477761837	52.82167860838169	0.0	5.958292E-4
place.berlin	CAPITAL	SERIF	0	3	L	15.125597261119083	52.82167860838169	0.0	5.958292E-4
place.berlin	CAPITAL	SERIF	0	4	I	15.562968853658539	52.82167860838169	0.0	5.958292E-4
place.berlin	CAPITAL	SERIF	0	5	N	15.817603000000002	52.82167860838169	0.0	5.958292E-4
place.hamburg	DEFAULT	ITALIC	0	0	H	10.218053000000001	53.551971	0.0	3.9721947E-4
place.hamburg	DEFAULT	ITALIC	0	1	a	10.58017414014252	53.551971	0.0	3.9721947E-4
place.hamburg	DEFAULT	ITALIC	0	2	m	10.81692710926366	53.551971	0.0	3.9721947E-4
place.hamburg	DEFAULT	ITALIC	0	3	b	11.197371289786224	53.551971	0.0	3.9721947E-4
place.hamburg	DEFAULT	ITALIC	0	4	u	11.41387247743468	53.551971	0.0	3.9721947E-4
place.hamburg	DEFAULT	ITALIC	0	5	r	11.659304781472684	53.551971	0.0	3.9721947E-4
place.hamburg	DEFAULT	ITALIC	0	6	g	11.842053	53.551971	0.0	3.9721947E-4
place.hamburg	CAPITAL	SERIF	0	0	H	10.262053000000002	53.551971	0.0	4.7666335E-4
place.hamburg	CAPITAL	SERIF	0	1	A	10.617497269308716	53.551971	0.0	4.7666335E-4
place.hamburg	CAPITAL	SERIF	0	2	M	10.921160768520604	53.551971	0.0	4.7666335E-4
place.hamburg	CAPITAL	SERIF	0	3	B	11.316537665615853	53.551971	0.0	4.7666335E-4
place.hamburg	CAPITAL	SERIF	0	4	U	11.574125055843279	53.551971	0.0	4.7666335E-4
place.hamburg	CAPITAL	SERIF	0	5	R	11.897974278991219	53.551971	0.0	4.7666335E-4
place.hamburg	CAPITAL	SERIF	0	6	G	12.210853	53.551971	0.0	4.7666335E-4
place.kiel	DEFAULT	ITALIC	0	0	K	10.350017000000001	54.33039	0.0	3.9721947E-4
place.kiel	DEFAULT	ITALIC	0	1	i	10.874005005997002	54.33039	0.0	3.9721947E-4
place.kiel	DEFAULT	ITALIC	0	2	e	11.094394811094453	54.33039	0.0	3.9721947E-4
place.kiel	DEFAULT	ITALIC	0	3	l	11.350017000000001	54.33039	0.0	3.9721947E-4
place.kiel	CAPITAL	SERIF	0	0	K	10.394017000000002	54.33039	0.0	4.7666335E-4
place.kiel	CAPITAL	SERIF	0	1	I	10.909600596214512	54.33039	0.0	4.7666335E-4
place.kiel	CAPITAL	SERIF	0	2	E	11.167013845425869	54.33039	0.0	4.7666335E-4
place.kiel	CAPITAL	SERIF	0	3	L	11.594017000000001	54.33039	0.0	4.7666335E-4
place.vienna	DEFAULT	ITALIC	0	0	V	16.34177839161831	48.499875608381686	0.0	4.7288032E-4
place.vienna	DEFAULT	ITALIC	0	1	i	16.842798627706	48.499875608381686	0.0	4.7288032E-4
place.vienna	DEFAULT	ITALIC	0	2	e	17.058464732259118	48.499875608381686	0.0	4.7288032E-4
place.vienna	DEFAULT	ITALIC	0	3	n	17.308608071213587	48.499875608381686	0.0	4.7288032E-4
place.vienna	DEFAULT	ITALIC	0	4	n	17.69519323141595	48.499875608381686	0.0	4.7288032E-4
place.vienna	DEFAULT	ITALIC	0	5	a	18.08177839161831	48.499875608381686	0.0	4.7288032E-4
place.vienna	CAPITAL	SERIF	0	0	V	16.39677839161831	48.499875608381686	0.0	5.674564E-4
place.vienna	CAPITAL	SERIF	0	1	I	16.840808771365143	48.499875608381686	0.0	5.674564E-4
place.vienna	CAPITAL	SERIF	0	2	E	17.065466999213246	48.499875608381686	0.0	5.674564E-4
place.vienna	CAPITAL	SERIF	0	3	N	17.438135353643627	48.499875608381686	0.0	5.674564E-4
place.vienna	CAPITAL	SERIF	0	4	N	17.96145687263097	48.499875608381686	0.0	5.674564E-4
place.vienna	CAPITAL	SERIF	0	5	A	18.48477839161831	48.499875608381686	0.0	5.674564E-4
place.budapest	DEFAULT	ITALIC	0	0	B	19.229875497480855	47.74028367506382	0.0	3.9721947E-4
place.budapest	DEFAULT	ITALIC	0	1	u	19.51987837366402	47.74028367506382	0.0	3.9721947E-4
place.budapest	DEFAULT	ITALIC	0	2	d	19.772690410152528	47.74028367506382	0.0	3.9721947E-4
place.budapest	DEFAULT	ITALIC	0	3	a	20.029634762162665	47.74028367506382	0.0	3.9721947E-4
place.budapest	DEFAULT	ITALIC	0	4	p	20.2718208444527	47.74028367506382	0.0	3.9721947E-4
place.budapest	DEFAULT	ITALIC	0	5	e	20.483309725724926	47.74028367506382	0.0	3.9721947E-4
place.budapest	DEFAULT	ITALIC	0	6	s	20.63694618969435	47.74028367506382	0.0	3.9721947E-4
place.budapest	DEFAULT	ITALIC	0	7	t	20.75221115239151	47.74028367506382	0.0	3.9721947E-4
place.budapest	CAPITAL	SERIF	0	0	B	19.27387549748086	47.74028367506382	0.0	4.7666335E-4
place.budapest	CAPITAL	SERIF	0	1	U	19.526615044821035	47.74028367506382	0.0	4.7666335E-4
place.budapest	CAPITAL	SERIF	0	2	D	19.856631062749447	47.74028367506382	0.0	4.7666335E-4
place.budapest	CAPITAL	SERIF	0	3	A	20.19483531597198	47.74028367506382	0.0	4.7666335E-4
place.budapest	CAPITAL	SERIF	0	4	P	20.501310157429803	47.74028367506382	0.0	4.7666335E-4
place.budapest	CAPITAL	SERIF	0	5	E	20.736137940064097	47.74028367506382	0.0	4.7666335E-4
place.budapest	CAPITAL	SERIF	0	6	S	20.97710689916898	47.74028367506382	0.0	4.7666335E-4
place.budapest	CAPITAL	SERIF	0	7	T	21.16741115239151	47.74028367506382	0.0	4.7666335E-4
place.trieste	DEFAULT	ITALIC	0	0	T	14.020026000000001	45.650378	0.0	3.9721947E-4
place.trieste	DEFAULT	ITALIC	0	1	r	14.478341789473685	45.650378	0.0	3.9721947E-4
place.trieste	DEFAULT	ITALIC	0	2	i	14.757604947368423	45.650378	0.0	3.9721947E-4
place.trieste	DEFAULT	ITALIC	0	3	e	14.97423652631579	45.650378	0.0	3.9721947E-4
place.trieste	DEFAULT	ITALIC	0	4	s	15.225499684210527	45.650378	0.0	3.9721947E-4
place.trieste	DEFAULT	ITALIC	0	5	t	15.428868105263158	45.650378	0.0	3.9721947E-4
place.trieste	DEFAULT	ITALIC	0	6	e	15.644026	45.650378	0.0	3.9721947E-4
place.trieste	CAPITAL	SERIF	0	0	T	14.064026000000002	45.650378	0.0	4.7666335E-4
place.trieste	CAPITAL	SERIF	0	1	R	14.4455853220339	45.650378	0.0	4.7666335E-4
place.trieste	CAPITAL	SERIF	0	2	I	14.851632779661019	45.650378	0.0	4.7666335E-4
place.trieste	CAPITAL	SERIF	0	3	E	15.045259898305085	45.650378	0.0	4.7666335E-4
place.trieste	CAPITAL	SERIF	0	4	S	15.366453118644069	45.650378	0.0	4.7666335E-4
place.trieste	CAPITAL	SERIF	0	5	T	15.631266677966103	45.650378	0.0	4.7666335E-4
place.trieste	CAPITAL	SERIF	0	6	E	16.012826	45.650378	0.0	4.7666335E-4
place.prague	DEFAULT	ITALIC	0	0	P	14.642939	50.086967	0.0	3.9721947E-4
place.prague	DEFAULT	ITALIC	0	1	r	14.97678306779661	50.086967	0.0	3.9721947E-4
place.prague	DEFAULT	ITALIC	0	2	a	15.200328830508475	50.086967	0.0	3.9721947E-4
place.prague	DEFAULT	ITALIC	0	3	g	15.489935610169493	50.086967	0.0	3.9721947E-4
place.prague	DEFAULT	ITALIC	0	4	u	15.734715271186442	50.086967	0.0	3.9721947E-4
place.prague	DEFAULT	ITALIC	0	5	e	16.034939	50.086967	0.0	3.9721947E-4
place.prague	CAPITAL	SERIF	0	0	P	14.686938999999999	50.086967	0.0	4.7666335E-4
place.prague	CAPITAL	SERIF	0	1	R	14.956232457943925	50.086967	0.0	4.7666335E-4
place.prague	CAPITAL	SERIF	0	2	A	15.304069841121494	50.086967	0.0	4.7666335E-4
place.prague	CAPITAL	SERIF	0	3	G	15.641662364485981	50.086967	0.0	4.7666335E-4
place.prague	CAPITAL	SERIF	0	4	U	15.997305355140186	50.086967	0.0	4.7666335E-4
place.prague	CAPITAL	SERIF	0	5	E	16.357339	50.086967	0.0	4.7666335E-4
place.st-petersburg	DEFAULT	ITALIC	0	0	S	30.589074000000004	59.94096	0.0	4.965243E-4
place.st-petersburg	DEFAULT	ITALIC	0	1	t	30.967582127365848	59.94096	0.0	4.965243E-4
place.st-petersburg	DEFAULT	ITALIC	0	2	\s	31.204251020708085	59.94096	0.0	4.965243E-4
place.st-petersburg	DEFAULT	ITALIC	0	3	P	31.366353002449348	59.94096	0.0	4.965243E-4
place.st-petersburg	DEFAULT	ITALIC	0	4	e	31.825101610777114	59.94096	0.0	4.965243E-4
place.st-petersburg	DEFAULT	ITALIC	0	5	t	32.10148548964596	59.94096	0.0	4.965243E-4
place.st-petersburg	DEFAULT	ITALIC	0	6	e	32.3381543829882	59.94096	0.0	4.965243E-4
place.st-petersburg	DEFAULT	ITALIC	0	7	r	32.61453826185705	59.94096	0.0	4.965243E-4
place.st-petersburg	DEFAULT	ITALIC	0	8	s	32.92172151725674	59.94096	0.0	4.965243E-4
place.st-petersburg	DEFAULT	ITALIC	0	9	b	33.14542225205968	59.94096	0.0	4.965243E-4
place.st-petersburg	DEFAULT	ITALIC	0	10	u	33.50934120106881	59.94096	0.0	4.965243E-4
place.st-petersburg	DEFAULT	ITALIC	0	11	r	33.92189074460032	59.94096	0.0	4.965243E-4
place.st-petersburg	DEFAULT	ITALIC	0	12	g	34.229074000000004	59.94096	0.0	4.965243E-4
place.st-petersburg	CAPITAL	SERIF	0	0	S	30.644074	59.94096	0.0	5.958292E-4
place.st-petersburg	CAPITAL	SERIF	0	1	T	30.938396561947542	59.94096	0.0	5.958292E-4
place.st-petersburg	CAPITAL	SERIF	0	2	\s	31.362474231850456	59.94096	0.0	5.958292E-4
place.st-petersburg	CAPITAL	SERIF	0	3	P	31.489064581075205	59.94096	0.0	5.958292E-4
place.st-petersburg	CAPITAL	SERIF	0	4	E	31.838453944935516	59.94096	0.0	5.958292E-4
place.st-petersburg	CAPITAL	SERIF	0	5	T	32.19543872974931	59.94096	0.0	5.958292E-4
place.st-petersburg	CAPITAL	SERIF	0	6	E	32.61951639965223	59.94096	0.0	5.958292E-4
place.st-petersburg	CAPITAL	SERIF	0	7	R	32.97650118446602	59.94096	0.0	5.958292E-4
place.st-petersburg	CAPITAL	SERIF	0	8	S	33.427795779452254	59.94096	0.0	5.958292E-4
place.st-petersburg	CAPITAL	SERIF	0	9	B	33.7221183413998	59.94096	0.0	5.958292E-4
place.st-petersburg	CAPITAL	SERIF	0	10	U	34.09366101637444	59.94096	0.0	5.958292E-4
place.st-petersburg	CAPITAL	SERIF	0	11	R	34.56077940501376	59.94096	0.0	5.958292E-4
place.st-petersburg	CAPITAL	SERIF	0	12	G	35.012074	59.94096	0.0	5.958292E-4
place.moscow	DEFAULT	ITALIC	0	0	M	37.833577	55.75411	0.0	3.9721947E-4
place.moscow	DEFAULT	ITALIC	0	1	o	38.423094948717946	55.75411	0.0	3.9721947E-4
place.moscow	DEFAULT	ITALIC	0	2	s	38.649146230769226	55.75411	0.0	3.9721947E-4
place.moscow	DEFAULT	ITALIC	0	3	c	38.81333084615384	55.75411	0.0	3.9721947E-4
place.moscow	DEFAULT	ITALIC	0	4	o	38.999525717948714	55.75411	0.0	3.9721947E-4
place.moscow	DEFAULT	ITALIC	0	5	w	39.225576999999994	55.75411	0.0	3.9721947E-4
place.moscow	CAPITAL	SERIF	0	0	M	37.877577	55.75411	0.0	4.7666335E-4
place.moscow	CAPITAL	SERIF	0	1	O	38.29540887118268	55.75411	0.0	4.7666335E-4
place.moscow	CAPITAL	SERIF	0	2	S	38.6492442959467	55.75411	0.0	4.7666335E-4
place.moscow	CAPITAL	SERIF	0	3	C	38.864884495835646	55.75411	0.0	4.7666335E-4
place.moscow	CAPITAL	SERIF	0	4	O	39.19414157523598	55.75411	0.0	4.7666335E-4
place.moscow	CAPITAL	SERIF	0	5	W	39.547977	55.75411	0.0	4.7666335E-4
place.sevastopol	DEFAULT	ITALIC	0	0	S	33.744395000000004	44.603925	0.0	3.9721947E-4
place.sevastopol	DEFAULT	ITALIC	0	1	e	34.056086599539704	44.603925	0.0	3.9721947E-4
place.sevastopol	DEFAULT	ITALIC	0	2	v	34.283681536248565	44.603925	0.0	3.9721947E-4
place.sevastopol	DEFAULT	ITALIC	0	3	a	34.55732940736479	44.603925	0.0	3.9721947E-4
place.sevastopol	DEFAULT	ITALIC	0	4	s	34.88503941887227	44.603925	0.0	3.9721947E-4
place.sevastopol	DEFAULT	ITALIC	0	5	t	35.06925115650173	44.603925	0.0	3.9721947E-4
place.sevastopol	DEFAULT	ITALIC	0	6	o	35.26414183544304	44.603925	0.0	3.9721947E-4
place.sevastopol	DEFAULT	ITALIC	0	7	p	35.51776669159954	44.603925	0.0	3.9721947E-4
place.sevastopol	DEFAULT	ITALIC	0	8	o	35.8107701438435	44.603925	0.0	3.9721947E-4
place.sevastopol	DEFAULT	ITALIC	0	9	l	36.064395	44.603925	0.0	3.9721947E-4
place.sevastopol	CAPITAL	SERIF	0	0	S	33.788394999999994	44.603925	0.0	4.7666335E-4
place.sevastopol	CAPITAL	SERIF	0	1	E	34.01931900998929	44.603925	0.0	4.7666335E-4
place.sevastopol	CAPITAL	SERIF	0	2	V	34.29940748662147	44.603925	0.0	4.7666335E-4
place.sevastopol	CAPITAL	SERIF	0	3	A	34.63312992686407	44.603925	0.0	4.7666335E-4
place.sevastopol	CAPITAL	SERIF	0	4	S	34.97678458259008	44.603925	0.0	4.7666335E-4
place.sevastopol	CAPITAL	SERIF	0	5	T	35.20770859257938	44.603925	0.0	4.7666335E-4
place.sevastopol	CAPITAL	SERIF	0	6	O	35.540437811273634	44.603925	0.0	4.7666335E-4
place.sevastopol	CAPITAL	SERIF	0	7	P	35.91935183196575	44.603925	0.0	4.7666335E-4
place.sevastopol	CAPITAL	SERIF	0	8	O	36.193480979307886	44.603925	0.0	4.7666335E-4
place.sevastopol	CAPITAL	SERIF	0	9	L	36.572395	44.603925	0.0	4.7666335E-4
place.odessa	DEFAULT	ITALIC	0	0	O	30.928055	46.491962	0.0	3.9721947E-4
place.odessa	DEFAULT	ITALIC	0	1	d	31.38742161911555	46.491962	0.0	3.9721947E-4
place.odessa	DEFAULT	ITALIC	0	2	e	31.728967981455067	46.491962	0.0	3.9721947E-4
place.odessa	DEFAULT	ITALIC	0	3	s	31.954679821683314	46.491962	0.0	3.9721947E-4
place.odessa	DEFAULT	ITALIC	0	4	s	32.137367410841655	46.491962	0.0	3.9721947E-4
place.odessa	DEFAULT	ITALIC	0	5	a	32.320055	46.491962	0.0	3.9721947E-4
place.odessa	CAPITAL	SERIF	0	0	O	30.972055	46.491962	0.0	4.7666335E-4
place.odessa	CAPITAL	SERIF	0	1	D	31.39534135004982	46.491962	0.0	4.7666335E-4
place.odessa	CAPITAL	SERIF	0	2	E	31.813634807372964	46.491962	0.0	4.7666335E-4
place.odessa	CAPITAL	SERIF	0	3	S	32.126522751577546	46.491962	0.0	4.7666335E-4
place.odessa	CAPITAL	SERIF	0	4	S	32.384488875788776	46.491962	0.0	4.7666335E-4
place.odessa	CAPITAL	SERIF	0	5	A	32.642455	46.491962	0.0	4.7666335E-4
place.vladivostok	DEFAULT	ITALIC	0	0	V	132.130026	43.130015	0.0	3.9721947E-4
place.vladivostok	DEFAULT	ITALIC	0	1	l	132.5649102315369	43.130015	0.0	3.9721947E-4
place.vladivostok	DEFAULT	ITALIC	0	2	a	132.7470140239521	43.130015	0.0	3.9721947E-4
place.vladivostok	DEFAULT	ITALIC	0	3	d	133.05964675848304	43.130015	0.0	3.9721947E-4
place.vladivostok	DEFAULT	ITALIC	0	4	i	133.38819765668663	43.130015	0.0	3.9721947E-4
place.vladivostok	DEFAULT	ITALIC	0	5	v	133.57539526147704	43.130015	0.0	3.9721947E-4
place.vladivostok	DEFAULT	ITALIC	0	6	o	133.8364531457086	43.130015	0.0	3.9721947E-4
place.vladivostok	DEFAULT	ITALIC	0	7	s	134.07840923353294	43.130015	0.0	3.9721947E-4
place.vladivostok	DEFAULT	ITALIC	0	8	t	134.25414576047905	43.130015	0.0	3.9721947E-4
place.vladivostok	DEFAULT	ITALIC	0	9	o	134.44006991217566	43.130015	0.0	3.9721947E-4
place.vladivostok	DEFAULT	ITALIC	0	10	k	134.682026	43.130015	0.0	3.9721947E-4
place.vladivostok	CAPITAL	SERIF	0	0	V	132.17402599999997	43.130015	0.0	4.7666335E-4
place.vladivostok	CAPITAL	SERIF	0	1	L	132.49683898823525	43.130015	0.0	4.7666335E-4
place.vladivostok	CAPITAL	SERIF	0	2	A	132.7773788470588	43.130015	0.0	4.7666335E-4
place.vladivostok	CAPITAL	SERIF	0	3	D	133.10979936470585	43.130015	0.0	4.7666335E-4
place.vladivostok	CAPITAL	SERIF	0	4	I	133.47200322352938	43.130015	0.0	4.7666335E-4
place.vladivostok	CAPITAL	SERIF	0	5	V	133.6353312235294	43.130015	0.0	4.7666335E-4
place.vladivostok	CAPITAL	SERIF	0	6	O	133.95814421176468	43.130015	0.0	4.7666335E-4
place.vladivostok	CAPITAL	SERIF	0	7	S	134.3246714588235	43.130015	0.0	4.7666335E-4
place.vladivostok	CAPITAL	SERIF	0	8	T	134.54804651764704	43.130015	0.0	4.7666335E-4
place.vladivostok	CAPITAL	SERIF	0	9	O	134.86989875294117	43.130015	0.0	4.7666335E-4
place.vladivostok	CAPITAL	SERIF	0	10	K	135.236426	43.130015	0.0	4.7666335E-4
place.archangel	DEFAULT	ITALIC	0	0	A	40.682508	64.574959	0.0	2.4826216E-4
place.archangel	DEFAULT	ITALIC	0	1	r	40.92024055813953	64.574959	0.0	2.4826216E-4
place.archangel	DEFAULT	ITALIC	0	2	c	41.05717162126246	64.574959	0.0	2.4826216E-4
place.archangel	DEFAULT	ITALIC	0	3	h	41.17025716943522	64.574959	0.0	2.4826216E-4
place.archangel	DEFAULT	ITALIC	0	4	a	41.34656946179402	64.574959	0.0	2.4826216E-4
place.archangel	DEFAULT	ITALIC	0	5	n	41.523965641196014	64.574959	0.0	2.4826216E-4
place.archangel	DEFAULT	ITALIC	0	6	g	41.71436846511628	64.574959	0.0	2.4826216E-4
place.archangel	DEFAULT	ITALIC	0	7	e	41.86430617275748	64.574959	0.0	2.4826216E-4
place.archangel	DEFAULT	ITALIC	0	8	l	41.987508000000005	64.574959	0.0	2.4826216E-4
place.archangel	CAPITAL	SERIF	0	0	A	40.710008	64.574959	0.0	2.979146E-4
place.archangel	CAPITAL	SERIF	0	1	R	40.90005921010172	64.574959	0.0	2.979146E-4
place.archangel	CAPITAL	SERIF	0	2	C	41.095877870220974	64.574959	0.0	2.979146E-4
place.archangel	CAPITAL	SERIF	0	3	H	41.290872608909154	64.574959	0.0	2.979146E-4
place.archangel	CAPITAL	SERIF	0	4	A	41.5133313952999	64.574959	0.0	2.979146E-4
place.archangel	CAPITAL	SERIF	0	5	N	41.703382605401615	64.574959	0.0	2.979146E-4
place.archangel	CAPITAL	SERIF	0	6	G	41.920897863205894	64.574959	0.0	2.979146E-4
place.archangel	CAPITAL	SERIF	0	7	E	42.121110770957564	64.574959	0.0	2.979146E-4
place.archangel	CAPITAL	SERIF	0	8	L	42.276008000000004	64.574959	0.0	2.979146E-4
place.rome	DEFAULT	ITALIC	0	0	R	12.547772774132818	42.19581660838169	0.0	4.289164E-4
place.rome	DEFAULT	ITALIC	0	1	o	12.950878430042687	42.19581660838169	0.0	4.289164E-4
place.rome	DEFAULT	ITALIC	0	2	m	13.14722223250428	42.19581660838169	0.0	4.289164E-4
place.rome	DEFAULT	ITALIC	0	3	e	13.619024009103805	42.19581660838169	0.0	4.289164E-4
place.rome	CAPITAL	SERIF	0	0	R	12.602772774132818	42.19581660838169	0.0	5.1469967E-4
place.rome	CAPITAL	SERIF	0	1	O	12.99312674770259	42.19581660838169	0.0	5.1469967E-4
place.rome	CAPITAL	SERIF	0	2	M	13.415033098218089	42.19581660838169	0.0	5.1469967E-4
place.rome	CAPITAL	SERIF	0	3	E	13.924024009103805	42.19581660838169	0.0	5.1469967E-4
place.naples	DEFAULT	ITALIC	0	0	N	14.224734324936183	41.08030267506382	0.0	3.9721947E-4
place.naples	DEFAULT	ITALIC	0	1	a	14.590411964189006	41.08030267506382	0.0	3.9721947E-4
place.naples	DEFAULT	ITALIC	0	2	p	14.788666923029457	41.08030267506382	0.0	3.9721947E-4
place.naples	DEFAULT	ITALIC	0	3	l	14.955829098364754	41.08030267506382	0.0	3.9721947E-4
place.naples	DEFAULT	ITALIC	0	4	e	15.031506737617578	41.08030267506382	0.0	3.9721947E-4
place.naples	DEFAULT	ITALIC	0	5	s	15.140070974808545	41.08030267506382	0.0	3.9721947E-4
place.naples	CAPITAL	SERIF	0	0	N	14.268734324936181	41.08030267506382	0.0	4.7666335E-4
place.naples	CAPITAL	SERIF	0	1	A	14.588903162448343	41.08030267506382	0.0	4.7666335E-4
place.naples	CAPITAL	SERIF	0	2	P	14.856609688402713	41.08030267506382	0.0	4.7666335E-4
place.naples	CAPITAL	SERIF	0	3	L	15.050868978176181	41.08030267506382	0.0	4.7666335E-4
place.naples	CAPITAL	SERIF	0	4	E	15.261916207648142	41.08030267506382	0.0	4.7666335E-4
place.naples	CAPITAL	SERIF	0	5	S	15.462470974808543	41.08030267506382	0.0	4.7666335E-4
place.genoa	DEFAULT	ITALIC	0	0	G	9.150039000000001	44.409988	0.0	3.9721947E-4
place.genoa	DEFAULT	ITALIC	0	1	e	9.561883961240312	44.409988	0.0	3.9721947E-4
place.genoa	DEFAULT	ITALIC	0	2	n	9.76630773385013	44.409988	0.0	3.9721947E-4
place.genoa	DEFAULT	ITALIC	0	3	o	10.082235382428943	44.409988	0.0	3.9721947E-4
place.genoa	DEFAULT	ITALIC	0	4	a	10.310039000000002	44.409988	0.0	3.9721947E-4
place.genoa	CAPITAL	SERIF	0	0	G	9.194039000000002	44.409988	0.0	4.7666335E-4
place.genoa	CAPITAL	SERIF	0	1	E	9.550347988764047	44.409988	0.0	4.7666335E-4
place.genoa	CAPITAL	SERIF	0	2	N	9.82601091011236	44.409988	0.0	4.7666335E-4
place.genoa	CAPITAL	SERIF	0	3	O	10.213112033707867	44.409988	0.0	4.7666335E-4
place.genoa	CAPITAL	SERIF	0	4	A	10.586039000000001	44.409988	0.0	4.7666335E-4
place.venice	DEFAULT	ITALIC	0	0	V	12.472499	45.438659	0.0	2.4826216E-4
place.venice	DEFAULT	ITALIC	0	1	e	12.74785117794254	45.438659	0.0	2.4826216E-4
place.venice	DEFAULT	ITALIC	0	2	n	12.885325691380908	45.438659	0.0	2.4826216E-4
place.venice	DEFAULT	ITALIC	0	3	i	13.097786303058387	45.438659	0.0	2.4826216E-4
place.venice	DEFAULT	ITALIC	0	4	c	13.216312716404078	45.438659	0.0	2.4826216E-4
place.venice	DEFAULT	ITALIC	0	5	e	13.342499	45.438659	0.0	2.4826216E-4
place.venice	CAPITAL	SERIF	0	0	V	12.499998999999999	45.438659	0.0	2.979146E-4
place.venice	CAPITAL	SERIF	0	1	E	12.727928824561403	45.438659	0.0	2.979146E-4
place.venice	CAPITAL	SERIF	0	2	N	12.919227070175438	45.438659	0.0	2.979146E-4
place.venice	CAPITAL	SERIF	0	3	I	13.187858649122806	45.438659	0.0	2.979146E-4
place.venice	CAPITAL	SERIF	0	4	C	13.303180286549708	45.438659	0.0	2.979146E-4
place.venice	CAPITAL	SERIF	0	5	E	13.543999	45.438659	0.0	2.979146E-4
place.taranto	DEFAULT	ITALIC	0	0	T	17.456871382514507	40.657349304190845	0.0	2.4826216E-4
place.taranto	DEFAULT	ITALIC	0	1	a	17.652393983061064	40.657349304190845	0.0	2.4826216E-4
place.taranto	DEFAULT	ITALIC	0	2	r	17.800462979039455	40.657349304190845	0.0	2.4826216E-4
place.taranto	DEFAULT	ITALIC	0	3	a	17.907960954318344	40.657349304190845	0.0	2.4826216E-4
place.taranto	DEFAULT	ITALIC	0	4	n	18.056029950296736	40.657349304190845	0.0	2.4826216E-4
place.taranto	DEFAULT	ITALIC	0	5	t	18.217139631499965	40.657349304190845	0.0	2.4826216E-4
place.taranto	DEFAULT	ITALIC	0	6	o	18.293122617485494	40.657349304190845	0.0	2.4826216E-4
place.taranto	CAPITAL	SERIF	0	0	T	17.48437138251451	40.657349304190845	0.0	2.979146E-4
place.taranto	CAPITAL	SERIF	0	1	A	17.647547526311005	40.657349304190845	0.0	2.979146E-4
place.taranto	CAPITAL	SERIF	0	2	R	17.817059919811925	40.657349304190845	0.0	2.979146E-4
place.taranto	CAPITAL	SERIF	0	3	A	17.992620551667063	40.657349304190845	0.0	2.979146E-4
place.taranto	CAPITAL	SERIF	0	4	N	18.16213294516798	40.657349304190845	0.0	2.979146E-4
place.taranto	CAPITAL	SERIF	0	5	T	18.360446473689	40.657349304190845	0.0	2.979146E-4
place.taranto	CAPITAL	SERIF	0	6	O	18.523622617485493	40.657349304190845	0.0	2.979146E-4
place.madrid	DEFAULT	ITALIC	0	0	M	-3.410297	40.401972	0.0	4.965243E-4
place.madrid	DEFAULT	ITALIC	0	1	a	-2.7647185649569446	40.401972	0.0	4.965243E-4
place.madrid	DEFAULT	ITALIC	0	2	d	-2.4448608337701234	40.401972	0.0	4.965243E-4
place.madrid	DEFAULT	ITALIC	0	3	r	-2.10871706739049	40.401972	0.0	4.965243E-4
place.madrid	DEFAULT	ITALIC	0	4	i	-1.861820773867465	40.401972	0.0	4.965243E-4
place.madrid	DEFAULT	ITALIC	0	5	d	-1.6702969999999997	40.401972	0.0	4.965243E-4
place.madrid	CAPITAL	SERIF	0	0	M	-3.3552969999999998	40.401972	0.0	5.958292E-4
place.madrid	CAPITAL	SERIF	0	1	A	-2.801977	40.401972	0.0	5.958292E-4
place.madrid	CAPITAL	SERIF	0	2	D	-2.3770075882352937	40.401972	0.0	5.958292E-4
place.madrid	CAPITAL	SERIF	0	3	R	-1.9139628823529409	40.401972	0.0	5.958292E-4
place.madrid	CAPITAL	SERIF	0	4	I	-1.4760969999999995	40.401972	0.0	5.958292E-4
place.madrid	CAPITAL	SERIF	0	5	D	-1.2672969999999997	40.401972	0.0	5.958292E-4
place.barcelona	DEFAULT	ITALIC	0	0	B	2.401424	41.385245	0.0	3.9721947E-4
place.barcelona	DEFAULT	ITALIC	0	1	a	2.7645544347826085	41.385245	0.0	3.9721947E-4
place.barcelona	DEFAULT	ITALIC	0	2	r	3.0762625527515963	41.385245	0.0	3.9721947E-4
place.barcelona	DEFAULT	ITALIC	0	3	c	3.316868207965947	41.385245	0.0	3.9721947E-4
place.barcelona	DEFAULT	ITALIC	0	4	e	3.5155741976284585	41.385245	0.0	3.9721947E-4
place.barcelona	DEFAULT	ITALIC	0	5	l	3.7320558029796294	41.385245	0.0	3.9721947E-4
place.barcelona	DEFAULT	ITALIC	0	6	o	3.9136210203709334	41.385245	0.0	3.9721947E-4
place.barcelona	DEFAULT	ITALIC	0	7	n	4.154861519002736	41.385245	0.0	3.9721947E-4
place.barcelona	DEFAULT	ITALIC	0	8	a	4.489424	41.385245	0.0	3.9721947E-4
place.barcelona	CAPITAL	SERIF	0	0	B	2.445424	41.385245	0.0	4.7666335E-4
place.barcelona	CAPITAL	SERIF	0	1	A	2.7175400407030526	41.385245	0.0	4.7666335E-4
place.barcelona	CAPITAL	SERIF	0	2	R	3.038331012025902	41.385245	0.0	4.7666335E-4
place.barcelona	CAPITAL	SERIF	0	3	C	3.36885696947271	41.385245	0.0	4.7666335E-4
place.barcelona	CAPITAL	SERIF	0	4	E	3.697992214616096	41.385245	0.0	4.7666335E-4
place.barcelona	CAPITAL	SERIF	0	5	L	3.9594461276595743	41.385245	0.0	4.7666335E-4
place.barcelona	CAPITAL	SERIF	0	6	O	4.230171456059204	41.385245	0.0	4.7666335E-4
place.barcelona	CAPITAL	SERIF	0	7	N	4.583875951896392	41.385245	0.0	4.7666335E-4
place.barcelona	CAPITAL	SERIF	0	8	A	4.951023999999999	41.385245	0.0	4.7666335E-4
place.cadiz	DEFAULT	ITALIC	0	0	C	-6.066141	36.524829	0.0	3.9721947E-4
place.cadiz	DEFAULT	ITALIC	0	1	a	-5.687279716356108	36.524829	0.0	3.9721947E-4
place.cadiz	DEFAULT	ITALIC	0	2	d	-5.392476403726708	36.524829	0.0	3.9721947E-4
place.cadiz	DEFAULT	ITALIC	0	3	i	-5.082662739130435	36.524829	0.0	3.9721947E-4
place.cadiz	DEFAULT	ITALIC	0	4	z	-4.906141	36.524829	0.0	3.9721947E-4
place.cadiz	CAPITAL	SERIF	0	0	C	-6.0221409999999995	36.524829	0.0	4.7666335E-4
place.cadiz	CAPITAL	SERIF	0	1	A	-5.626179461538461	36.524829	0.0	4.7666335E-4
place.cadiz	CAPITAL	SERIF	0	2	D	-5.2402563846153845	36.524829	0.0	4.7666335E-4
place.cadiz	CAPITAL	SERIF	0	3	I	-4.819756384615385	36.524829	0.0	4.7666335E-4
place.cadiz	CAPITAL	SERIF	0	4	Z	-4.630141	36.524829	0.0	4.7666335E-4
place.bilbao	DEFAULT	ITALIC	0	0	B	-2.792487	43.249981	0.0	2.4826216E-4
place.bilbao	DEFAULT	ITALIC	0	1	i	-2.554609370936902	43.249981	0.0	2.4826216E-4
place.bilbao	DEFAULT	ITALIC	0	2	l	-2.4323435965583173	43.249981	0.0	2.4826216E-4
place.bilbao	DEFAULT	ITALIC	0	3	b	-2.3134047820267685	43.249981	0.0	2.4826216E-4
place.bilbao	DEFAULT	ITALIC	0	4	a	-2.1266791606118547	43.249981	0.0	2.4826216E-4
place.bilbao	DEFAULT	ITALIC	0	5	o	-1.9224869999999998	43.249981	0.0	2.4826216E-4
place.bilbao	CAPITAL	SERIF	0	0	B	-2.7649870000000005	43.249981	0.0	2.979146E-4
place.bilbao	CAPITAL	SERIF	0	1	I	-2.5453353870967748	43.249981	0.0	2.979146E-4
place.bilbao	CAPITAL	SERIF	0	2	L	-2.4181095806451616	43.249981	0.0	2.979146E-4
place.bilbao	CAPITAL	SERIF	0	3	B	-2.199580548387097	43.249981	0.0	2.979146E-4
place.bilbao	CAPITAL	SERIF	0	4	A	-1.9799289354838714	43.249981	0.0	2.979146E-4
place.bilbao	CAPITAL	SERIF	0	5	O	-1.7209870000000003	43.249981	0.0	2.979146E-4
place.lisbon	DEFAULT	ITALIC	0	0	L	-8.871812	38.724669	0.0	4.965243E-4
place.lisbon	DEFAULT	ITALIC	0	1	i	-8.359995652875883	38.724669	0.0	4.965243E-4
place.lisbon	DEFAULT	ITALIC	0	2	s	-8.10189272653885	38.724669	0.0	4.965243E-4
place.lisbon	DEFAULT	ITALIC	0	3	b	-7.859592020181635	38.724669	0.0	4.965243E-4
place.lisbon	DEFAULT	ITALIC	0	4	o	-7.465414421796166	38.724669	0.0	4.965243E-4
place.lisbon	DEFAULT	ITALIC	0	5	n	-7.131812000000001	38.724669	0.0	4.965243E-4
place.lisbon	CAPITAL	SERIF	0	0	L	-8.816812	38.724669	0.0	5.958292E-4
place.lisbon	CAPITAL	SERIF	0	1	I	-8.371615943044908	38.724669	0.0	5.958292E-4
place.lisbon	CAPITAL	SERIF	0	2	S	-8.112426457831326	38.724669	0.0	5.958292E-4
place.lisbon	CAPITAL	SERIF	0	3	B	-7.757946720700986	38.724669	0.0	5.958292E-4
place.lisbon	CAPITAL	SERIF	0	4	O	-7.31046369769989	38.724669	0.0	5.958292E-4
place.lisbon	CAPITAL	SERIF	0	5	N	-6.728812	38.724669	0.0	5.958292E-4
place.oporto	DEFAULT	ITALIC	0	0	O	-8.401947	41.151952	0.0	3.9721947E-4
place.oporto	DEFAULT	ITALIC	0	1	p	-7.95961732967033	41.151952	0.0	3.9721947E-4
place.oporto	DEFAULT	ITALIC	0	2	o	-7.679815131868132	41.151952	0.0	3.9721947E-4
place.oporto	DEFAULT	ITALIC	0	3	r	-7.43761732967033	41.151952	0.0	3.9721947E-4
place.oporto	DEFAULT	ITALIC	0	4	t	-7.19605689010989	41.151952	0.0	3.9721947E-4
place.oporto	DEFAULT	ITALIC	0	5	o	-7.009947	41.151952	0.0	3.9721947E-4
place.oporto	CAPITAL	SERIF	0	0	O	-8.357947000000001	41.151952	0.0	4.7666335E-4
place.oporto	CAPITAL	SERIF	0	1	P	-7.989696436579024	41.151952	0.0	4.7666335E-4
place.oporto	CAPITAL	SERIF	0	2	O	-7.723281874313783	41.151952	0.0	4.7666335E-4
place.oporto	CAPITAL	SERIF	0	3	R	-7.355031310892806	41.151952	0.0	4.7666335E-4
place.oporto	CAPITAL	SERIF	0	4	T	-7.0109125013002025	41.151952	0.0	4.7666335E-4
place.oporto	CAPITAL	SERIF	0	5	O	-6.687547	41.151952	0.0	4.7666335E-4
place.amsterdam	DEFAULT	ITALIC	0	0	A	5.428025686705351	52.64982860838169	0.0	3.360672E-4
place.amsterdam	DEFAULT	ITALIC	0	1	m	5.827389852148201	52.64982860838169	0.0	3.360672E-4
place.amsterdam	DEFAULT	ITALIC	0	2	s	6.3181249422302805	52.64982860838169	0.0	3.360672E-4
place.amsterdam	DEFAULT	ITALIC	0	3	t	6.451048701473238	52.64982860838169	0.0	3.360672E-4
place.amsterdam	DEFAULT	ITALIC	0	4	e	6.5951322683057185	52.64982860838169	0.0	3.360672E-4
place.amsterdam	DEFAULT	ITALIC	0	5	r	6.773392745881118	52.64982860838169	0.0	3.360672E-4
place.amsterdam	DEFAULT	ITALIC	0	6	d	6.978157766481638	52.64982860838169	0.0	3.360672E-4
place.amsterdam	DEFAULT	ITALIC	0	7	a	7.278478639567459	52.64982860838169	0.0	3.360672E-4
place.amsterdam	DEFAULT	ITALIC	0	8	m	7.561362313294649	52.64982860838169	0.0	3.360672E-4
place.amsterdam	CAPITAL	SERIF	0	0	A	5.483025686705351	52.64982860838169	0.0	4.0328066E-4
place.amsterdam	CAPITAL	SERIF	0	1	M	5.821047608177059	52.64982860838169	0.0	4.0328066E-4
place.amsterdam	CAPITAL	SERIF	0	2	S	6.279155385455042	52.64982860838169	0.0	4.0328066E-4
place.amsterdam	CAPITAL	SERIF	0	3	T	6.486749128610845	52.64982860838169	0.0	4.0328066E-4
place.amsterdam	CAPITAL	SERIF	0	4	E	6.812130433681894	52.64982860838169	0.0	4.0328066E-4
place.amsterdam	CAPITAL	SERIF	0	5	R	7.076606950640668	52.64982860838169	0.0	4.0328066E-4
place.amsterdam	CAPITAL	SERIF	0	6	D	7.42669491504028	52.64982860838169	0.0	4.0328066E-4
place.amsterdam	CAPITAL	SERIF	0	7	A	7.800340391822941	52.64982860838169	0.0	4.0328066E-4
place.amsterdam	CAPITAL	SERIF	0	8	M	8.13836231329465	52.64982860838169	0.0	4.0328066E-4
place.rotterdam	DEFAULT	ITALIC	0	0	R	4.698028000000001	51.921915	0.0	3.9721947E-4
place.rotterdam	DEFAULT	ITALIC	0	1	o	5.122674536412079	51.921915	0.0	3.9721947E-4
place.rotterdam	DEFAULT	ITALIC	0	2	t	5.35755908348135	51.921915	0.0	3.9721947E-4
place.rotterdam	DEFAULT	ITALIC	0	3	t	5.538049314387212	51.921915	0.0	3.9721947E-4
place.rotterdam	DEFAULT	ITALIC	0	4	e	5.718539545293073	51.921915	0.0	3.9721947E-4
place.rotterdam	DEFAULT	ITALIC	0	5	r	5.929317520426288	51.921915	0.0	3.9721947E-4
place.rotterdam	DEFAULT	ITALIC	0	6	d	6.16358395026643	51.921915	0.0	3.9721947E-4
place.rotterdam	DEFAULT	ITALIC	0	7	a	6.4825324404973355	51.921915	0.0	3.9721947E-4
place.rotterdam	DEFAULT	ITALIC	0	8	m	6.786028	51.921915	0.0	3.9721947E-4
place.rotterdam	CAPITAL	SERIF	0	0	R	4.742028	51.921915	0.0	4.7666335E-4
place.rotterdam	CAPITAL	SERIF	0	1	O	5.064557842931937	51.921915	0.0	4.7666335E-4
place.rotterdam	CAPITAL	SERIF	0	2	T	5.409705486910995	51.921915	0.0	4.7666335E-4
place.rotterdam	CAPITAL	SERIF	0	3	T	5.712784020942409	51.921915	0.0	4.7666335E-4
place.rotterdam	CAPITAL	SERIF	0	4	E	6.015862554973822	51.921915	0.0	4.7666335E-4
place.rotterdam	CAPITAL	SERIF	0	5	R	6.270991350785341	51.921915	0.0	4.7666335E-4
place.rotterdam	CAPITAL	SERIF	0	6	D	6.593521193717278	51.921915	0.0	4.7666335E-4
place.rotterdam	CAPITAL	SERIF	0	7	A	6.934597633507853	51.921915	0.0	4.7666335E-4
place.rotterdam	CAPITAL	SERIF	0	8	M	7.247628	51.921915	0.0	4.7666335E-4
place.brussels	DEFAULT	ITALIC	0	0	B	4.636162460838168	50.835263	0.0	2.0631611E-4
place.brussels	DEFAULT	ITALIC	0	1	r	4.960270838666298	50.835263	0.0	2.0631611E-4
place.brussels	DEFAULT	ITALIC	0	2	u	5.114708886824098	50.835263	0.0	2.0631611E-4
place.brussels	DEFAULT	ITALIC	0	3	s	5.383432649267612	50.835263	0.0	2.0631611E-4
place.brussels	DEFAULT	ITALIC	0	4	s	5.447321246875962	50.835263	0.0	2.0631611E-4
place.brussels	DEFAULT	ITALIC	0	5	e	5.511209844484311	50.835263	0.0	2.0631611E-4
place.brussels	DEFAULT	ITALIC	0	6	l	5.632241299235518	50.835263	0.0	2.0631611E-4
place.brussels	DEFAULT	ITALIC	0	7	s	5.704921105635076	50.835263	0.0	2.0631611E-4
place.brussels	CAPITAL	SERIF	0	0	B	4.69116246083817	50.835263	0.0	2.4757936E-4
place.brussels	CAPITAL	SERIF	0	1	R	4.909451596683792	50.835263	0.0	2.4757936E-4
place.brussels	CAPITAL	SERIF	0	2	U	5.212965222325333	50.835263	0.0	2.4757936E-4
place.brussels	CAPITAL	SERIF	0	3	S	5.533388468958126	50.835263	0.0	2.4757936E-4
place.brussels	CAPITAL	SERIF	0	4	S	5.669158654366431	50.835263	0.0	2.4757936E-4
place.brussels	CAPITAL	SERIF	0	5	E	5.804928839774735	50.835263	0.0	2.4757936E-4
place.brussels	CAPITAL	SERIF	0	6	L	6.007661124308404	50.835263	0.0	2.4757936E-4
place.brussels	CAPITAL	SERIF	0	7	S	6.2239211056350765	50.835263	0.0	2.4757936E-4
place.antwerp	DEFAULT	ITALIC	0	0	A	4.680817447663577	51.45147067454885	1.0	2.9641128E-4
place.antwerp	DEFAULT	ITALIC	0	1	n	4.964374917216711	51.45642018859078	1.0	2.9641128E-4
place.antwerp	DEFAULT	ITALIC	0	2	t	5.172502742068301	51.460053073286936	1.0	2.9641128E-4
place.antwerp	DEFAULT	ITALIC	0	3	w	5.245317845508726	51.46132406564524	1.0	2.9641128E-4
place.antwerp	DEFAULT	ITALIC	0	4	e	5.508722356553814	51.46592180848792	1.0	2.9641128E-4
place.antwerp	DEFAULT	ITALIC	0	5	r	5.609751601905503	51.46768528052519	1.0	2.9641128E-4
place.antwerp	DEFAULT	ITALIC	0	6	p	5.732661202208787	51.469830675578784	1.0	2.9641128E-4
place.antwerp	CAPITAL	SERIF	0	0	A	4.72484218197018	51.44863640374344	1.0	3.5569354E-4
place.antwerp	CAPITAL	SERIF	0	1	N	4.939706733738597	51.45238687844533	1.0	3.5569354E-4
place.antwerp	CAPITAL	SERIF	0	2	T	5.199395375415476	51.45691976054692	1.0	3.5569354E-4
place.antwerp	CAPITAL	SERIF	0	3	W	5.404398627404032	51.46049810562088	1.0	3.5569354E-4
place.antwerp	CAPITAL	SERIF	0	4	E	5.719669140567402	51.466001172898096	1.0	3.5569354E-4
place.antwerp	CAPITAL	SERIF	0	5	R	5.87715885725299	51.468750166128366	1.0	3.5569354E-4
place.antwerp	CAPITAL	SERIF	0	6	P	6.101436467902184	51.47266494638419	1.0	3.5569354E-4
place.copenhagen	DEFAULT	ITALIC	0	0	C	12.836540000000001	55.68051	0.0	4.965243E-4
place.copenhagen	DEFAULT	ITALIC	0	1	o	13.288032721440908	55.68051	0.0	4.965243E-4
place.copenhagen	DEFAULT	ITALIC	0	2	p	13.55993008142117	55.68051	0.0	4.965243E-4
place.copenhagen	DEFAULT	ITALIC	0	3	e	13.87404308413521	55.68051	0.0	4.965243E-4
place.copenhagen	DEFAULT	ITALIC	0	4	n	14.118035188749076	55.68051	0.0	4.965243E-4
place.copenhagen	DEFAULT	ITALIC	0	5	h	14.495113895879596	55.68051	0.0	4.965243E-4
place.copenhagen	DEFAULT	ITALIC	0	6	a	14.844287347643721	55.68051	0.0	4.965243E-4
place.copenhagen	DEFAULT	ITALIC	0	7	g	15.195607357512953	55.68051	0.0	4.965243E-4
place.copenhagen	DEFAULT	ITALIC	0	8	e	15.492547895386133	55.68051	0.0	4.965243E-4
place.copenhagen	DEFAULT	ITALIC	0	9	n	15.73654	55.68051	0.0	4.965243E-4
place.copenhagen	CAPITAL	SERIF	0	0	C	12.89154	55.68051	0.0	5.958292E-4
place.copenhagen	CAPITAL	SERIF	0	1	O	13.291604766839379	55.68051	0.0	5.958292E-4
place.copenhagen	CAPITAL	SERIF	0	2	P	13.721533523316063	55.68051	0.0	5.958292E-4
place.copenhagen	CAPITAL	SERIF	0	3	E	14.032569792746115	55.68051	0.0	5.958292E-4
place.copenhagen	CAPITAL	SERIF	0	4	N	14.350367720207254	55.68051	0.0	5.958292E-4
place.copenhagen	CAPITAL	SERIF	0	5	H	14.796637150259068	55.68051	0.0	5.958292E-4
place.copenhagen	CAPITAL	SERIF	0	6	A	15.253049067357512	55.68051	0.0	5.958292E-4
place.copenhagen	CAPITAL	SERIF	0	7	G	15.642971347150258	55.68051	0.0	5.958292E-4
place.copenhagen	CAPITAL	SERIF	0	8	E	16.05374207253886	55.68051	0.0	5.958292E-4
place.copenhagen	CAPITAL	SERIF	0	9	N	16.37154	55.68051	0.0	5.958292E-4
place.stockholm	DEFAULT	ITALIC	0	0	S	18.341299999999997	59.324127	0.0	4.965243E-4
place.stockholm	DEFAULT	ITALIC	0	1	t	18.73949340084939	59.324127	0.0	4.965243E-4
place.stockholm	DEFAULT	ITALIC	0	2	o	18.988470859196337	59.324127	0.0	4.965243E-4
place.stockholm	DEFAULT	ITALIC	0	3	c	19.312482620058802	59.324127	0.0	4.965243E-4
place.stockholm	DEFAULT	ITALIC	0	4	k	19.57936599150604	59.324127	0.0	4.965243E-4
place.stockholm	DEFAULT	ITALIC	0	5	h	19.96732744201241	59.324127	0.0	4.965243E-4
place.stockholm	DEFAULT	ITALIC	0	6	o	20.3834267559621	59.324127	0.0	4.965243E-4
place.stockholm	DEFAULT	ITALIC	0	7	l	20.707438516824563	59.324127	0.0	4.965243E-4
place.stockholm	DEFAULT	ITALIC	0	8	m	20.951299999999996	59.324127	0.0	4.965243E-4
place.stockholm	CAPITAL	SERIF	0	0	S	18.3963	59.324127	0.0	5.958292E-4
place.stockholm	CAPITAL	SERIF	0	1	T	18.663721961072348	59.324127	0.0	5.958292E-4
place.stockholm	CAPITAL	SERIF	0	2	O	19.049039625413148	59.324127	0.0	5.958292E-4
place.stockholm	CAPITAL	SERIF	0	3	C	19.487841681968415	59.324127	0.0	5.958292E-4
place.stockholm	CAPITAL	SERIF	0	4	K	19.896163385971356	59.324127	0.0	5.958292E-4
place.stockholm	CAPITAL	SERIF	0	5	H	20.28780716121924	59.324127	0.0	5.958292E-4
place.stockholm	CAPITAL	SERIF	0	6	O	20.753638964377522	59.324127	0.0	5.958292E-4
place.stockholm	CAPITAL	SERIF	0	7	L	21.192441020932794	59.324127	0.0	5.958292E-4
place.stockholm	CAPITAL	SERIF	0	8	M	21.528299999999998	59.324127	0.0	5.958292E-4
place.christiania	DEFAULT	ITALIC	0	0	C	10.968033	59.918636	0.0	3.9721947E-4
place.christiania	DEFAULT	ITALIC	0	1	h	11.374062248613212	59.918636	0.0	3.9721947E-4
place.christiania	DEFAULT	ITALIC	0	2	r	11.688075360060514	59.918636	0.0	3.9721947E-4
place.christiania	DEFAULT	ITALIC	0	3	i	11.93195029702471	59.918636	0.0	3.9721947E-4
place.christiania	DEFAULT	ITALIC	0	4	s	12.121130327281897	59.918636	0.0	3.9721947E-4
place.christiania	DEFAULT	ITALIC	0	5	t	12.29872790670701	59.918636	0.0	3.9721947E-4
place.christiania	DEFAULT	ITALIC	0	6	i	12.486620997982854	59.918636	0.0	3.9721947E-4
place.christiania	DEFAULT	ITALIC	0	7	a	12.675801028240041	59.918636	0.0	3.9721947E-4
place.christiania	DEFAULT	ITALIC	0	8	n	12.991744548159355	59.918636	0.0	3.9721947E-4
place.christiania	DEFAULT	ITALIC	0	9	i	13.330852969742814	59.918636	0.0	3.9721947E-4
place.christiania	DEFAULT	ITALIC	0	10	a	13.520033	59.918636	0.0	3.9721947E-4
place.christiania	CAPITAL	SERIF	0	0	C	11.012032999999999	59.918636	0.0	4.7666335E-4
place.christiania	CAPITAL	SERIF	0	1	H	11.382316378746593	59.918636	0.0	4.7666335E-4
place.christiania	CAPITAL	SERIF	0	2	R	11.804752346049046	59.918636	0.0	4.7666335E-4
place.christiania	CAPITAL	SERIF	0	3	I	12.176600302452314	59.918636	0.0	4.7666335E-4
place.christiania	CAPITAL	SERIF	0	4	S	12.353919103542234	59.918636	0.0	4.7666335E-4
place.christiania	CAPITAL	SERIF	0	5	T	12.596428640326975	59.918636	0.0	4.7666335E-4
place.christiania	CAPITAL	SERIF	0	6	I	12.945850983651225	59.918636	0.0	4.7666335E-4
place.christiania	CAPITAL	SERIF	0	7	A	13.123169784741144	59.918636	0.0	4.7666335E-4
place.christiania	CAPITAL	SERIF	0	8	N	13.484065697547683	59.918636	0.0	4.7666335E-4
place.christiania	CAPITAL	SERIF	0	9	I	13.897114198910081	59.918636	0.0	4.7666335E-4
place.christiania	CAPITAL	SERIF	0	10	A	14.074432999999999	59.918636	0.0	4.7666335E-4
place.athens	DEFAULT	ITALIC	0	0	A	24.006375	37.985272	0.0	4.965243E-4
place.athens	DEFAULT	ITALIC	0	1	t	24.5028710971379	37.985272	0.0	4.965243E-4
place.athens	DEFAULT	ITALIC	0	2	h	24.72320067215958	37.985272	0.0	4.965243E-4
place.athens	DEFAULT	ITALIC	0	3	e	25.091422701647875	37.985272	0.0	4.965243E-4
place.athens	DEFAULT	ITALIC	0	4	n	25.34872539028621	37.985272	0.0	4.965243E-4
place.athens	DEFAULT	ITALIC	0	5	s	25.746375	37.985272	0.0	4.965243E-4
place.athens	CAPITAL	SERIF	0	0	A	24.061374999999998	37.985272	0.0	5.958292E-4
place.athens	CAPITAL	SERIF	0	1	T	24.47092602040816	37.985272	0.0	5.958292E-4
place.athens	CAPITAL	SERIF	0	2	H	24.86745663265306	37.985272	0.0	5.958292E-4
place.athens	CAPITAL	SERIF	0	3	E	25.3468443877551	37.985272	0.0	5.958292E-4
place.athens	CAPITAL	SERIF	0	4	N	25.68064030612245	37.985272	0.0	5.958292E-4
place.athens	CAPITAL	SERIF	0	5	S	26.149375	37.985272	0.0	5.958292E-4
place.piraeus	DEFAULT	ITALIC	0	0	P	23.91999	37.950021	0.0	3.9721947E-4
place.piraeus	DEFAULT	ITALIC	0	1	i	24.276262868217053	37.950021	0.0	3.9721947E-4
place.piraeus	DEFAULT	ITALIC	0	2	r	24.461323333333333	37.950021	0.0	3.9721947E-4
place.piraeus	DEFAULT	ITALIC	0	3	a	24.699887674418605	37.950021	0.0	3.9721947E-4
place.piraeus	DEFAULT	ITALIC	0	4	e	25.00895124031008	37.950021	0.0	3.9721947E-4
place.piraeus	DEFAULT	ITALIC	0	5	u	25.22359620155039	37.950021	0.0	3.9721947E-4
place.piraeus	DEFAULT	ITALIC	0	6	s	25.54399	37.950021	0.0	3.9721947E-4
place.piraeus	CAPITAL	SERIF	0	0	P	23.96399	37.950021	0.0	4.7666335E-4
place.piraeus	CAPITAL	SERIF	0	1	I	24.26288902750764	37.950021	0.0	4.7666335E-4
place.piraeus	CAPITAL	SERIF	0	2	R	24.446993500972493	37.950021	0.0	4.7666335E-4
place.piraeus	CAPITAL	SERIF	0	3	A	24.833071411503195	37.950021	0.0	4.7666335E-4
place.piraeus	CAPITAL	SERIF	0	4	E	25.207778163378713	37.950021	0.0	4.7666335E-4
place.piraeus	CAPITAL	SERIF	0	5	U	25.513174995832173	37.950021	0.0	4.7666335E-4
place.piraeus	CAPITAL	SERIF	0	6	S	25.912789999999998	37.950021	0.0	4.7666335E-4
place.constantinople	DEFAULT	ITALIC	0	0	C	29.249277	41.017602	0.0	4.965243E-4
place.constantinople	DEFAULT	ITALIC	0	1	o	29.728846449644326	41.017602	0.0	4.965243E-4
place.constantinople	DEFAULT	ITALIC	0	2	n	30.017652140396855	41.017602	0.0	4.965243E-4
place.constantinople	DEFAULT	ITALIC	0	3	s	30.41818003257207	41.017602	0.0	4.965243E-4
place.constantinople	DEFAULT	ITALIC	0	4	t	30.627944165855485	41.017602	0.0	4.965243E-4
place.constantinople	DEFAULT	ITALIC	0	5	a	30.849868538749533	41.017602	0.0	4.965243E-4
place.constantinople	DEFAULT	ITALIC	0	6	n	31.223035891800823	41.017602	0.0	4.965243E-4
place.constantinople	DEFAULT	ITALIC	0	7	t	31.62356378397604	41.017602	0.0	4.965243E-4
place.constantinople	DEFAULT	ITALIC	0	8	i	31.845488156870086	41.017602	0.0	4.965243E-4
place.constantinople	DEFAULT	ITALIC	0	9	n	32.06893255971546	41.017602	0.0	4.965243E-4
place.constantinople	DEFAULT	ITALIC	0	10	o	32.469460451890676	41.017602	0.0	4.965243E-4
place.constantinople	DEFAULT	ITALIC	0	11	p	32.75826614264321	41.017602	0.0	4.965243E-4
place.constantinople	DEFAULT	ITALIC	0	12	l	33.09191271695994	41.017602	0.0	4.965243E-4
place.constantinople	DEFAULT	ITALIC	0	13	e	33.309277	41.017602	0.0	4.965243E-4
place.constantinople	CAPITAL	SERIF	0	0	C	29.304277	41.017602	0.0	5.958292E-4
place.constantinople	CAPITAL	SERIF	0	1	O	29.707203033779848	41.017602	0.0	5.958292E-4
place.constantinople	CAPITAL	SERIF	0	2	N	30.14020664472918	41.017602	0.0	5.958292E-4
place.constantinople	CAPITAL	SERIF	0	3	S	30.589667797903317	41.017602	0.0	5.958292E-4
place.constantinople	CAPITAL	SERIF	0	4	T	30.85355597495632	41.017602	0.0	5.958292E-4
place.constantinople	CAPITAL	SERIF	0	5	A	31.23378195049505	41.017602	0.0	5.958292E-4
place.constantinople	CAPITAL	SERIF	0	6	N	31.626492958066393	41.017602	0.0	5.958292E-4
place.constantinople	CAPITAL	SERIF	0	7	T	32.075954111240534	41.017602	0.0	5.958292E-4
place.constantinople	CAPITAL	SERIF	0	8	I	32.45618008677926	41.017602	0.0	5.958292E-4
place.constantinople	CAPITAL	SERIF	0	9	N	32.64913058182877	41.017602	0.0	5.958292E-4
place.constantinople	CAPITAL	SERIF	0	10	O	33.09859173500291	41.017602	0.0	5.958292E-4
place.constantinople	CAPITAL	SERIF	0	11	P	33.53159534595224	41.017602	0.0	5.958292E-4
place.constantinople	CAPITAL	SERIF	0	12	L	33.84485614967967	41.017602	0.0	5.958292E-4
place.constantinople	CAPITAL	SERIF	0	13	E	34.176277	41.017602	0.0	5.958292E-4
place.smyrna	DEFAULT	ITALIC	0	0	S	27.369847999999998	38.438096	0.0	3.9721947E-4
place.smyrna	DEFAULT	ITALIC	0	1	m	27.62308680015582	38.438096	0.0	3.9721947E-4
place.smyrna	DEFAULT	ITALIC	0	2	y	28.050935650954422	38.438096	0.0	3.9721947E-4
place.smyrna	DEFAULT	ITALIC	0	3	r	28.270553882352942	38.438096	0.0	3.9721947E-4
place.smyrna	DEFAULT	ITALIC	0	4	n	28.476073165562912	38.438096	0.0	3.9721947E-4
place.smyrna	DEFAULT	ITALIC	0	5	a	28.761848	38.438096	0.0	3.9721947E-4
place.smyrna	CAPITAL	SERIF	0	0	S	27.413847999999998	38.438096	0.0	4.7666335E-4
place.smyrna	CAPITAL	SERIF	0	1	M	27.63905414670919	38.438096	0.0	4.7666335E-4
place.smyrna	CAPITAL	SERIF	0	2	Y	28.07542132560162	38.438096	0.0	4.7666335E-4
place.smyrna	CAPITAL	SERIF	0	3	R	28.355354987532618	38.438096	0.0	4.7666335E-4
place.smyrna	CAPITAL	SERIF	0	4	N	28.700671079153377	38.438096	0.0	4.7666335E-4
place.smyrna	CAPITAL	SERIF	0	5	A	29.084248	38.438096	0.0	4.7666335E-4
place.salonica	DEFAULT	ITALIC	0	0	S	23.103054999999998	40.698052	0.0	3.9721947E-4
place.salonica	DEFAULT	ITALIC	0	1	a	23.41732331036983	40.698052	0.0	3.9721947E-4
place.salonica	DEFAULT	ITALIC	0	2	l	23.7477424546773	40.698052	0.0	3.9721947E-4
place.salonica	DEFAULT	ITALIC	0	3	o	23.940206559100798	40.698052	0.0	3.9721947E-4
place.salonica	DEFAULT	ITALIC	0	4	n	24.1959280964467	40.698052	0.0	3.9721947E-4
place.salonica	DEFAULT	ITALIC	0	5	i	24.55057349166062	40.698052	0.0	3.9721947E-4
place.salonica	DEFAULT	ITALIC	0	6	c	24.748421207396664	40.698052	0.0	3.9721947E-4
place.salonica	DEFAULT	ITALIC	0	7	a	24.959055	40.698052	0.0	3.9721947E-4
place.salonica	CAPITAL	SERIF	0	0	S	23.147055	40.698052	0.0	4.7666335E-4
place.salonica	CAPITAL	SERIF	0	1	A	23.385354125632766	40.698052	0.0	4.7666335E-4
place.salonica	CAPITAL	SERIF	0	2	L	23.739984222273357	40.698052	0.0	4.7666335E-4
place.salonica	CAPITAL	SERIF	0	3	O	24.039267425218593	40.698052	0.0	4.7666335E-4
place.salonica	CAPITAL	SERIF	0	4	N	24.430282979751496	40.698052	0.0	4.7666335E-4
place.salonica	CAPITAL	SERIF	0	5	I	24.836160200184075	40.698052	0.0	4.7666335E-4
place.salonica	CAPITAL	SERIF	0	6	C	25.010400421076852	40.698052	0.0	4.7666335E-4
place.salonica	CAPITAL	SERIF	0	7	A	25.374254999999998	40.698052	0.0	4.7666335E-4
place.bucharest	DEFAULT	ITALIC	0	0	B	26.373001000000002	44.435318	0.0	4.965243E-4
place.bucharest	DEFAULT	ITALIC	0	1	u	26.816135461264473	44.435318	0.0	4.965243E-4
place.bucharest	DEFAULT	ITALIC	0	2	c	27.210463154942122	44.435318	0.0	4.965243E-4
place.bucharest	DEFAULT	ITALIC	0	3	h	27.452947571682994	44.435318	0.0	4.965243E-4
place.bucharest	DEFAULT	ITALIC	0	4	a	27.831006342831703	44.435318	0.0	4.965243E-4
place.bucharest	DEFAULT	ITALIC	0	5	r	28.21138924577026	44.435318	0.0	4.965243E-4
place.bucharest	DEFAULT	ITALIC	0	6	e	28.5050045618878	44.435318	0.0	4.965243E-4
place.bucharest	DEFAULT	ITALIC	0	7	s	28.76918087533393	44.435318	0.0	4.965243E-4
place.bucharest	DEFAULT	ITALIC	0	8	t	28.983001	44.435318	0.0	4.965243E-4
place.bucharest	CAPITAL	SERIF	0	0	B	26.428001000000002	44.435318	0.0	5.958292E-4
place.bucharest	CAPITAL	SERIF	0	1	U	26.776264686304227	44.435318	0.0	5.958292E-4
place.bucharest	CAPITAL	SERIF	0	2	C	27.21411579446865	44.435318	0.0	5.958292E-4
place.bucharest	CAPITAL	SERIF	0	3	H	27.635354665466945	44.435318	0.0	5.958292E-4
place.bucharest	CAPITAL	SERIF	0	4	A	28.115922954915703	44.435318	0.0	5.958292E-4
place.bucharest	CAPITAL	SERIF	0	5	R	28.526482530592915	44.435318	0.0	5.958292E-4
place.bucharest	CAPITAL	SERIF	0	6	E	28.949501284144723	44.435318	0.0	5.958292E-4
place.bucharest	CAPITAL	SERIF	0	7	S	29.284119204205343	44.435318	0.0	5.958292E-4
place.bucharest	CAPITAL	SERIF	0	8	T	29.560001	44.435318	0.0	5.958292E-4
place.belgrade	DEFAULT	ITALIC	0	0	B	20.741045	44.820591	0.0	4.965243E-4
place.belgrade	DEFAULT	ITALIC	0	1	e	21.183391666666665	44.820591	0.0	4.965243E-4
place.belgrade	DEFAULT	ITALIC	0	2	l	21.447098333333333	44.820591	0.0	4.965243E-4
place.belgrade	DEFAULT	ITALIC	0	3	g	21.668271666666666	44.820591	0.0	4.965243E-4
place.belgrade	DEFAULT	ITALIC	0	4	r	21.989205	44.820591	0.0	4.965243E-4
place.belgrade	DEFAULT	ITALIC	0	5	a	22.282298333333333	44.820591	0.0	4.965243E-4
place.belgrade	DEFAULT	ITALIC	0	6	d	22.662005	44.820591	0.0	4.965243E-4
place.belgrade	DEFAULT	ITALIC	0	7	e	23.061045	44.820591	0.0	4.965243E-4
place.belgrade	CAPITAL	SERIF	0	0	B	20.796045000000003	44.820591	0.0	5.958292E-4
place.belgrade	CAPITAL	SERIF	0	1	e	21.36131929955033	44.820591	0.0	5.958292E-4
place.belgrade	CAPITAL	SERIF	0	2	l	21.73688484780353	44.820591	0.0	5.958292E-4
place.belgrade	CAPITAL	SERIF	0	3	g	21.96800210826704	44.820591	0.0	5.958292E-4
place.belgrade	CAPITAL	SERIF	0	4	r	22.386902142857146	44.820591	0.0	5.958292E-4
place.belgrade	CAPITAL	SERIF	0	5	a	22.708540330335527	44.820591	0.0	5.958292E-4
place.belgrade	CAPITAL	SERIF	0	6	d	23.09277277585611	44.820591	0.0	5.958292E-4
place.belgrade	CAPITAL	SERIF	0	7	e	23.580045000000002	44.820591	0.0	5.958292E-4
place.sofia	DEFAULT	ITALIC	0	0	S	23.589707999999998	42.685295	0.0	2.7648333E-4
place.sofia	DEFAULT	ITALIC	0	1	o	24.052874894664843	42.685295	0.0	2.7648333E-4
place.sofia	DEFAULT	ITALIC	0	2	f	24.429755879616962	42.685295	0.0	2.7648333E-4
place.sofia	DEFAULT	ITALIC	0	3	i	24.748121132694937	42.685295	0.0	2.7648333E-4
place.sofia	DEFAULT	ITALIC	0	4	a	25.039708	42.685295	0.0	2.7648333E-4
place.sofia	CAPITAL	SERIF	0	0	S	23.644707999999998	42.685295	0.0	3.3178E-4
place.sofia	CAPITAL	SERIF	0	1	o	24.175962103742613	42.685295	0.0	3.3178E-4
place.sofia	CAPITAL	SERIF	0	2	f	24.7414906657912	42.685295	0.0	3.3178E-4
place.sofia	CAPITAL	SERIF	0	3	i	25.104799923834538	42.685295	0.0	3.3178E-4
place.sofia	CAPITAL	SERIF	0	4	a	25.384708	42.685295	0.0	3.3178E-4
place.cetinje	DEFAULT	ITALIC	0	0	C	18.992117078323663	42.3906	0.0	2.4826216E-4
place.cetinje	DEFAULT	ITALIC	0	1	e	19.235561538987202	42.3906	0.0	2.4826216E-4
place.cetinje	DEFAULT	ITALIC	0	2	t	19.353430061084186	42.3906	0.0	2.4826216E-4
place.cetinje	DEFAULT	ITALIC	0	3	i	19.4500805797682	42.3906	0.0	2.4826216E-4
place.cetinje	DEFAULT	ITALIC	0	4	n	19.54759713940785	42.3906	0.0	2.4826216E-4
place.cetinje	DEFAULT	ITALIC	0	5	j	19.74600747037855	42.3906	0.0	2.4826216E-4
place.cetinje	DEFAULT	ITALIC	0	6	e	19.82836831329465	42.3906	0.0	2.4826216E-4
place.cetinje	CAPITAL	SERIF	0	0	C	19.019617078323666	42.3906	0.0	2.979146E-4
place.cetinje	CAPITAL	SERIF	0	1	e	19.348209372147743	42.3906	0.0	2.979146E-4
place.cetinje	CAPITAL	SERIF	0	2	t	19.51527659344799	42.3906	0.0	2.979146E-4
place.cetinje	CAPITAL	SERIF	0	3	i	19.64398161002383	42.3906	0.0	2.979146E-4
place.cetinje	CAPITAL	SERIF	0	4	n	19.737857782836716	42.3906	0.0	2.979146E-4
place.cetinje	CAPITAL	SERIF	0	5	j	19.974582691662864	42.3906	0.0	2.979146E-4
place.cetinje	CAPITAL	SERIF	0	6	e	20.05886831329465	42.3906	0.0	2.979146E-4
place.sarajevo	DEFAULT	ITALIC	0	0	S	18.46000299496171	44.08835367506382	0.0	3.9721947E-4
place.sarajevo	DEFAULT	ITALIC	0	1	a	18.67007976820609	44.08835367506382	0.0	3.9721947E-4
place.sarajevo	DEFAULT	ITALIC	0	2	r	18.895852101704172	44.08835367506382	0.0	3.9721947E-4
place.sarajevo	DEFAULT	ITALIC	0	3	a	19.048378487351652	44.08835367506382	0.0	3.9721947E-4
place.sarajevo	DEFAULT	ITALIC	0	4	j	19.274150820849734	44.08835367506382	0.0	3.9721947E-4
place.sarajevo	DEFAULT	ITALIC	0	5	e	19.348199405228716	44.08835367506382	0.0	3.9721947E-4
place.sarajevo	DEFAULT	ITALIC	0	6	v	19.475874487141173	44.08835367506382	0.0	3.9721947E-4
place.sarajevo	DEFAULT	ITALIC	0	7	o	19.648674304783018	44.08835367506382	0.0	3.9721947E-4
place.sarajevo	CAPITAL	SERIF	0	0	S	18.50400299496171	44.08835367506382	0.0	4.7666335E-4
place.sarajevo	CAPITAL	SERIF	0	1	A	18.658947753645705	44.08835367506382	0.0	4.7666335E-4
place.sarajevo	CAPITAL	SERIF	0	2	R	18.936070956022302	44.08835367506382	0.0	4.7666335E-4
place.sarajevo	CAPITAL	SERIF	0	3	A	19.224497010018045	44.08835367506382	0.0	4.7666335E-4
place.sarajevo	CAPITAL	SERIF	0	4	J	19.50162021239464	44.08835367506382	0.0	4.7666335E-4
place.sarajevo	CAPITAL	SERIF	0	5	E	19.58928609239328	44.08835367506382	0.0	4.7666335E-4
place.sarajevo	CAPITAL	SERIF	0	6	V	19.797515722996078	44.08835367506382	0.0	4.7666335E-4
place.sarajevo	CAPITAL	SERIF	0	7	O	20.06387430478302	44.08835367506382	0.0	4.7666335E-4
place.bern	DEFAULT	ITALIC	0	0	B	7.741975999999999	46.916683	0.0	4.965243E-4
place.bern	DEFAULT	ITALIC	0	1	e	8.295381572755417	46.916683	0.0	4.965243E-4
place.bern	DEFAULT	ITALIC	0	2	r	8.625296433436532	46.916683	0.0	4.965243E-4
place.bern	DEFAULT	ITALIC	0	3	n	8.991976	46.916683	0.0	4.965243E-4
place.bern	CAPITAL	SERIF	0	0	B	7.796976000000001	46.916683	0.0	5.958292E-4
place.bern	CAPITAL	SERIF	0	1	e	8.46860071395881	46.916683	0.0	5.958292E-4
place.bern	CAPITAL	SERIF	0	2	r	8.914824970251717	46.916683	0.0	5.958292E-4
place.bern	CAPITAL	SERIF	0	3	n	9.296976	46.916683	0.0	5.958292E-4
place.dublin	DEFAULT	ITALIC	0	0	D	-6.03698	53.346731	0.0	3.9721947E-4
place.dublin	DEFAULT	ITALIC	0	1	u	-5.579869082969433	53.346731	0.0	3.9721947E-4
place.dublin	DEFAULT	ITALIC	0	2	b	-5.270468209606987	53.346731	0.0	3.9721947E-4
place.dublin	DEFAULT	ITALIC	0	3	l	-4.9975389519650655	53.346731	0.0	3.9721947E-4
place.dublin	DEFAULT	ITALIC	0	4	i	-4.823690917030568	53.346731	0.0	3.9721947E-4
place.dublin	DEFAULT	ITALIC	0	5	n	-4.64498	53.346731	0.0	3.9721947E-4
place.dublin	CAPITAL	SERIF	0	0	D	-5.992980000000001	53.346731	0.0	4.7666335E-4
place.dublin	CAPITAL	SERIF	0	1	U	-5.573572207792209	53.346731	0.0	4.7666335E-4
place.dublin	CAPITAL	SERIF	0	2	B	-5.163064315684316	53.346731	0.0	4.7666335E-4
place.dublin	CAPITAL	SERIF	0	3	L	-4.836549230769231	53.346731	0.0	4.7666335E-4
place.dublin	CAPITAL	SERIF	0	4	I	-4.511702877122877	53.346731	0.0	4.7666335E-4
place.dublin	CAPITAL	SERIF	0	5	N	-4.32258	53.346731	0.0	4.7666335E-4
place.belfast	DEFAULT	ITALIC	0	0	B	-5.708178	54.594245	0.0	3.9721947E-4
place.belfast	DEFAULT	ITALIC	0	1	e	-5.302000474857892	54.594245	0.0	3.9721947E-4
place.belfast	DEFAULT	ITALIC	0	2	l	-5.059856181023174	54.594245	0.0	3.9721947E-4
place.belfast	DEFAULT	ITALIC	0	3	f	-4.856767418452121	54.594245	0.0	3.9721947E-4
place.belfast	DEFAULT	ITALIC	0	4	a	-4.628825135986007	54.594245	0.0	3.9721947E-4
place.belfast	DEFAULT	ITALIC	0	5	s	-4.280165756886751	54.594245	0.0	3.9721947E-4
place.belfast	DEFAULT	ITALIC	0	6	t	-4.084178	54.594245	0.0	3.9721947E-4
place.belfast	CAPITAL	SERIF	0	0	B	-5.664178000000001	54.594245	0.0	4.7666335E-4
place.belfast	CAPITAL	SERIF	0	1	E	-5.328118775558168	54.594245	0.0	4.7666335E-4
place.belfast	CAPITAL	SERIF	0	2	L	-5.005227118683902	54.594245	0.0	4.7666335E-4
place.belfast	CAPITAL	SERIF	0	3	F	-4.67088540305523	54.594245	0.0	4.7666335E-4
place.belfast	CAPITAL	SERIF	0	4	A	-4.377763898942421	54.594245	0.0	4.7666335E-4
place.belfast	CAPITAL	SERIF	0	5	S	-3.9815918660399534	54.594245	0.0	4.7666335E-4
place.belfast	CAPITAL	SERIF	0	6	T	-3.7153780000000007	54.594245	0.0	4.7666335E-4
place.reykjavik	DEFAULT	ITALIC	0	0	R	-21.661546	64.143459	0.0	4.965243E-4
place.reykjavik	DEFAULT	ITALIC	0	1	e	-21.125019967684022	64.143459	0.0	4.965243E-4
place.reykjavik	DEFAULT	ITALIC	0	2	y	-20.858709375224418	64.143459	0.0	4.965243E-4
place.reykjavik	DEFAULT	ITALIC	0	3	k	-20.542416736086178	64.143459	0.0	4.965243E-4
place.reykjavik	DEFAULT	ITALIC	0	4	j	-20.187075622980252	64.143459	0.0	4.965243E-4
place.reykjavik	DEFAULT	ITALIC	0	5	a	-19.98480452782765	64.143459	0.0	4.965243E-4
place.reykjavik	DEFAULT	ITALIC	0	6	v	-19.60134851346499	64.143459	0.0	4.965243E-4
place.reykjavik	DEFAULT	ITALIC	0	7	i	-19.281151026929983	64.143459	0.0	4.965243E-4
place.reykjavik	DEFAULT	ITALIC	0	8	k	-19.051546000000002	64.143459	0.0	4.965243E-4
place.reykjavik	CAPITAL	SERIF	0	0	R	-21.606545999999998	64.143459	0.0	5.958292E-4
place.reykjavik	CAPITAL	SERIF	0	1	E	-21.118966087336243	64.143459	0.0	5.958292E-4
place.reykjavik	CAPITAL	SERIF	0	2	Y	-20.733278751091703	64.143459	0.0	5.958292E-4
place.reykjavik	CAPITAL	SERIF	0	3	K	-20.338017615720524	64.143459	0.0	5.958292E-4
place.reykjavik	CAPITAL	SERIF	0	4	J	-19.87232067248908	64.143459	0.0	5.958292E-4
place.reykjavik	CAPITAL	SERIF	0	5	A	-19.639814122270742	64.143459	0.0	5.958292E-4
place.reykjavik	CAPITAL	SERIF	0	6	V	-19.166594908296943	64.143459	0.0	5.958292E-4
place.reykjavik	CAPITAL	SERIF	0	7	I	-18.70705255021834	64.143459	0.0	5.958292E-4
place.reykjavik	CAPITAL	SERIF	0	8	K	-18.474546	64.143459	0.0	5.958292E-4
place.helsingfors	DEFAULT	ITALIC	0	0	H	25.152457	60.163804	0.0	3.9721947E-4
place.helsingfors	DEFAULT	ITALIC	0	1	e	25.63521569017632	60.163804	0.0	3.9721947E-4
place.helsingfors	DEFAULT	ITALIC	0	2	l	25.85441770528967	60.163804	0.0	3.9721947E-4
place.helsingfors	DEFAULT	ITALIC	0	3	s	26.03826455667506	60.163804	0.0	3.9721947E-4
place.helsingfors	DEFAULT	ITALIC	0	4	i	26.21568319647355	60.163804	0.0	3.9721947E-4
place.helsingfors	DEFAULT	ITALIC	0	5	n	26.404672617128462	60.163804	0.0	3.9721947E-4
place.helsingfors	DEFAULT	ITALIC	0	6	g	26.743439367758185	60.163804	0.0	3.9721947E-4
place.helsingfors	DEFAULT	ITALIC	0	7	f	27.010210148614608	60.163804	0.0	3.9721947E-4
place.helsingfors	DEFAULT	ITALIC	0	8	o	27.216555740554153	60.163804	0.0	3.9721947E-4
place.helsingfors	DEFAULT	ITALIC	0	9	r	27.46082778085642	60.163804	0.0	3.9721947E-4
place.helsingfors	DEFAULT	ITALIC	0	10	s	27.704456999999998	60.163804	0.0	3.9721947E-4
place.helsingfors	CAPITAL	SERIF	0	0	H	25.196457000000002	60.163804	0.0	4.7666335E-4
place.helsingfors	CAPITAL	SERIF	0	1	E	25.591951897959184	60.163804	0.0	4.7666335E-4
place.helsingfors	CAPITAL	SERIF	0	2	L	25.867333530612246	60.163804	0.0	4.7666335E-4
place.helsingfors	CAPITAL	SERIF	0	3	S	26.152480469387758	60.163804	0.0	4.7666335E-4
place.helsingfors	CAPITAL	SERIF	0	4	I	26.379523836734695	60.163804	0.0	4.7666335E-4
place.helsingfors	CAPITAL	SERIF	0	5	N	26.545534040816328	60.163804	0.0	4.7666335E-4
place.helsingfors	CAPITAL	SERIF	0	6	G	26.932240163265305	60.163804	0.0	4.7666335E-4
place.helsingfors	CAPITAL	SERIF	0	7	F	27.28818557142857	60.163804	0.0	4.7666335E-4
place.helsingfors	CAPITAL	SERIF	0	8	O	27.538177408163264	60.163804	0.0	4.7666335E-4
place.helsingfors	CAPITAL	SERIF	0	9	R	27.910723836734693	60.163804	0.0	4.7666335E-4
place.helsingfors	CAPITAL	SERIF	0	10	S	28.258857	60.163804	0.0	4.7666335E-4
place.washington	DEFAULT	ITALIC	0	0	W	-77.0342786083817	39.199409608381686	0.0	4.503622E-4
place.washington	DEFAULT	ITALIC	0	1	a	-76.30276560601763	39.199409608381686	0.0	4.503622E-4
place.washington	DEFAULT	ITALIC	0	2	s	-75.96614622067484	39.199409608381686	0.0	4.503622E-4
place.washington	DEFAULT	ITALIC	0	3	h	-75.77692636251881	39.199409608381686	0.0	4.503622E-4
place.washington	DEFAULT	ITALIC	0	4	i	-75.44236371476467	39.199409608381686	0.0	4.503622E-4
place.washington	DEFAULT	ITALIC	0	5	n	-75.24080343107673	39.199409608381686	0.0	4.503622E-4
place.washington	DEFAULT	ITALIC	0	6	g	-74.87950319467011	39.199409608381686	0.0	4.503622E-4
place.washington	DEFAULT	ITALIC	0	7	t	-74.59498782823985	39.199409608381686	0.0	4.503622E-4
place.washington	DEFAULT	ITALIC	0	8	o	-74.39479870294434	39.199409608381686	0.0	4.503622E-4
place.washington	DEFAULT	ITALIC	0	9	n	-74.13427860838169	39.199409608381686	0.0	4.503622E-4
place.washington	CAPITAL	SERIF	0	0	W	-76.97927860838169	39.199409608381686	0.0	5.404347E-4
place.washington	CAPITAL	SERIF	0	1	A	-76.46322227035353	39.199409608381686	0.0	5.404347E-4
place.washington	CAPITAL	SERIF	0	2	S	-76.07336311542394	39.199409608381686	0.0	5.404347E-4
place.washington	CAPITAL	SERIF	0	3	H	-75.81139128443803	39.199409608381686	0.0	5.404347E-4
place.washington	CAPITAL	SERIF	0	4	I	-75.35505325626902	39.199409608381686	0.0	5.404347E-4
place.washington	CAPITAL	SERIF	0	5	N	-75.16350396049437	39.199409608381686	0.0	5.404347E-4
place.washington	CAPITAL	SERIF	0	6	G	-74.71730677739578	39.199409608381686	0.0	5.404347E-4
place.washington	CAPITAL	SERIF	0	7	T	-74.30660255204367	39.199409608381686	0.0	5.404347E-4
place.washington	CAPITAL	SERIF	0	8	O	-73.92913776331127	39.199409608381686	0.0	5.404347E-4
place.washington	CAPITAL	SERIF	0	9	N	-73.4992786083817	39.199409608381686	0.0	5.404347E-4
place.new-york	DEFAULT	ITALIC	0	0	N	-73.775718	40.95989367506382	0.0	3.9721947E-4
place.new-york	DEFAULT	ITALIC	0	1	e	-73.36250539675741	40.95989367506382	0.0	3.9721947E-4
place.new-york	DEFAULT	ITALIC	0	2	w	-73.17974859039461	40.95989367506382	0.0	3.9721947E-4
place.new-york	DEFAULT	ITALIC	0	3	\s	-72.84585565677577	40.95989367506382	0.0	3.9721947E-4
place.new-york	DEFAULT	ITALIC	0	4	Y	-72.73866691404098	40.95989367506382	0.0	3.9721947E-4
place.new-york	DEFAULT	ITALIC	0	5	o	-72.43049927867848	40.95989367506382	0.0	3.9721947E-4
place.new-york	DEFAULT	ITALIC	0	6	r	-72.2268406674824	40.95989367506382	0.0	3.9721947E-4
place.new-york	DEFAULT	ITALIC	0	7	k	-72.02371799999999	40.95989367506382	0.0	3.9721947E-4
place.new-york	CAPITAL	SERIF	0	0	N	-73.73171799999999	40.95989367506382	0.0	4.7666335E-4
place.new-york	CAPITAL	SERIF	0	1	E	-73.36382122580645	40.95989367506382	0.0	4.7666335E-4
place.new-york	CAPITAL	SERIF	0	2	W	-73.10183412903224	40.95989367506382	0.0	4.7666335E-4
place.new-york	CAPITAL	SERIF	0	3	\s	-72.67633735483871	40.95989367506382	0.0	4.7666335E-4
place.new-york	CAPITAL	SERIF	0	4	Y	-72.58343412903226	40.95989367506382	0.0	4.7666335E-4
place.new-york	CAPITAL	SERIF	0	5	O	-72.31494380645161	40.95989367506382	0.0	4.7666335E-4
place.new-york	CAPITAL	SERIF	0	6	R	-71.960518	40.95989367506382	0.0	4.7666335E-4
place.new-york	CAPITAL	SERIF	0	7	K	-71.629318	40.95989367506382	0.0	4.7666335E-4
place.boston	DEFAULT	ITALIC	0	0	B	-70.85196	42.331906	0.0	3.9721947E-4
place.boston	DEFAULT	ITALIC	0	1	o	-70.43289473684212	42.331906	0.0	3.9721947E-4
place.boston	DEFAULT	ITALIC	0	2	s	-70.15449473684211	42.331906	0.0	3.9721947E-4
place.boston	DEFAULT	ITALIC	0	3	t	-69.95228842105264	42.331906	0.0	3.9721947E-4
place.boston	DEFAULT	ITALIC	0	4	o	-69.73836000000001	42.331906	0.0	3.9721947E-4
place.boston	DEFAULT	ITALIC	0	5	n	-69.45996000000001	42.331906	0.0	3.9721947E-4
place.boston	CAPITAL	SERIF	0	0	B	-70.80796000000001	42.331906	0.0	4.7666335E-4
place.boston	CAPITAL	SERIF	0	1	O	-70.50607428571429	42.331906	0.0	4.7666335E-4
place.boston	CAPITAL	SERIF	0	2	S	-70.1136742857143	42.331906	0.0	4.7666335E-4
place.boston	CAPITAL	SERIF	0	3	T	-69.87453142857143	42.331906	0.0	4.7666335E-4
place.boston	CAPITAL	SERIF	0	4	O	-69.52996	42.331906	0.0	4.7666335E-4
place.boston	CAPITAL	SERIF	0	5	N	-69.13756000000001	42.331906	0.0	4.7666335E-4
place.philadelphia	DEFAULT	ITALIC	0	0	P	-74.959841	40.18427367506382	0.0	3.9721947E-4
place.philadelphia	DEFAULT	ITALIC	0	1	h	-74.60881760948986	40.18427367506382	0.0	3.9721947E-4
place.philadelphia	DEFAULT	ITALIC	0	2	i	-74.3061684671419	40.18427367506382	0.0	3.9721947E-4
place.philadelphia	DEFAULT	ITALIC	0	3	l	-74.12383476253063	40.18427367506382	0.0	3.9721947E-4
place.philadelphia	DEFAULT	ITALIC	0	4	a	-73.94646251926933	40.18427367506382	0.0	3.9721947E-4
place.philadelphia	DEFAULT	ITALIC	0	5	d	-73.64195282891512	40.18427367506382	0.0	3.9721947E-4
place.philadelphia	DEFAULT	ITALIC	0	6	e	-73.32193857184228	40.18427367506382	0.0	3.9721947E-4
place.philadelphia	DEFAULT	ITALIC	0	7	l	-73.11045628179996	40.18427367506382	0.0	3.9721947E-4
place.philadelphia	DEFAULT	ITALIC	0	8	p	-72.93308403853865	40.18427367506382	0.0	3.9721947E-4
place.philadelphia	DEFAULT	ITALIC	0	9	h	-72.66082384695923	40.18427367506382	0.0	3.9721947E-4
place.philadelphia	DEFAULT	ITALIC	0	10	i	-72.35817470461127	40.18427367506382	0.0	3.9721947E-4
place.philadelphia	DEFAULT	ITALIC	0	11	a	-72.175841	40.18427367506382	0.0	3.9721947E-4
place.philadelphia	CAPITAL	SERIF	0	0	P	-74.915841	40.18427367506382	0.0	4.7666335E-4
place.philadelphia	CAPITAL	SERIF	0	1	H	-74.63566451868734	40.18427367506382	0.0	4.7666335E-4
place.philadelphia	CAPITAL	SERIF	0	2	I	-74.22453598632634	40.18427367506382	0.0	4.7666335E-4
place.philadelphia	CAPITAL	SERIF	0	3	L	-74.0519635159526	40.18427367506382	0.0	4.7666335E-4
place.philadelphia	CAPITAL	SERIF	0	4	A	-73.75554491978122	40.18427367506382	0.0	4.7666335E-4
place.philadelphia	CAPITAL	SERIF	0	5	D	-73.40430918596171	40.18427367506382	0.0	4.7666335E-4
place.philadelphia	CAPITAL	SERIF	0	6	E	-73.02160435460347	40.18427367506382	0.0	4.7666335E-4
place.philadelphia	CAPITAL	SERIF	0	7	L	-72.73533708021878	40.18427367506382	0.0	4.7666335E-4
place.philadelphia	CAPITAL	SERIF	0	8	P	-72.4389184840474	40.18427367506382	0.0	4.7666335E-4
place.philadelphia	CAPITAL	SERIF	0	9	H	-72.15874200273473	40.18427367506382	0.0	4.7666335E-4
place.philadelphia	CAPITAL	SERIF	0	10	I	-71.74761347037375	40.18427367506382	0.0	4.7666335E-4
place.philadelphia	CAPITAL	SERIF	0	11	A	-71.575041	40.18427367506382	0.0	4.7666335E-4
place.baltimore	DEFAULT	ITALIC	0	0	B	-76.477082	39.43047330419085	0.0	2.4826216E-4
place.baltimore	DEFAULT	ITALIC	0	1	a	-76.26276675452196	39.43047330419085	0.0	2.4826216E-4
place.baltimore	DEFAULT	ITALIC	0	2	l	-76.07880034625322	39.43047330419085	0.0	2.4826216E-4
place.baltimore	DEFAULT	ITALIC	0	3	t	-75.97164272351421	39.43047330419085	0.0	2.4826216E-4
place.baltimore	DEFAULT	ITALIC	0	4	i	-75.86223703875969	39.43047330419085	0.0	2.4826216E-4
place.baltimore	DEFAULT	ITALIC	0	5	m	-75.75208199999999	39.43047330419085	0.0	2.4826216E-4
place.baltimore	DEFAULT	ITALIC	0	6	o	-75.45646184496123	39.43047330419085	0.0	2.4826216E-4
place.baltimore	DEFAULT	ITALIC	0	7	r	-75.31408458397932	39.43047330419085	0.0	2.4826216E-4
place.baltimore	DEFAULT	ITALIC	0	8	e	-75.17208199999999	39.43047330419085	0.0	2.4826216E-4
place.baltimore	CAPITAL	SERIF	0	0	B	-76.449582	39.43047330419085	0.0	2.979146E-4
place.baltimore	CAPITAL	SERIF	0	1	A	-76.2744882857143	39.43047330419085	0.0	2.979146E-4
place.baltimore	CAPITAL	SERIF	0	2	L	-76.06807457142858	39.43047330419085	0.0	2.979146E-4
place.baltimore	CAPITAL	SERIF	0	3	T	-75.89387571428573	39.43047330419085	0.0	2.979146E-4
place.baltimore	CAPITAL	SERIF	0	4	I	-75.69402428571429	39.43047330419085	0.0	2.979146E-4
place.baltimore	CAPITAL	SERIF	0	5	M	-75.59260714285715	39.43047330419085	0.0	2.979146E-4
place.baltimore	CAPITAL	SERIF	0	6	O	-75.32385171428572	39.43047330419085	0.0	2.979146E-4
place.baltimore	CAPITAL	SERIF	0	7	R	-75.09625971428572	39.43047330419085	0.0	2.979146E-4
place.baltimore	CAPITAL	SERIF	0	8	E	-74.883582	39.43047330419085	0.0	2.979146E-4
place.norfolk	DEFAULT	ITALIC	0	0	N	-76.0659	37.08913167506382	0.0	3.9721947E-4
place.norfolk	DEFAULT	ITALIC	0	1	o	-75.56844112038141	37.08913167506382	0.0	3.9721947E-4
place.norfolk	DEFAULT	ITALIC	0	2	r	-75.32326034962257	37.08913167506382	0.0	3.9721947E-4
place.norfolk	DEFAULT	ITALIC	0	3	f	-75.07872479141835	37.08913167506382	0.0	3.9721947E-4
place.norfolk	DEFAULT	ITALIC	0	4	o	-74.87161156138261	37.08913167506382	0.0	3.9721947E-4
place.norfolk	DEFAULT	ITALIC	0	5	l	-74.62643079062376	37.08913167506382	0.0	3.9721947E-4
place.norfolk	DEFAULT	ITALIC	0	6	k	-74.4419	37.08913167506382	0.0	3.9721947E-4
place.norfolk	CAPITAL	SERIF	0	0	N	-76.0219	37.08913167506382	0.0	4.7666335E-4
place.norfolk	CAPITAL	SERIF	0	1	O	-75.6479117276472	37.08913167506382	0.0	4.7666335E-4
place.norfolk	CAPITAL	SERIF	0	2	R	-75.28761747031743	37.08913167506382	0.0	4.7666335E-4
place.norfolk	CAPITAL	SERIF	0	3	F	-74.95093358371699	37.08913167506382	0.0	4.7666335E-4
place.norfolk	CAPITAL	SERIF	0	4	O	-74.70916338744851	37.08913167506382	0.0	4.7666335E-4
place.norfolk	CAPITAL	SERIF	0	5	L	-74.34886913011873	37.08913167506382	0.0	4.7666335E-4
place.norfolk	CAPITAL	SERIF	0	6	K	-74.0731	37.08913167506382	0.0	4.7666335E-4
place.new-orleans	DEFAULT	ITALIC	0	0	N	-89.868368	29.968908	0.0	3.9721947E-4
place.new-orleans	DEFAULT	ITALIC	0	1	e	-89.46273550483559	29.968908	0.0	3.9721947E-4
place.new-orleans	DEFAULT	ITALIC	0	2	w	-89.28333124951644	29.968908	0.0	3.9721947E-4
place.new-orleans	DEFAULT	ITALIC	0	3	\s	-88.95556335783365	29.968908	0.0	3.9721947E-4
place.new-orleans	DEFAULT	ITALIC	0	4	O	-88.85034092069633	29.968908	0.0	3.9721947E-4
place.new-orleans	DEFAULT	ITALIC	0	5	r	-88.48521906382979	29.968908	0.0	3.9721947E-4
place.new-orleans	DEFAULT	ITALIC	0	6	l	-88.28582254545455	29.968908	0.0	3.9721947E-4
place.new-orleans	DEFAULT	ITALIC	0	7	e	-88.13535446034817	29.968908	0.0	3.9721947E-4
place.new-orleans	DEFAULT	ITALIC	0	8	a	-87.95595020502901	29.968908	0.0	3.9721947E-4
place.new-orleans	DEFAULT	ITALIC	0	9	n	-87.69762912185686	29.968908	0.0	3.9721947E-4
place.new-orleans	DEFAULT	ITALIC	0	10	s	-87.420368	29.968908	0.0	3.9721947E-4
place.new-orleans	CAPITAL	SERIF	0	0	N	-89.824368	29.968908	0.0	4.7666335E-4
place.new-orleans	CAPITAL	SERIF	0	1	E	-89.47078453495442	29.968908	0.0	4.7666335E-4
place.new-orleans	CAPITAL	SERIF	0	2	W	-89.21899024924012	29.968908	0.0	4.7666335E-4
place.new-orleans	CAPITAL	SERIF	0	3	\s	-88.81004775683891	29.968908	0.0	4.7666335E-4
place.new-orleans	CAPITAL	SERIF	0	4	O	-88.72075900303952	29.968908	0.0	4.7666335E-4
place.new-orleans	CAPITAL	SERIF	0	5	R	-88.38012240729483	29.968908	0.0	4.7666335E-4
place.new-orleans	CAPITAL	SERIF	0	6	L	-88.061808	29.968908	0.0	4.7666335E-4
place.new-orleans	CAPITAL	SERIF	0	7	E	-87.80108483890578	29.968908	0.0	4.7666335E-4
place.new-orleans	CAPITAL	SERIF	0	8	A	-87.5492905531915	29.968908	0.0	4.7666335E-4
place.new-orleans	CAPITAL	SERIF	0	9	N	-87.24035146504559	29.968908	0.0	4.7666335E-4
place.new-orleans	CAPITAL	SERIF	0	10	S	-86.886768	29.968908	0.0	4.7666335E-4
place.charleston	DEFAULT	ITALIC	0	0	C	-79.85460499999999	32.792377	0.0	2.4826216E-4
place.charleston	DEFAULT	ITALIC	0	1	h	-79.59788502244669	32.792377	0.0	2.4826216E-4
place.charleston	DEFAULT	ITALIC	0	2	a	-79.39934405723905	32.792377	0.0	2.4826216E-4
place.charleston	DEFAULT	ITALIC	0	3	r	-79.19958255331089	32.792377	0.0	2.4826216E-4
place.charleston	DEFAULT	ITALIC	0	4	l	-79.04538782828283	32.792377	0.0	2.4826216E-4
place.charleston	DEFAULT	ITALIC	0	5	e	-78.92902980359148	32.792377	0.0	2.4826216E-4
place.charleston	DEFAULT	ITALIC	0	6	s	-78.79029523569024	32.792377	0.0	2.4826216E-4
place.charleston	DEFAULT	ITALIC	0	7	t	-78.67800567340068	32.792377	0.0	2.4826216E-4
place.charleston	DEFAULT	ITALIC	0	8	o	-78.55920657126823	32.792377	0.0	2.4826216E-4
place.charleston	DEFAULT	ITALIC	0	9	n	-78.404605	32.792377	0.0	2.4826216E-4
place.charleston	CAPITAL	SERIF	0	0	C	-79.827105	32.792377	0.0	2.979146E-4
place.charleston	CAPITAL	SERIF	0	1	H	-79.62020498325239	32.792377	0.0	2.979146E-4
place.charleston	CAPITAL	SERIF	0	2	A	-79.38416411907554	32.792377	0.0	2.979146E-4
place.charleston	CAPITAL	SERIF	0	3	R	-79.18250945486518	32.792377	0.0	2.979146E-4
place.charleston	CAPITAL	SERIF	0	4	L	-78.9747352126947	32.792377	0.0	2.979146E-4
place.charleston	CAPITAL	SERIF	0	5	E	-78.80455266370792	32.792377	0.0	2.979146E-4
place.charleston	CAPITAL	SERIF	0	6	S	-78.640198284207	32.792377	0.0	2.979146E-4
place.charleston	CAPITAL	SERIF	0	7	T	-78.50469334366103	32.792377	0.0	2.979146E-4
place.charleston	CAPITAL	SERIF	0	8	O	-78.30944966588511	32.792377	0.0	2.979146E-4
place.charleston	CAPITAL	SERIF	0	9	N	-78.087105	32.792377	0.0	2.979146E-4
place.san-francisco	DEFAULT	ITALIC	0	0	S	-122.17960000000001	37.784263	0.0	3.9721947E-4
place.san-francisco	DEFAULT	ITALIC	0	1	a	-121.89551727595573	37.784263	0.0	3.9721947E-4
place.san-francisco	DEFAULT	ITALIC	0	2	n	-121.59683501148946	37.784263	0.0	3.9721947E-4
place.san-francisco	DEFAULT	ITALIC	0	3	\s	-121.27625343639023	37.784263	0.0	3.9721947E-4
place.san-francisco	DEFAULT	ITALIC	0	4	F	-121.15459059954043	37.784263	0.0	3.9721947E-4
place.san-francisco	DEFAULT	ITALIC	0	5	r	-120.84495867975768	37.784263	0.0	3.9721947E-4
place.san-francisco	DEFAULT	ITALIC	0	6	a	-120.6144076039273	37.784263	0.0	3.9721947E-4
place.san-francisco	DEFAULT	ITALIC	0	7	n	-120.31572533946104	37.784263	0.0	3.9721947E-4
place.san-francisco	DEFAULT	ITALIC	0	8	c	-119.99514376436181	37.784263	0.0	3.9721947E-4
place.san-francisco	DEFAULT	ITALIC	0	9	i	-119.80474142469188	37.784263	0.0	3.9721947E-4
place.san-francisco	DEFAULT	ITALIC	0	10	s	-119.62589705452267	37.784263	0.0	3.9721947E-4
place.san-francisco	DEFAULT	ITALIC	0	11	c	-119.45800233966995	37.784263	0.0	3.9721947E-4
place.san-francisco	DEFAULT	ITALIC	0	12	o	-119.2676	37.784263	0.0	3.9721947E-4
place.san-francisco	CAPITAL	SERIF	0	0	S	-122.13560000000001	37.784263	0.0	4.7666335E-4
place.san-francisco	CAPITAL	SERIF	0	1	A	-121.90619212198222	37.784263	0.0	4.7666335E-4
place.san-francisco	CAPITAL	SERIF	0	2	N	-121.56479373146972	37.784263	0.0	4.7666335E-4
place.san-francisco	CAPITAL	SERIF	0	3	\s	-121.17406031342652	37.784263	0.0	4.7666335E-4
place.san-francisco	CAPITAL	SERIF	0	4	F	-121.0753902583651	37.784263	0.0	4.7666335E-4
place.san-francisco	CAPITAL	SERIF	0	5	R	-120.82279491740789	37.784263	0.0	4.7666335E-4
place.san-francisco	CAPITAL	SERIF	0	6	A	-120.47103617111394	37.784263	0.0	4.7666335E-4
place.san-francisco	CAPITAL	SERIF	0	7	N	-120.12963778060144	37.784263	0.0	4.7666335E-4
place.san-francisco	CAPITAL	SERIF	0	8	C	-119.73890436255824	37.784263	0.0	4.7666335E-4
place.san-francisco	CAPITAL	SERIF	0	9	I	-119.38862566709021	37.784263	0.0	4.7666335E-4
place.san-francisco	CAPITAL	SERIF	0	10	S	-119.22088657348581	37.784263	0.0	4.7666335E-4
place.san-francisco	CAPITAL	SERIF	0	11	C	-118.99147869546802	37.784263	0.0	4.7666335E-4
place.san-francisco	CAPITAL	SERIF	0	12	O	-118.6412	37.784263	0.0	4.7666335E-4
place.seattle	DEFAULT	ITALIC	0	0	S	-122.17782199999999	47.600423	0.0	2.4826216E-4
place.seattle	DEFAULT	ITALIC	0	1	e	-121.95928580820654	47.600423	0.0	2.4826216E-4
place.seattle	DEFAULT	ITALIC	0	2	a	-121.79971227201474	47.600423	0.0	2.4826216E-4
place.seattle	DEFAULT	ITALIC	0	3	t	-121.56994509820194	47.600423	0.0	2.4826216E-4
place.seattle	DEFAULT	ITALIC	0	4	t	-121.43330148363302	47.600423	0.0	2.4826216E-4
place.seattle	DEFAULT	ITALIC	0	5	l	-121.29665786906409	47.600423	0.0	2.4826216E-4
place.seattle	DEFAULT	ITALIC	0	6	e	-121.162822	47.600423	0.0	2.4826216E-4
place.seattle	CAPITAL	SERIF	0	0	S	-122.15032199999999	47.600423	0.0	2.979146E-4
place.seattle	CAPITAL	SERIF	0	1	E	-121.9949392839506	47.600423	0.0	2.979146E-4
place.seattle	CAPITAL	SERIF	0	2	A	-121.80647508641974	47.600423	0.0	2.979146E-4
place.seattle	CAPITAL	SERIF	0	3	T	-121.57523887242797	47.600423	0.0	2.979146E-4
place.seattle	CAPITAL	SERIF	0	4	T	-121.35135409876543	47.600423	0.0	2.979146E-4
place.seattle	CAPITAL	SERIF	0	5	L	-121.12746932510288	47.600423	0.0	2.979146E-4
place.seattle	CAPITAL	SERIF	0	6	E	-120.932322	47.600423	0.0	2.979146E-4
place.los-angeles	DEFAULT	ITALIC	0	0	L	-118.094486	34.049219	0.0	2.4826216E-4
place.los-angeles	DEFAULT	ITALIC	0	1	o	-117.8718780638882	34.049219	0.0	2.4826216E-4
place.los-angeles	DEFAULT	ITALIC	0	2	s	-117.72678198203145	34.049219	0.0	2.4826216E-4
place.los-angeles	DEFAULT	ITALIC	0	3	\s	-117.62139640678812	34.049219	0.0	2.4826216E-4
place.los-angeles	DEFAULT	ITALIC	0	4	A	-117.54503004791614	34.049219	0.0	2.4826216E-4
place.los-angeles	DEFAULT	ITALIC	0	5	n	-117.29378472722736	34.049219	0.0	2.4826216E-4
place.los-angeles	DEFAULT	ITALIC	0	6	g	-117.0925593715997	34.049219	0.0	2.4826216E-4
place.los-angeles	DEFAULT	ITALIC	0	7	e	-116.93409917694035	34.049219	0.0	2.4826216E-4
place.los-angeles	DEFAULT	ITALIC	0	8	l	-116.80389453506365	34.049219	0.0	2.4826216E-4
place.los-angeles	DEFAULT	ITALIC	0	9	e	-116.69469064187672	34.049219	0.0	2.4826216E-4
place.los-angeles	DEFAULT	ITALIC	0	10	s	-116.564486	34.049219	0.0	2.4826216E-4
place.los-angeles	CAPITAL	SERIF	0	0	L	-118.06698600000001	34.049219	0.0	2.979146E-4
place.los-angeles	CAPITAL	SERIF	0	1	O	-117.88638569681659	34.049219	0.0	2.979146E-4
place.los-angeles	CAPITAL	SERIF	0	2	S	-117.65043016371907	34.049219	0.0	2.979146E-4
place.los-angeles	CAPITAL	SERIF	0	3	\s	-117.5066302647802	34.049219	0.0	2.979146E-4
place.los-angeles	CAPITAL	SERIF	0	4	A	-117.44478084588177	34.049219	0.0	2.979146E-4
place.los-angeles	CAPITAL	SERIF	0	5	N	-117.23078185649318	34.049219	0.0	2.979146E-4
place.los-angeles	CAPITAL	SERIF	0	6	G	-116.98585815765539	34.049219	0.0	2.979146E-4
place.los-angeles	CAPITAL	SERIF	0	7	E	-116.7604170257706	34.049219	0.0	2.979146E-4
place.los-angeles	CAPITAL	SERIF	0	8	L	-116.58600166447701	34.049219	0.0	2.979146E-4
place.los-angeles	CAPITAL	SERIF	0	9	E	-116.40540136129358	34.049219	0.0	2.979146E-4
place.los-angeles	CAPITAL	SERIF	0	10	S	-116.230986	34.049219	0.0	2.979146E-4
place.chicago	DEFAULT	ITALIC	0	0	C	-87.415237	41.847961	0.0	3.9721947E-4
place.chicago	DEFAULT	ITALIC	0	1	h	-87.02589657446809	41.847961	0.0	3.9721947E-4
place.chicago	DEFAULT	ITALIC	0	2	i	-86.72479019148936	41.847961	0.0	3.9721947E-4
place.chicago	DEFAULT	ITALIC	0	3	c	-86.54338593617022	41.847961	0.0	3.9721947E-4
place.chicago	DEFAULT	ITALIC	0	4	a	-86.35025827659575	41.847961	0.0	3.9721947E-4
place.chicago	DEFAULT	ITALIC	0	5	g	-86.04730082978725	41.847961	0.0	3.9721947E-4
place.chicago	DEFAULT	ITALIC	0	6	o	-85.79123700000001	41.847961	0.0	3.9721947E-4
place.chicago	CAPITAL	SERIF	0	0	C	-87.37123700000001	41.847961	0.0	4.7666335E-4
place.chicago	CAPITAL	SERIF	0	1	H	-87.02454494287147	41.847961	0.0	4.7666335E-4
place.chicago	CAPITAL	SERIF	0	2	I	-86.62902301854173	41.847961	0.0	4.7666335E-4
place.chicago	CAPITAL	SERIF	0	3	C	-86.46300147005763	41.847961	0.0	4.7666335E-4
place.chicago	CAPITAL	SERIF	0	4	A	-86.1163094129291	41.847961	0.0	4.7666335E-4
place.chicago	CAPITAL	SERIF	0	5	G	-85.77840673189677	41.847961	0.0	4.7666335E-4
place.chicago	CAPITAL	SERIF	0	6	O	-85.422437	41.847961	0.0	4.7666335E-4
place.st-louis	DEFAULT	ITALIC	0	0	S	-90.104426	38.636964	0.0	2.4826216E-4
place.st-louis	DEFAULT	ITALIC	0	1	t	-89.91676911926606	38.636964	0.0	2.4826216E-4
place.st-louis	DEFAULT	ITALIC	0	2	\s	-89.79943333944955	38.636964	0.0	2.4826216E-4
place.st-louis	DEFAULT	ITALIC	0	3	L	-89.71906636697248	38.636964	0.0	2.4826216E-4
place.st-louis	DEFAULT	ITALIC	0	4	o	-89.48479664220184	38.636964	0.0	2.4826216E-4
place.st-louis	DEFAULT	ITALIC	0	5	u	-89.33209939449542	38.636964	0.0	2.4826216E-4
place.st-louis	DEFAULT	ITALIC	0	6	i	-89.1275654495413	38.636964	0.0	2.4826216E-4
place.st-louis	DEFAULT	ITALIC	0	7	s	-89.009426	38.636964	0.0	2.4826216E-4
place.st-louis	CAPITAL	SERIF	0	0	S	-90.076926	38.636964	0.0	2.979146E-4
place.st-louis	CAPITAL	SERIF	0	1	T	-89.91442334042553	38.636964	0.0	2.979146E-4
place.st-louis	CAPITAL	SERIF	0	2	\s	-89.68027972340425	38.636964	0.0	2.979146E-4
place.st-louis	CAPITAL	SERIF	0	3	L	-89.61038610638298	38.636964	0.0	2.979146E-4
place.st-louis	CAPITAL	SERIF	0	4	O	-89.40629674468086	38.636964	0.0	2.979146E-4
place.st-louis	CAPITAL	SERIF	0	5	U	-89.13965259574469	38.636964	0.0	2.979146E-4
place.st-louis	CAPITAL	SERIF	0	6	I	-88.88174514893618	38.636964	0.0	2.979146E-4
place.st-louis	CAPITAL	SERIF	0	7	S	-88.76292600000001	38.636964	0.0	2.979146E-4
place.denver	DEFAULT	ITALIC	0	0	D	-104.848462	39.741134	0.0	2.4826216E-4
place.denver	DEFAULT	ITALIC	0	1	e	-104.57252779502319	39.741134	0.0	2.4826216E-4
place.denver	DEFAULT	ITALIC	0	2	n	-104.44740337494727	39.741134	0.0	2.4826216E-4
place.denver	DEFAULT	ITALIC	0	3	v	-104.25402927119359	39.741134	0.0	2.4826216E-4
place.denver	DEFAULT	ITALIC	0	4	e	-104.10358642007591	39.741134	0.0	2.4826216E-4
place.denver	DEFAULT	ITALIC	0	5	r	-103.978462	39.741134	0.0	2.4826216E-4
place.denver	CAPITAL	SERIF	0	0	D	-104.82096200000001	39.741134	0.0	2.979146E-4
place.denver	CAPITAL	SERIF	0	1	E	-104.5857031835027	39.741134	0.0	2.979146E-4
place.denver	CAPITAL	SERIF	0	2	N	-104.40972709264794	39.741134	0.0	2.979146E-4
place.denver	CAPITAL	SERIF	0	3	V	-104.16261173102211	39.741134	0.0	2.979146E-4
place.denver	CAPITAL	SERIF	0	4	E	-103.95293809085476	39.741134	0.0	2.979146E-4
place.denver	CAPITAL	SERIF	0	5	R	-103.776962	39.741134	0.0	2.979146E-4
place.ottawa	DEFAULT	ITALIC	0	0	O	-75.426961	45.418643	0.0	4.965243E-4
place.ottawa	DEFAULT	ITALIC	0	1	t	-74.92212822408027	45.418643	0.0	4.965243E-4
place.ottawa	DEFAULT	ITALIC	0	2	t	-74.70972019732442	45.418643	0.0	4.965243E-4
place.ottawa	DEFAULT	ITALIC	0	3	a	-74.49731217056856	45.418643	0.0	4.965243E-4
place.ottawa	DEFAULT	ITALIC	0	4	w	-74.14014661872909	45.418643	0.0	4.965243E-4
place.ottawa	DEFAULT	ITALIC	0	5	a	-73.686961	45.418643	0.0	4.965243E-4
place.ottawa	CAPITAL	SERIF	0	0	O	-75.371961	45.418643	0.0	5.958292E-4
place.ottawa	CAPITAL	SERIF	0	1	T	-74.942657847211	45.418643	0.0	5.958292E-4
place.ottawa	CAPITAL	SERIF	0	2	T	-74.56568129102668	45.418643	0.0	5.958292E-4
place.ottawa	CAPITAL	SERIF	0	3	A	-74.18870473484236	45.418643	0.0	5.958292E-4
place.ottawa	CAPITAL	SERIF	0	4	W	-73.79934984397737	45.418643	0.0	5.958292E-4
place.ottawa	CAPITAL	SERIF	0	5	A	-73.283961	45.418643	0.0	5.958292E-4
place.montreal	DEFAULT	ITALIC	0	0	M	-73.365243	45.501945	0.0	3.9721947E-4
place.montreal	DEFAULT	ITALIC	0	1	o	-72.82443265010292	45.501945	0.0	3.9721947E-4
place.montreal	DEFAULT	ITALIC	0	2	n	-72.61705834842694	45.501945	0.0	3.9721947E-4
place.montreal	DEFAULT	ITALIC	0	3	t	-72.32946293531316	45.501945	0.0	3.9721947E-4
place.montreal	DEFAULT	ITALIC	0	4	r	-72.17011215613056	45.501945	0.0	3.9721947E-4
place.montreal	DEFAULT	ITALIC	0	5	e	-71.9632835763011	45.501945	0.0	3.9721947E-4
place.montreal	DEFAULT	ITALIC	0	6	a	-71.77719242663923	45.501945	0.0	3.9721947E-4
place.montreal	DEFAULT	ITALIC	0	7	l	-71.50924300000001	45.501945	0.0	3.9721947E-4
place.montreal	CAPITAL	SERIF	0	0	M	-73.32124300000001	45.501945	0.0	4.7666335E-4
place.montreal	CAPITAL	SERIF	0	1	O	-72.92738486457311	45.501945	0.0	4.7666335E-4
place.montreal	CAPITAL	SERIF	0	2	N	-72.59385128263004	45.501945	0.0	4.7666335E-4
place.montreal	CAPITAL	SERIF	0	3	T	-72.24764080176644	45.501945	0.0	4.7666335E-4
place.montreal	CAPITAL	SERIF	0	4	R	-71.9547607232581	45.501945	0.0	4.7666335E-4
place.montreal	CAPITAL	SERIF	0	5	E	-71.64308386359176	45.501945	0.0	4.7666335E-4
place.montreal	CAPITAL	SERIF	0	6	A	-71.39654003631011	45.501945	0.0	4.7666335E-4
place.montreal	CAPITAL	SERIF	0	7	L	-71.094043	45.501945	0.0	4.7666335E-4
place.quebec	DEFAULT	ITALIC	0	0	Q	-71.02561	46.839969	0.0	3.9721947E-4
place.quebec	DEFAULT	ITALIC	0	1	u	-70.61170768637533	46.839969	0.0	3.9721947E-4
place.quebec	DEFAULT	ITALIC	0	2	e	-70.308139562982	46.839969	0.0	3.9721947E-4
place.quebec	DEFAULT	ITALIC	0	3	b	-70.10476681233934	46.839969	0.0	3.9721947E-4
place.quebec	DEFAULT	ITALIC	0	4	e	-69.83698275064268	46.839969	0.0	3.9721947E-4
place.quebec	DEFAULT	ITALIC	0	5	c	-69.63361	46.839969	0.0	3.9721947E-4
place.quebec	CAPITAL	SERIF	0	0	Q	-70.98161	46.839969	0.0	4.7666335E-4
place.quebec	CAPITAL	SERIF	0	1	U	-70.58530552238807	46.839969	0.0	4.7666335E-4
place.quebec	CAPITAL	SERIF	0	2	E	-70.20198611940299	46.839969	0.0	4.7666335E-4
place.quebec	CAPITAL	SERIF	0	3	B	-69.9090428358209	46.839969	0.0	4.7666335E-4
place.quebec	CAPITAL	SERIF	0	4	E	-69.6041532835821	46.839969	0.0	4.7666335E-4
place.quebec	CAPITAL	SERIF	0	5	C	-69.31121	46.839969	0.0	4.7666335E-4
place.halifax	DEFAULT	ITALIC	0	0	H	-63.380004	44.650025	0.0	3.9721947E-4
place.halifax	DEFAULT	ITALIC	0	1	a	-62.916972868640855	44.650025	0.0	3.9721947E-4
place.halifax	DEFAULT	ITALIC	0	2	l	-62.61424545785877	44.650025	0.0	3.9721947E-4
place.halifax	DEFAULT	ITALIC	0	3	i	-62.437911365224	44.650025	0.0	3.9721947E-4
place.halifax	DEFAULT	ITALIC	0	4	f	-62.256644850417615	44.650025	0.0	3.9721947E-4
place.halifax	DEFAULT	ITALIC	0	5	a	-62.05873141078209	44.650025	0.0	3.9721947E-4
place.halifax	DEFAULT	ITALIC	0	6	x	-61.756004000000004	44.650025	0.0	3.9721947E-4
place.halifax	CAPITAL	SERIF	0	0	H	-63.336004	44.650025	0.0	4.7666335E-4
place.halifax	CAPITAL	SERIF	0	1	A	-62.9011478016529	44.650025	0.0	4.7666335E-4
place.halifax	CAPITAL	SERIF	0	2	L	-62.52964102479339	44.650025	0.0	4.7666335E-4
place.halifax	CAPITAL	SERIF	0	3	I	-62.21611507438016	44.650025	0.0	4.7666335E-4
place.halifax	CAPITAL	SERIF	0	4	F	-62.03358284297521	44.650025	0.0	4.7666335E-4
place.halifax	CAPITAL	SERIF	0	5	A	-61.7587107768595	44.650025	0.0	4.7666335E-4
place.halifax	CAPITAL	SERIF	0	6	X	-61.387204	44.650025	0.0	4.7666335E-4
place.toronto	DEFAULT	ITALIC	0	0	T	-79.169459	43.664645	0.0	3.9721947E-4
place.toronto	DEFAULT	ITALIC	0	1	o	-78.77793651937985	43.664645	0.0	3.9721947E-4
place.toronto	DEFAULT	ITALIC	0	2	r	-78.53874272093024	43.664645	0.0	3.9721947E-4
place.toronto	DEFAULT	ITALIC	0	3	o	-78.30017837984497	43.664645	0.0	3.9721947E-4
place.toronto	DEFAULT	ITALIC	0	4	n	-78.06098458139536	43.664645	0.0	3.9721947E-4
place.toronto	DEFAULT	ITALIC	0	5	t	-77.72926055038761	43.664645	0.0	3.9721947E-4
place.toronto	DEFAULT	ITALIC	0	6	o	-77.54545900000001	43.664645	0.0	3.9721947E-4
place.toronto	CAPITAL	SERIF	0	0	T	-79.125459	43.664645	0.0	4.7666335E-4
place.toronto	CAPITAL	SERIF	0	1	O	-78.82674108647907	43.664645	0.0	4.7666335E-4
place.toronto	CAPITAL	SERIF	0	2	R	-78.48655934317091	43.664645	0.0	4.7666335E-4
place.toronto	CAPITAL	SERIF	0	3	O	-78.16866998146878	43.664645	0.0	4.7666335E-4
place.toronto	CAPITAL	SERIF	0	4	N	-77.8284882381606	43.664645	0.0	4.7666335E-4
place.toronto	CAPITAL	SERIF	0	5	T	-77.47537691352093	43.664645	0.0	4.7666335E-4
place.toronto	CAPITAL	SERIF	0	6	O	-77.176659	43.664645	0.0	4.7666335E-4
place.vancouver	DEFAULT	ITALIC	0	0	V	-122.90359	49.275362	0.0	3.9721947E-4
place.vancouver	DEFAULT	ITALIC	0	1	a	-122.51330428571428	49.275362	0.0	3.9721947E-4
place.vancouver	DEFAULT	ITALIC	0	2	n	-122.23273285714285	49.275362	0.0	3.9721947E-4
place.vancouver	DEFAULT	ITALIC	0	3	c	-121.93159	49.275362	0.0	3.9721947E-4
place.vancouver	DEFAULT	ITALIC	0	4	o	-121.75273285714286	49.275362	0.0	3.9721947E-4
place.vancouver	DEFAULT	ITALIC	0	5	u	-121.53559	49.275362	0.0	3.9721947E-4
place.vancouver	DEFAULT	ITALIC	0	6	v	-121.24473285714285	49.275362	0.0	3.9721947E-4
place.vancouver	DEFAULT	ITALIC	0	7	e	-121.01044714285715	49.275362	0.0	3.9721947E-4
place.vancouver	DEFAULT	ITALIC	0	8	r	-120.81559	49.275362	0.0	3.9721947E-4
place.vancouver	CAPITAL	SERIF	0	0	V	-122.85958999999998	49.275362	0.0	4.7666335E-4
place.vancouver	CAPITAL	SERIF	0	1	A	-122.5590789880421	49.275362	0.0	4.7666335E-4
place.vancouver	CAPITAL	SERIF	0	2	N	-122.24962419596643	49.275362	0.0	4.7666335E-4
place.vancouver	CAPITAL	SERIF	0	3	C	-121.89545050330179	49.275362	0.0	4.7666335E-4
place.vancouver	CAPITAL	SERIF	0	4	O	-121.57794630912011	49.275362	0.0	4.7666335E-4
place.vancouver	CAPITAL	SERIF	0	5	U	-121.23674109762626	49.275362	0.0	4.7666335E-4
place.vancouver	CAPITAL	SERIF	0	6	V	-120.90671561127967	49.275362	0.0	4.7666335E-4
place.vancouver	CAPITAL	SERIF	0	7	E	-120.60620459932179	49.275362	0.0	4.7666335E-4
place.vancouver	CAPITAL	SERIF	0	8	R	-120.35399	49.275362	0.0	4.7666335E-4
place.victoria	DEFAULT	ITALIC	0	0	V	-123.212501	48.433283	0.0	2.4826216E-4
place.victoria	DEFAULT	ITALIC	0	1	i	-122.91182547817837	48.433283	0.0	2.4826216E-4
place.victoria	DEFAULT	ITALIC	0	2	c	-122.78239853320683	48.433283	0.0	2.4826216E-4
place.victoria	DEFAULT	ITALIC	0	3	t	-122.64460726185959	48.433283	0.0	2.4826216E-4
place.victoria	DEFAULT	ITALIC	0	4	o	-122.51606077229602	48.433283	0.0	2.4826216E-4
place.victoria	DEFAULT	ITALIC	0	5	r	-122.3487742447818	48.433283	0.0	2.4826216E-4
place.victoria	DEFAULT	ITALIC	0	6	i	-122.18192794497155	48.433283	0.0	2.4826216E-4
place.victoria	DEFAULT	ITALIC	0	7	a	-122.052501	48.433283	0.0	2.4826216E-4
place.victoria	CAPITAL	SERIF	0	0	V	-123.185001	48.433283	0.0	2.979146E-4
place.victoria	CAPITAL	SERIF	0	1	I	-122.96270442205324	48.433283	0.0	2.979146E-4
place.victoria	CAPITAL	SERIF	0	2	C	-122.8502329391635	48.433283	0.0	2.979146E-4
place.victoria	CAPITAL	SERIF	0	3	T	-122.6153660190114	48.433283	0.0	2.979146E-4
place.victoria	CAPITAL	SERIF	0	4	O	-122.39373103802282	48.433283	0.0	2.979146E-4
place.victoria	CAPITAL	SERIF	0	5	R	-122.14133179847909	48.433283	0.0	2.979146E-4
place.victoria	CAPITAL	SERIF	0	6	I	-121.90547248288973	48.433283	0.0	2.979146E-4
place.victoria	CAPITAL	SERIF	0	7	A	-121.793001	48.433283	0.0	2.979146E-4
place.winnipeg	DEFAULT	ITALIC	0	0	W	-97.028492	49.882987	0.0	2.4826216E-4
place.winnipeg	DEFAULT	ITALIC	0	1	i	-96.67374278819146	49.882987	0.0	2.4826216E-4
place.winnipeg	DEFAULT	ITALIC	0	2	n	-96.57599558268845	49.882987	0.0	2.4826216E-4
place.winnipeg	DEFAULT	ITALIC	0	3	n	-96.40078205445687	49.882987	0.0	2.4826216E-4
place.winnipeg	DEFAULT	ITALIC	0	4	i	-96.22556852622529	49.882987	0.0	2.4826216E-4
place.winnipeg	DEFAULT	ITALIC	0	5	p	-96.12782132072228	49.882987	0.0	2.4826216E-4
place.winnipeg	DEFAULT	ITALIC	0	6	e	-95.98186545944397	49.882987	0.0	2.4826216E-4
place.winnipeg	DEFAULT	ITALIC	0	7	g	-95.868492	49.882987	0.0	2.4826216E-4
place.winnipeg	CAPITAL	SERIF	0	0	W	-97.000992	49.882987	0.0	2.979146E-4
place.winnipeg	CAPITAL	SERIF	0	1	I	-96.70418753072626	49.882987	0.0	2.979146E-4
place.winnipeg	CAPITAL	SERIF	0	2	N	-96.59401993296089	49.882987	0.0	2.979146E-4
place.winnipeg	CAPITAL	SERIF	0	3	N	-96.33739423463688	49.882987	0.0	2.979146E-4
place.winnipeg	CAPITAL	SERIF	0	4	I	-96.08076853631285	49.882987	0.0	2.979146E-4
place.winnipeg	CAPITAL	SERIF	0	5	P	-95.97060093854749	49.882987	0.0	2.979146E-4
place.winnipeg	CAPITAL	SERIF	0	6	E	-95.79174060335195	49.882987	0.0	2.979146E-4
place.winnipeg	CAPITAL	SERIF	0	7	G	-95.608992	49.882987	0.0	2.979146E-4
place.mexico-city	DEFAULT	ITALIC	0	0	M	-98.857934	19.444388	0.0	4.965243E-4
place.mexico-city	DEFAULT	ITALIC	0	1	e	-98.13142226066124	19.444388	0.0	4.965243E-4
place.mexico-city	DEFAULT	ITALIC	0	2	x	-97.88143184379491	19.444388	0.0	4.965243E-4
place.mexico-city	DEFAULT	ITALIC	0	3	i	-97.56032978342118	19.444388	0.0	4.965243E-4
place.mexico-city	DEFAULT	ITALIC	0	4	c	-97.34479552371826	19.444388	0.0	4.965243E-4
place.mexico-city	DEFAULT	ITALIC	0	5	o	-97.1153321792046	19.444388	0.0	4.965243E-4
place.mexico-city	DEFAULT	ITALIC	0	6	\s	-96.83675048298994	19.444388	0.0	4.965243E-4
place.mexico-city	DEFAULT	ITALIC	0	7	C	-96.6901285376138	19.444388	0.0	4.965243E-4
place.mexico-city	DEFAULT	ITALIC	0	8	i	-96.22753629995208	19.444388	0.0	4.965243E-4
place.mexico-city	DEFAULT	ITALIC	0	9	t	-96.01200204024916	19.444388	0.0	4.965243E-4
place.mexico-city	DEFAULT	ITALIC	0	10	y	-95.797934	19.444388	0.0	4.965243E-4
place.mexico-city	CAPITAL	SERIF	0	0	M	-98.80293400000001	19.444388	0.0	5.958292E-4
place.mexico-city	CAPITAL	SERIF	0	1	E	-98.24265085012702	19.444388	0.0	5.958292E-4
place.mexico-city	CAPITAL	SERIF	0	2	X	-97.89192976629975	19.444388	0.0	5.958292E-4
place.mexico-city	CAPITAL	SERIF	0	3	I	-97.45228471972905	19.444388	0.0	5.958292E-4
place.mexico-city	CAPITAL	SERIF	0	4	C	-97.2408571160034	19.444388	0.0	5.958292E-4
place.mexico-city	CAPITAL	SERIF	0	5	O	-96.79934653175276	19.444388	0.0	5.958292E-4
place.mexico-city	CAPITAL	SERIF	0	6	\s	-96.32487811515665	19.444388	0.0	5.958292E-4
place.mexico-city	CAPITAL	SERIF	0	7	C	-96.2005089364945	19.444388	0.0	5.958292E-4
place.mexico-city	CAPITAL	SERIF	0	8	I	-95.75899835224386	19.444388	0.0	5.958292E-4
place.mexico-city	CAPITAL	SERIF	0	9	T	-95.54757074851821	19.444388	0.0	5.958292E-4
place.mexico-city	CAPITAL	SERIF	0	10	Y	-95.13093400000001	19.444388	0.0	5.958292E-4
place.veracruz	DEFAULT	ITALIC	0	0	V	-95.939981	19.177342	0.0	3.9721947E-4
place.veracruz	DEFAULT	ITALIC	0	1	e	-95.53040167851374	19.177342	0.0	3.9721947E-4
place.veracruz	DEFAULT	ITALIC	0	2	r	-95.32591185621972	19.177342	0.0	3.9721947E-4
place.veracruz	DEFAULT	ITALIC	0	3	a	-95.09863431179322	19.177342	0.0	3.9721947E-4
place.veracruz	DEFAULT	ITALIC	0	4	c	-94.80419295476575	19.177342	0.0	3.9721947E-4
place.veracruz	DEFAULT	ITALIC	0	5	r	-94.61649408562198	19.177342	0.0	3.9721947E-4
place.veracruz	DEFAULT	ITALIC	0	6	u	-94.38921654119548	19.177342	0.0	3.9721947E-4
place.veracruz	DEFAULT	ITALIC	0	7	z	-94.08398100000001	19.177342	0.0	3.9721947E-4
place.veracruz	CAPITAL	SERIF	0	0	V	-95.895981	19.177342	0.0	4.7666335E-4
place.veracruz	CAPITAL	SERIF	0	1	E	-95.58430286588921	19.177342	0.0	4.7666335E-4
place.veracruz	CAPITAL	SERIF	0	2	R	-95.3227158604748	19.177342	0.0	4.7666335E-4
place.veracruz	CAPITAL	SERIF	0	3	A	-94.99202164972928	19.177342	0.0	4.7666335E-4
place.veracruz	CAPITAL	SERIF	0	4	C	-94.67106738067471	19.177342	0.0	4.7666335E-4
place.veracruz	CAPITAL	SERIF	0	5	R	-94.34176459017075	19.177342	0.0	4.7666335E-4
place.veracruz	CAPITAL	SERIF	0	6	U	-94.01107037942523	19.177342	0.0	4.7666335E-4
place.veracruz	CAPITAL	SERIF	0	7	Z	-93.668781	19.177342	0.0	4.7666335E-4
place.acapulco	DEFAULT	ITALIC	0	0	A	-99.77847899999999	16.849991	0.0	2.4826216E-4
place.acapulco	DEFAULT	ITALIC	0	1	c	-99.5248133303423	16.849991	0.0	2.4826216E-4
place.acapulco	DEFAULT	ITALIC	0	2	a	-99.40414865769358	16.849991	0.0	2.4826216E-4
place.acapulco	DEFAULT	ITALIC	0	3	p	-99.21486318079096	16.849991	0.0	2.4826216E-4
place.acapulco	DEFAULT	ITALIC	0	4	u	-99.04562423097374	16.849991	0.0	2.4826216E-4
place.acapulco	DEFAULT	ITALIC	0	5	l	-98.84939957161848	16.849991	0.0	2.4826216E-4
place.acapulco	DEFAULT	ITALIC	0	6	c	-98.73914367264871	16.849991	0.0	2.4826216E-4
place.acapulco	DEFAULT	ITALIC	0	7	o	-98.618479	16.849991	0.0	2.4826216E-4
place.acapulco	CAPITAL	SERIF	0	0	A	-99.75097899999999	16.849991	0.0	2.979146E-4
place.acapulco	CAPITAL	SERIF	0	1	C	-99.54506536169302	16.849991	0.0	2.979146E-4
place.acapulco	CAPITAL	SERIF	0	2	A	-99.33379558828558	16.849991	0.0	2.979146E-4
place.acapulco	CAPITAL	SERIF	0	3	P	-99.12788194997862	16.849991	0.0	2.979146E-4
place.acapulco	CAPITAL	SERIF	0	4	U	-98.96362714023086	16.849991	0.0	2.979146E-4
place.acapulco	CAPITAL	SERIF	0	5	L	-98.74402560111157	16.849991	0.0	2.979146E-4
place.acapulco	CAPITAL	SERIF	0	6	C	-98.57024877340743	16.849991	0.0	2.979146E-4
place.acapulco	CAPITAL	SERIF	0	7	O	-98.35897899999999	16.849991	0.0	2.979146E-4
place.guatemala-city	DEFAULT	ITALIC	0	0	G	-90.253911	14.623081	0.0	4.965243E-4
place.guatemala-city	DEFAULT	ITALIC	0	1	u	-89.78792722367967	14.623081	0.0	4.965243E-4
place.guatemala-city	DEFAULT	ITALIC	0	2	a	-89.44267869071453	14.623081	0.0	4.965243E-4
place.guatemala-city	DEFAULT	ITALIC	0	3	t	-89.10963933966173	14.623081	0.0	4.965243E-4
place.guatemala-city	DEFAULT	ITALIC	0	4	e	-88.91157927752847	14.623081	0.0	4.965243E-4
place.guatemala-city	DEFAULT	ITALIC	0	5	m	-88.68028310907836	14.623081	0.0	4.965243E-4
place.guatemala-city	DEFAULT	ITALIC	0	6	a	-88.14511396858819	14.623081	0.0	4.965243E-4
place.guatemala-city	DEFAULT	ITALIC	0	7	l	-87.81207461753537	14.623081	0.0	4.965243E-4
place.guatemala-city	DEFAULT	ITALIC	0	8	a	-87.61808428270625	14.623081	0.0	4.965243E-4
place.guatemala-city	DEFAULT	ITALIC	0	9	\s	-87.28504493165343	14.623081	0.0	4.965243E-4
place.guatemala-city	DEFAULT	ITALIC	0	10	C	-87.14938735484984	14.623081	0.0	4.965243E-4
place.guatemala-city	DEFAULT	ITALIC	0	11	i	-86.72138770003451	14.623081	0.0	4.965243E-4
place.guatemala-city	DEFAULT	ITALIC	0	12	t	-86.52197106213323	14.623081	0.0	4.965243E-4
place.guatemala-city	DEFAULT	ITALIC	0	13	y	-86.323911	14.623081	0.0	4.965243E-4
place.guatemala-city	CAPITAL	SERIF	0	0	G	-90.198911	14.623081	0.0	5.958292E-4
place.guatemala-city	CAPITAL	SERIF	0	1	u	-89.5897749262934	14.623081	0.0	5.958292E-4
place.guatemala-city	CAPITAL	SERIF	0	2	a	-89.14942552870303	14.623081	0.0	5.958292E-4
place.guatemala-city	CAPITAL	SERIF	0	3	t	-88.81603006449326	14.623081	0.0	5.958292E-4
place.guatemala-city	CAPITAL	SERIF	0	4	e	-88.55365869666902	14.623081	0.0	5.958292E-4
place.guatemala-city	CAPITAL	SERIF	0	5	m	-88.22778343090006	14.623081	0.0	5.958292E-4
place.guatemala-city	CAPITAL	SERIF	0	6	a	-87.57770405457121	14.623081	0.0	5.958292E-4
place.guatemala-city	CAPITAL	SERIF	0	7	l	-87.24430859036144	14.623081	0.0	5.958292E-4
place.guatemala-city	CAPITAL	SERIF	0	8	a	-87.04376996527284	14.623081	0.0	5.958292E-4
place.guatemala-city	CAPITAL	SERIF	0	9	\s	-86.71037450106307	14.623081	0.0	5.958292E-4
place.guatemala-city	CAPITAL	SERIF	0	10	C	-86.54325898015591	14.623081	0.0	5.958292E-4
place.guatemala-city	CAPITAL	SERIF	0	11	i	-85.9499988809355	14.623081	0.0	5.958292E-4
place.guatemala-city	CAPITAL	SERIF	0	12	t	-85.74528236782423	14.623081	0.0	5.958292E-4
place.guatemala-city	CAPITAL	SERIF	0	13	y	-85.48291099999999	14.623081	0.0	5.958292E-4
place.havana	DEFAULT	ITALIC	0	0	H	-82.09112800000001	23.431819608381687	0.0	4.965243E-4
place.havana	DEFAULT	ITALIC	0	1	a	-81.60171226966293	23.431819608381687	0.0	4.965243E-4
place.havana	DEFAULT	ITALIC	0	2	v	-81.28173474157305	23.431819608381687	0.0	4.965243E-4
place.havana	DEFAULT	ITALIC	0	3	a	-81.01454373033708	23.431819608381687	0.0	4.965243E-4
place.havana	DEFAULT	ITALIC	0	4	n	-80.6945662022472	23.431819608381687	0.0	4.965243E-4
place.havana	DEFAULT	ITALIC	0	5	a	-80.351128	23.431819608381687	0.0	4.965243E-4
place.havana	CAPITAL	SERIF	0	0	H	-82.036128	23.431819608381687	0.0	5.958292E-4
place.havana	CAPITAL	SERIF	0	1	A	-81.57377698851832	23.431819608381687	0.0	5.958292E-4
place.havana	CAPITAL	SERIF	0	2	V	-81.17878081574632	23.431819608381687	0.0	5.958292E-4
place.havana	CAPITAL	SERIF	0	3	A	-80.79520071733188	23.431819608381687	0.0	5.958292E-4
place.havana	CAPITAL	SERIF	0	4	N	-80.40020454455988	23.431819608381687	0.0	5.958292E-4
place.havana	CAPITAL	SERIF	0	5	A	-79.94812800000001	23.431819608381687	0.0	5.958292E-4
place.san-juan	DEFAULT	ITALIC	0	0	S	-65.909979	18.440023	0.0	3.9721947E-4
place.san-juan	DEFAULT	ITALIC	0	1	a	-65.63523621961048	18.440023	0.0	3.9721947E-4
place.san-juan	DEFAULT	ITALIC	0	2	n	-65.3463738959033	18.440023	0.0	3.9721947E-4
place.san-juan	DEFAULT	ITALIC	0	3	\s	-65.03633225721961	18.440023	0.0	3.9721947E-4
place.san-juan	DEFAULT	ITALIC	0	4	J	-64.91866939623908	18.440023	0.0	3.9721947E-4
place.san-juan	DEFAULT	ITALIC	0	5	u	-64.74629330490262	18.440023	0.0	3.9721947E-4
place.san-juan	DEFAULT	ITALIC	0	6	a	-64.44684132370719	18.440023	0.0	3.9721947E-4
place.san-juan	DEFAULT	ITALIC	0	7	n	-64.157979	18.440023	0.0	3.9721947E-4
place.san-juan	CAPITAL	SERIF	0	0	S	-65.865979	18.440023	0.0	4.7666335E-4
place.san-juan	CAPITAL	SERIF	0	1	A	-65.61652352666496	18.440023	0.0	4.7666335E-4
place.san-juan	CAPITAL	SERIF	0	2	N	-65.24529086527176	18.440023	0.0	4.7666335E-4
place.san-juan	CAPITAL	SERIF	0	3	\s	-64.82041186552692	18.440023	0.0	4.7666335E-4
place.san-juan	CAPITAL	SERIF	0	4	J	-64.71311918882368	18.440023	0.0	4.7666335E-4
place.san-juan	CAPITAL	SERIF	0	5	U	-64.53072163842818	18.440023	0.0	4.7666335E-4
place.san-juan	CAPITAL	SERIF	0	6	A	-64.13481166139321	18.440023	0.0	4.7666335E-4
place.san-juan	CAPITAL	SERIF	0	7	N	-63.763579	18.440023	0.0	4.7666335E-4
place.kingston	DEFAULT	ITALIC	0	0	K	-76.49243399999999	17.977077	0.0	4.965243E-4
place.kingston	DEFAULT	ITALIC	0	1	i	-75.9299366014568	17.977077	0.0	4.965243E-4
place.kingston	DEFAULT	ITALIC	0	2	n	-75.69334971279916	17.977077	0.0	4.965243E-4
place.kingston	DEFAULT	ITALIC	0	3	g	-75.26926369129379	17.977077	0.0	4.965243E-4
place.kingston	DEFAULT	ITALIC	0	4	s	-74.93530600832466	17.977077	0.0	4.965243E-4
place.kingston	DEFAULT	ITALIC	0	5	t	-74.71320403121747	17.977077	0.0	4.965243E-4
place.kingston	DEFAULT	ITALIC	0	6	o	-74.47822657717654	17.977077	0.0	4.965243E-4
place.kingston	DEFAULT	ITALIC	0	7	n	-74.172434	17.977077	0.0	4.965243E-4
place.kingston	CAPITAL	SERIF	0	0	K	-76.437434	17.977077	0.0	5.958292E-4
place.kingston	CAPITAL	SERIF	0	1	I	-76.01042859459459	17.977077	0.0	5.958292E-4
place.kingston	CAPITAL	SERIF	0	2	N	-75.7972394054054	17.977077	0.0	5.958292E-4
place.kingston	CAPITAL	SERIF	0	3	G	-75.300634	17.977077	0.0	5.958292E-4
place.kingston	CAPITAL	SERIF	0	4	S	-74.8435312972973	17.977077	0.0	5.958292E-4
place.kingston	CAPITAL	SERIF	0	5	T	-74.55196372972974	17.977077	0.0	5.958292E-4
place.kingston	CAPITAL	SERIF	0	6	O	-74.13185562162163	17.977077	0.0	5.958292E-4
place.kingston	CAPITAL	SERIF	0	7	N	-73.653434	17.977077	0.0	5.958292E-4
place.port-au-prince	DEFAULT	ITALIC	0	0	P	-71.28840201820762	18.54297	0.0	3.7051408E-4
place.port-au-prince	DEFAULT	ITALIC	0	1	o	-70.968355323334	18.54297	0.0	3.7051408E-4
place.port-au-prince	DEFAULT	ITALIC	0	2	r	-70.79264349084569	18.54297	0.0	3.7051408E-4
place.port-au-prince	DEFAULT	ITALIC	0	3	t	-70.61770765224118	18.54297	0.0	3.7051408E-4
place.port-au-prince	DEFAULT	ITALIC	0	4	-	-70.51028328152658	18.54297	0.0	3.7051408E-4
place.port-au-prince	DEFAULT	ITALIC	0	5	a	-70.42148276402298	18.54297	0.0	3.7051408E-4
place.port-au-prince	DEFAULT	ITALIC	0	6	u	-70.15963561043377	18.54297	0.0	3.7051408E-4
place.port-au-prince	DEFAULT	ITALIC	0	7	-	-69.88382056693628	18.54297	0.0	3.7051408E-4
place.port-au-prince	DEFAULT	ITALIC	0	8	P	-69.7950200494327	18.54297	0.0	3.7051408E-4
place.port-au-prince	DEFAULT	ITALIC	0	9	r	-69.47497335455907	18.54297	0.0	3.7051408E-4
place.port-au-prince	DEFAULT	ITALIC	0	10	i	-69.30003751595456	18.54297	0.0	3.7051408E-4
place.port-au-prince	DEFAULT	ITALIC	0	11	n	-69.19106115747238	18.54297	0.0	3.7051408E-4
place.port-au-prince	DEFAULT	ITALIC	0	12	c	-68.90127822406663	18.54297	0.0	3.7051408E-4
place.port-au-prince	DEFAULT	ITALIC	0	13	e	-68.7775579817924	18.54297	0.0	3.7051408E-4
place.port-au-prince	CAPITAL	SERIF	0	0	P	-71.2334020182076	18.54297	0.0	4.4461695E-4
place.port-au-prince	CAPITAL	SERIF	0	1	o	-70.83884407932531	18.54297	0.0	4.4461695E-4
place.port-au-prince	CAPITAL	SERIF	0	2	r	-70.49733370491295	18.54297	0.0	4.4461695E-4
place.port-au-prince	CAPITAL	SERIF	0	3	t	-70.30565943365245	18.54297	0.0	4.4461695E-4
place.port-au-prince	CAPITAL	SERIF	0	4	-	-70.1325983429077	18.54297	0.0	4.4461695E-4
place.port-au-prince	CAPITAL	SERIF	0	5	a	-69.99676361319447	18.54297	0.0	4.4461695E-4
place.port-au-prince	CAPITAL	SERIF	0	6	u	-69.74459650525776	18.54297	0.0	4.4461695E-4
place.port-au-prince	CAPITAL	SERIF	0	7	-	-69.37330504202018	18.54297	0.0	4.4461695E-4
place.port-au-prince	CAPITAL	SERIF	0	8	P	-69.23747031230695	18.54297	0.0	4.4461695E-4
place.port-au-prince	CAPITAL	SERIF	0	9	r	-68.84291237342467	18.54297	0.0	4.4461695E-4
place.port-au-prince	CAPITAL	SERIF	0	10	i	-68.65123810216416	18.54297	0.0	4.4461695E-4
place.port-au-prince	CAPITAL	SERIF	0	11	n	-68.54239248419879	18.54297	0.0	4.4461695E-4
place.port-au-prince	CAPITAL	SERIF	0	12	c	-68.17017036193542	18.54297	0.0	4.4461695E-4
place.port-au-prince	CAPITAL	SERIF	0	13	e	-67.9105579817924	18.54297	0.0	4.4461695E-4
place.santo-domingo	DEFAULT	ITALIC	0	0	S	-68.7014152531786	17.874915783236624	0.0	4.084918E-4
place.santo-domingo	DEFAULT	ITALIC	0	1	a	-68.45271380778928	17.874915783236624	0.0	4.084918E-4
place.santo-domingo	DEFAULT	ITALIC	0	2	n	-68.18816905445655	17.874915783236624	0.0	4.084918E-4
place.santo-domingo	DEFAULT	ITALIC	0	3	t	-67.8998593392087	17.874915783236624	0.0	4.084918E-4
place.santo-domingo	DEFAULT	ITALIC	0	4	o	-67.76668201424013	17.874915783236624	0.0	4.084918E-4
place.santo-domingo	DEFAULT	ITALIC	0	5	\s	-67.57541256014571	17.874915783236624	0.0	4.084918E-4
place.santo-domingo	DEFAULT	ITALIC	0	6	D	-67.50296791562691	17.874915783236624	0.0	4.084918E-4
place.santo-domingo	DEFAULT	ITALIC	0	7	o	-67.06612718840952	17.874915783236624	0.0	4.084918E-4
place.santo-domingo	DEFAULT	ITALIC	0	8	m	-66.8748577343151	17.874915783236624	0.0	4.084918E-4
place.santo-domingo	DEFAULT	ITALIC	0	9	i	-66.4135919073516	17.874915783236624	0.0	4.084918E-4
place.santo-domingo	DEFAULT	ITALIC	0	10	n	-66.27909430672109	17.874915783236624	0.0	4.084918E-4
place.santo-domingo	DEFAULT	ITALIC	0	11	g	-65.99078459147324	17.874915783236624	0.0	4.084918E-4
place.santo-domingo	DEFAULT	ITALIC	0	12	o	-65.77641031329466	17.874915783236624	0.0	4.084918E-4
place.santo-domingo	CAPITAL	SERIF	0	0	S	-68.6464152531786	17.874915783236624	0.0	4.9019017E-4
place.santo-domingo	CAPITAL	SERIF	0	1	a	-68.34561492432265	17.874915783236624	0.0	4.9019017E-4
place.santo-domingo	CAPITAL	SERIF	0	2	n	-68.09596576650999	17.874915783236624	0.0	4.9019017E-4
place.santo-domingo	CAPITAL	SERIF	0	3	t	-67.74633931983998	17.874915783236624	0.0	4.9019017E-4
place.santo-domingo	CAPITAL	SERIF	0	4	o	-67.56256667018914	17.874915783236624	0.0	4.9019017E-4
place.santo-domingo	CAPITAL	SERIF	0	5	\s	-67.23851580904078	17.874915783236624	0.0	4.9019017E-4
place.santo-domingo	CAPITAL	SERIF	0	6	D	-67.14309518210108	17.874915783236624	0.0	4.9019017E-4
place.santo-domingo	CAPITAL	SERIF	0	7	o	-66.61831472549494	17.874915783236624	0.0	4.9019017E-4
place.santo-domingo	CAPITAL	SERIF	0	8	m	-66.29426386434659	17.874915783236624	0.0	4.9019017E-4
place.santo-domingo	CAPITAL	SERIF	0	9	i	-65.75088298190653	17.874915783236624	0.0	4.9019017E-4
place.santo-domingo	CAPITAL	SERIF	0	10	n	-65.62058655652821	17.874915783236624	0.0	4.9019017E-4
place.santo-domingo	CAPITAL	SERIF	0	11	g	-65.27096010985821	17.874915783236624	0.0	4.9019017E-4
place.santo-domingo	CAPITAL	SERIF	0	12	o	-64.99341031329466	17.874915783236624	0.0	4.9019017E-4
place.panama-city	DEFAULT	ITALIC	0	0	P	-79.314983	8.969963	0.0	3.9721947E-4
place.panama-city	DEFAULT	ITALIC	0	1	a	-79.02462926990779	8.969963	0.0	3.9721947E-4
place.panama-city	DEFAULT	ITALIC	0	2	n	-78.77274997401508	8.969963	0.0	3.9721947E-4
place.panama-city	DEFAULT	ITALIC	0	3	a	-78.50240294970662	8.969963	0.0	3.9721947E-4
place.panama-city	DEFAULT	ITALIC	0	4	m	-78.25052365381391	8.969963	0.0	3.9721947E-4
place.panama-city	DEFAULT	ITALIC	0	5	a	-77.8457726060352	8.969963	0.0	3.9721947E-4
place.panama-city	DEFAULT	ITALIC	0	6	\s	-77.59389331014249	8.969963	0.0	3.9721947E-4
place.panama-city	DEFAULT	ITALIC	0	7	C	-77.49129481894383	8.969963	0.0	3.9721947E-4
place.panama-city	DEFAULT	ITALIC	0	8	i	-77.16759657921206	8.969963	0.0	3.9721947E-4
place.panama-city	DEFAULT	ITALIC	0	9	t	-77.01677679715003	8.969963	0.0	3.9721947E-4
place.panama-city	DEFAULT	ITALIC	0	10	y	-76.86698299999999	8.969963	0.0	3.9721947E-4
place.panama-city	CAPITAL	SERIF	0	0	P	-79.270983	8.969963	0.0	4.7666335E-4
place.panama-city	CAPITAL	SERIF	0	1	A	-79.01116002291299	8.969963	0.0	4.7666335E-4
place.panama-city	CAPITAL	SERIF	0	2	N	-78.6854399139561	8.969963	0.0	4.7666335E-4
place.panama-city	CAPITAL	SERIF	0	3	A	-78.31265042509213	8.969963	0.0	4.7666335E-4
place.panama-city	CAPITAL	SERIF	0	4	M	-77.98693031613523	8.969963	0.0	4.7666335E-4
place.panama-city	CAPITAL	SERIF	0	5	A	-77.56283520317257	8.969963	0.0	4.7666335E-4
place.panama-city	CAPITAL	SERIF	0	6	\s	-77.23711509421567	8.969963	0.0	4.7666335E-4
place.panama-city	CAPITAL	SERIF	0	7	C	-77.14297633440154	8.969963	0.0	4.7666335E-4
place.panama-city	CAPITAL	SERIF	0	8	I	-76.80878373706136	8.969963	0.0	4.7666335E-4
place.panama-city	CAPITAL	SERIF	0	9	T	-76.64874784537734	8.969963	0.0	4.7666335E-4
place.panama-city	CAPITAL	SERIF	0	10	Y	-76.333383	8.969963	0.0	4.7666335E-4
place.colon	DEFAULT	ITALIC	0	0	C	-79.65498	9.365021	0.0	3.9721947E-4
place.colon	DEFAULT	ITALIC	0	1	o	-79.21851011329755	9.365021	0.0	3.9721947E-4
place.colon	DEFAULT	ITALIC	0	2	l	-78.95565978533095	9.365021	0.0	3.9721947E-4
place.colon	DEFAULT	ITALIC	0	3	o	-78.7578303279666	9.365021	0.0	3.9721947E-4
place.colon	DEFAULT	ITALIC	0	4	n	-78.49498	9.365021	0.0	3.9721947E-4
place.colon	CAPITAL	SERIF	0	0	C	-79.61098	9.365021	0.0	4.7666335E-4
place.colon	CAPITAL	SERIF	0	1	O	-79.26051191489361	9.365021	0.0	4.7666335E-4
place.colon	CAPITAL	SERIF	0	2	L	-78.88388212765958	9.365021	0.0	4.7666335E-4
place.colon	CAPITAL	SERIF	0	3	O	-78.59560978723404	9.365021	0.0	4.7666335E-4
place.colon	CAPITAL	SERIF	0	4	N	-78.21898	9.365021	0.0	4.7666335E-4
place.caracas	DEFAULT	ITALIC	0	0	C	-66.76314884335267	11.098773216763377	0.0	4.965243E-4
place.caracas	DEFAULT	ITALIC	0	1	a	-66.36460229435662	11.098773216763377	0.0	4.965243E-4
place.caracas	DEFAULT	ITALIC	0	2	r	-66.06770095279977	11.098773216763377	0.0	4.965243E-4
place.caracas	DEFAULT	ITALIC	0	3	a	-65.85211577719427	11.098773216763377	0.0	4.965243E-4
place.caracas	DEFAULT	ITALIC	0	4	c	-65.55521443563741	11.098773216763377	0.0	4.965243E-4
place.caracas	DEFAULT	ITALIC	0	5	a	-65.38754771496754	11.098773216763377	0.0	4.965243E-4
place.caracas	DEFAULT	ITALIC	0	6	s	-65.09064637341069	11.098773216763377	0.0	4.965243E-4
place.caracas	CAPITAL	SERIF	0	0	C	-66.70814884335267	11.098773216763377	0.0	5.958292E-4
place.caracas	CAPITAL	SERIF	0	1	a	-66.11457466533112	11.098773216763377	0.0	5.958292E-4
place.caracas	CAPITAL	SERIF	0	2	r	-65.8071016957688	11.098773216763377	0.0	5.958292E-4
place.caracas	CAPITAL	SERIF	0	3	a	-65.559424798714	11.098773216763377	0.0	5.958292E-4
place.caracas	CAPITAL	SERIF	0	4	c	-65.25195182915168	11.098773216763377	0.0	5.958292E-4
place.caracas	CAPITAL	SERIF	0	5	a	-64.93711934297303	11.098773216763377	0.0	5.958292E-4
place.caracas	CAPITAL	SERIF	0	6	s	-64.6296463734107	11.098773216763377	0.0	5.958292E-4
place.cartagena	DEFAULT	ITALIC	0	0	C	-75.296339	10.401684	0.0	3.9721947E-4
place.cartagena	DEFAULT	ITALIC	0	1	a	-74.92697314634147	10.401684	0.0	3.9721947E-4
place.cartagena	DEFAULT	ITALIC	0	2	r	-74.63955851219512	10.401684	0.0	3.9721947E-4
place.cartagena	DEFAULT	ITALIC	0	3	t	-74.41770485365855	10.401684	0.0	3.9721947E-4
place.cartagena	DEFAULT	ITALIC	0	4	a	-74.24677802439025	10.401684	0.0	3.9721947E-4
place.cartagena	DEFAULT	ITALIC	0	5	g	-73.95936339024391	10.401684	0.0	3.9721947E-4
place.cartagena	DEFAULT	ITALIC	0	6	e	-73.71643656097562	10.401684	0.0	3.9721947E-4
place.cartagena	DEFAULT	ITALIC	0	7	n	-73.51682680487805	10.401684	0.0	3.9721947E-4
place.cartagena	DEFAULT	ITALIC	0	8	a	-73.20833900000001	10.401684	0.0	3.9721947E-4
place.cartagena	CAPITAL	SERIF	0	0	C	-75.25233899999999	10.401684	0.0	4.7666335E-4
place.cartagena	CAPITAL	SERIF	0	1	A	-74.93249433980581	10.401684	0.0	4.7666335E-4
place.cartagena	CAPITAL	SERIF	0	2	R	-74.62075841747573	10.401684	0.0	4.7666335E-4
place.cartagena	CAPITAL	SERIF	0	3	T	-74.29956230097088	10.401684	0.0	4.7666335E-4
place.cartagena	CAPITAL	SERIF	0	4	A	-73.99773705825243	10.401684	0.0	4.7666335E-4
place.cartagena	CAPITAL	SERIF	0	5	G	-73.68600113592233	10.401684	0.0	4.7666335E-4
place.cartagena	CAPITAL	SERIF	0	6	E	-73.35759725242718	10.401684	0.0	4.7666335E-4
place.cartagena	CAPITAL	SERIF	0	7	N	-73.10352346601942	10.401684	0.0	4.7666335E-4
place.cartagena	CAPITAL	SERIF	0	8	A	-72.746739	10.401684	0.0	4.7666335E-4
place.bogota	DEFAULT	ITALIC	0	0	B	-73.81029000000001	4.8962836083816885	0.0	3.7051408E-4
place.bogota	DEFAULT	ITALIC	0	1	o	-73.32216837175086	4.8962836083816885	0.0	3.7051408E-4
place.bogota	DEFAULT	ITALIC	0	2	g	-72.99789176557137	4.8962836083816885	0.0	3.7051408E-4
place.bogota	DEFAULT	ITALIC	0	3	o	-72.64374757724374	4.8962836083816885	0.0	3.7051408E-4
place.bogota	DEFAULT	ITALIC	0	4	t	-72.31947097106425	4.8962836083816885	0.0	3.7051408E-4
place.bogota	DEFAULT	ITALIC	0	5	a	-72.07029	4.8962836083816885	0.0	3.7051408E-4
place.bogota	CAPITAL	SERIF	0	0	B	-73.75529	4.8962836083816885	0.0	4.4461695E-4
place.bogota	CAPITAL	SERIF	0	1	O	-73.40629911161732	4.8962836083816885	0.0	4.4461695E-4
place.bogota	CAPITAL	SERIF	0	2	G	-72.95267041002279	4.8962836083816885	0.0	4.4461695E-4
place.bogota	CAPITAL	SERIF	0	3	O	-72.51925583143509	4.8962836083816885	0.0	4.4461695E-4
place.bogota	CAPITAL	SERIF	0	4	T	-72.06562712984055	4.8962836083816885	0.0	4.4461695E-4
place.bogota	CAPITAL	SERIF	0	5	A	-71.66729000000001	4.8962836083816885	0.0	4.4461695E-4
place.quito	DEFAULT	ITALIC	0	0	Q	-77.92908239161831	0.08487260838168859	0.0	3.890398E-4
place.quito	DEFAULT	ITALIC	0	1	u	-77.36658937876197	0.08487260838168859	0.0	3.890398E-4
place.quito	DEFAULT	ITALIC	0	2	i	-76.95404046875639	0.08487260838168859	0.0	3.890398E-4
place.quito	DEFAULT	ITALIC	0	3	t	-76.7157509215233	0.08487260838168859	0.0	3.890398E-4
place.quito	DEFAULT	ITALIC	0	4	o	-76.47908239161832	0.08487260838168859	0.0	3.890398E-4
place.quito	CAPITAL	SERIF	0	0	Q	-77.87408239161832	0.08487260838168859	0.0	4.668478E-4
place.quito	CAPITAL	SERIF	0	1	u	-77.15606183996877	0.08487260838168859	0.0	4.668478E-4
place.quito	CAPITAL	SERIF	0	2	i	-76.66012890324622	0.08487260838168859	0.0	4.668478E-4
place.quito	CAPITAL	SERIF	0	3	t	-76.4295718453771	0.08487260838168859	0.0	4.668478E-4
place.quito	CAPITAL	SERIF	0	4	o	-76.1340823916183	0.08487260838168859	0.0	4.668478E-4
place.guayaquil	DEFAULT	ITALIC	0	0	G	-79.701988	-2.218088	0.0	3.9721947E-4
place.guayaquil	DEFAULT	ITALIC	0	1	u	-79.33027097486395	-2.218088	0.0	3.9721947E-4
place.guayaquil	DEFAULT	ITALIC	0	2	a	-79.05486491111687	-2.218088	0.0	3.9721947E-4
place.guayaquil	DEFAULT	ITALIC	0	3	y	-78.78919815807204	-2.218088	0.0	3.9721947E-4
place.guayaquil	DEFAULT	ITALIC	0	4	a	-78.57006366727131	-2.218088	0.0	3.9721947E-4
place.guayaquil	DEFAULT	ITALIC	0	5	q	-78.30439691422649	-2.218088	0.0	3.9721947E-4
place.guayaquil	DEFAULT	ITALIC	0	6	u	-78.04846947188392	-2.218088	0.0	3.9721947E-4
place.guayaquil	DEFAULT	ITALIC	0	7	i	-77.77306340813684	-2.218088	0.0	3.9721947E-4
place.guayaquil	DEFAULT	ITALIC	0	8	l	-77.613988	-2.218088	0.0	3.9721947E-4
place.guayaquil	CAPITAL	SERIF	0	0	G	-79.65798799999999	-2.218088	0.0	4.7666335E-4
place.guayaquil	CAPITAL	SERIF	0	1	U	-79.31138792409867	-2.218088	0.0	4.7666335E-4
place.guayaquil	CAPITAL	SERIF	0	2	A	-78.9605088349146	-2.218088	0.0	4.7666335E-4
place.guayaquil	CAPITAL	SERIF	0	3	Y	-78.6315002580645	-2.218088	0.0	4.7666335E-4
place.guayaquil	CAPITAL	SERIF	0	4	A	-78.35669251612903	-2.218088	0.0	4.7666335E-4
place.guayaquil	CAPITAL	SERIF	0	5	Q	-78.02768393927893	-2.218088	0.0	4.7666335E-4
place.guayaquil	CAPITAL	SERIF	0	6	U	-77.66491870208729	-2.218088	0.0	4.7666335E-4
place.guayaquil	CAPITAL	SERIF	0	7	I	-77.31403961290323	-2.218088	0.0	4.7666335E-4
place.guayaquil	CAPITAL	SERIF	0	8	L	-77.152388	-2.218088	0.0	4.7666335E-4
place.lima	DEFAULT	ITALIC	0	0	L	-76.777008	-11.748152391618312	0.0	4.084918E-4
place.lima	DEFAULT	ITALIC	0	1	i	-76.339583030012	-11.748152391618312	0.0	4.084918E-4
place.lima	DEFAULT	ITALIC	0	2	m	-76.11899479471788	-11.748152391618312	0.0	4.084918E-4
place.lima	DEFAULT	ITALIC	0	3	a	-75.527008	-11.748152391618312	0.0	4.084918E-4
place.lima	CAPITAL	SERIF	0	0	L	-76.722008	-11.748152391618312	0.0	4.9019017E-4
place.lima	CAPITAL	SERIF	0	1	I	-76.242008	-11.748152391618312	0.0	4.9019017E-4
place.lima	CAPITAL	SERIF	0	2	M	-75.96255594520548	-11.748152391618312	0.0	4.9019017E-4
place.lima	CAPITAL	SERIF	0	3	A	-75.222008	-11.748152391618312	0.0	4.9019017E-4
place.la-paz	DEFAULT	ITALIC	0	0	L	-67.72787377732898	-16.18666386785084	-1.0	4.084918E-4
place.la-paz	DEFAULT	ITALIC	0	1	a	-67.3848362805635	-16.192651609629692	-1.0	4.084918E-4
place.la-paz	DEFAULT	ITALIC	0	2	\s	-67.10533264935212	-16.19753036366016	-1.0	4.084918E-4
place.la-paz	DEFAULT	ITALIC	0	3	P	-67.02678939723029	-16.19890134122562	-1.0	4.084918E-4
place.la-paz	DEFAULT	ITALIC	0	4	a	-66.69549185388242	-16.204684161355317	-1.0	4.084918E-4
place.la-paz	DEFAULT	ITALIC	0	5	z	-66.41598822267103	-16.20956291538578	-1.0	4.084918E-4
place.la-paz	CAPITAL	SERIF	0	0	L	-67.67284925624914	-16.183854030414434	-1.0	4.9019017E-4
place.la-paz	CAPITAL	SERIF	0	1	a	-67.20378385467028	-16.192041597454576	-1.0	4.9019017E-4
place.la-paz	CAPITAL	SERIF	0	2	\s	-66.90218122872534	-16.197306090872964	-1.0	4.9019017E-4
place.la-paz	CAPITAL	SERIF	0	3	P	-66.78071423711096	-16.19942630509823	-1.0	4.9019017E-4
place.la-paz	CAPITAL	SERIF	0	4	a	-66.3406153696958	-16.207108259403796	-1.0	4.9019017E-4
place.la-paz	CAPITAL	SERIF	0	5	z	-66.03901274375086	-16.212372752822187	-1.0	4.9019017E-4
place.santiago	DEFAULT	ITALIC	0	0	S	-70.37550399999999	-33.440205	0.0	4.965243E-4
place.santiago	DEFAULT	ITALIC	0	1	a	-70.01156715082297	-33.440205	0.0	4.965243E-4
place.santiago	DEFAULT	ITALIC	0	2	n	-69.62892690896875	-33.440205	0.0	4.965243E-4
place.santiago	DEFAULT	ITALIC	0	3	t	-69.21823157809875	-33.440205	0.0	4.965243E-4
place.santiago	DEFAULT	ITALIC	0	4	i	-68.99067363385959	-33.440205	0.0	4.965243E-4
place.santiago	DEFAULT	ITALIC	0	5	a	-68.76155707356399	-33.440205	0.0	4.965243E-4
place.santiago	DEFAULT	ITALIC	0	6	g	-68.37891683170977	-33.440205	0.0	4.965243E-4
place.santiago	DEFAULT	ITALIC	0	7	o	-68.055504	-33.440205	0.0	4.965243E-4
place.santiago	CAPITAL	SERIF	0	0	S	-70.320504	-33.440205	0.0	5.958292E-4
place.santiago	CAPITAL	SERIF	0	1	A	-70.02494235616439	-33.440205	0.0	5.958292E-4
place.santiago	CAPITAL	SERIF	0	2	N	-69.58509578082192	-33.440205	0.0	5.958292E-4
place.santiago	CAPITAL	SERIF	0	3	T	-69.08168756164383	-33.440205	0.0	5.958292E-4
place.santiago	CAPITAL	SERIF	0	4	I	-68.65582454794522	-33.440205	0.0	5.958292E-4
place.santiago	CAPITAL	SERIF	0	5	A	-68.43971495890412	-33.440205	0.0	5.958292E-4
place.santiago	CAPITAL	SERIF	0	6	G	-67.99986838356165	-33.440205	0.0	5.958292E-4
place.santiago	CAPITAL	SERIF	0	7	O	-67.53650400000001	-33.440205	0.0	5.958292E-4
place.valparaiso	DEFAULT	ITALIC	0	0	V	-71.397026	-33.047739	0.0	3.9721947E-4
place.valparaiso	DEFAULT	ITALIC	0	1	a	-70.98330276240209	-33.047739	0.0	3.9721947E-4
place.valparaiso	DEFAULT	ITALIC	0	2	l	-70.68588239686684	-33.047739	0.0	3.9721947E-4
place.valparaiso	DEFAULT	ITALIC	0	3	p	-70.51263957702349	-33.047739	0.0	3.9721947E-4
place.valparaiso	DEFAULT	ITALIC	0	4	a	-70.24671790600522	-33.047739	0.0	3.9721947E-4
place.valparaiso	DEFAULT	ITALIC	0	5	r	-69.94929754046997	-33.047739	0.0	3.9721947E-4
place.valparaiso	DEFAULT	ITALIC	0	6	a	-69.71972051697128	-33.047739	0.0	3.9721947E-4
place.valparaiso	DEFAULT	ITALIC	0	7	i	-69.42230015143603	-33.047739	0.0	3.9721947E-4
place.valparaiso	DEFAULT	ITALIC	0	8	s	-69.24421137859008	-33.047739	0.0	3.9721947E-4
place.valparaiso	DEFAULT	ITALIC	0	9	o	-69.077026	-33.047739	0.0	3.9721947E-4
place.valparaiso	CAPITAL	SERIF	0	0	V	-71.35302599999999	-33.047739	0.0	4.7666335E-4
place.valparaiso	CAPITAL	SERIF	0	1	A	-71.00670093520917	-33.047739	0.0	4.7666335E-4
place.valparaiso	CAPITAL	SERIF	0	2	L	-70.65006857682339	-33.047739	0.0	4.7666335E-4
place.valparaiso	CAPITAL	SERIF	0	3	P	-70.34909560385042	-33.047739	0.0	4.7666335E-4
place.valparaiso	CAPITAL	SERIF	0	4	A	-70.06461430062939	-33.047739	0.0	4.7666335E-4
place.valparaiso	CAPITAL	SERIF	0	5	R	-69.7079819422436	-33.047739	0.0	4.7666335E-4
place.valparaiso	CAPITAL	SERIF	0	6	A	-69.3405269255831	-33.047739	0.0	4.7666335E-4
place.valparaiso	CAPITAL	SERIF	0	7	I	-68.98389456719732	-33.047739	0.0	4.7666335E-4
place.valparaiso	CAPITAL	SERIF	0	8	S	-68.80867057608293	-33.047739	0.0	4.7666335E-4
place.valparaiso	CAPITAL	SERIF	0	9	O	-68.569026	-33.047739	0.0	4.7666335E-4
place.buenos-aires	DEFAULT	ITALIC	0	0	B	-61.10666242358729	-34.58720147872954	-1.0	3.360672E-4
place.buenos-aires	DEFAULT	ITALIC	0	1	u	-60.73829163045615	-34.593631414841305	-1.0	3.360672E-4
place.buenos-aires	DEFAULT	ITALIC	0	2	e	-60.41705460012661	-34.59923862806305	-1.0	3.360672E-4
place.buenos-aires	DEFAULT	ITALIC	0	3	n	-60.22150760393467	-34.6026519135781	-1.0	3.360672E-4
place.buenos-aires	DEFAULT	ITALIC	0	4	o	-59.88680378423324	-34.60849419048271	-1.0	3.360672E-4
place.buenos-aires	DEFAULT	ITALIC	0	5	s	-59.66207874440221	-34.612416780643954	-1.0	3.360672E-4
place.buenos-aires	DEFAULT	ITALIC	0	6	\s	-59.51516182094207	-34.61498122508201	-1.0	3.360672E-4
place.buenos-aires	DEFAULT	ITALIC	0	7	A	-59.42510467482989	-34.61655317841465	-1.0	3.360672E-4
place.buenos-aires	DEFAULT	ITALIC	0	8	i	-58.99239255469975	-34.62410619656674	-1.0	3.360672E-4
place.buenos-aires	DEFAULT	ITALIC	0	9	r	-58.832008841867726	-34.62690570468766	-1.0	3.360672E-4
place.buenos-aires	DEFAULT	ITALIC	0	10	e	-58.6080319570018	-34.63081523575541	-1.0	3.360672E-4
place.buenos-aires	DEFAULT	ITALIC	0	11	s	-58.412484960809856	-34.63422852127046	-1.0	3.360672E-4
place.buenos-aires	CAPITAL	SERIF	0	0	B	-61.05161140146468	-34.58135492257305	-1.0	4.0328066E-4
place.buenos-aires	CAPITAL	SERIF	0	1	U	-60.74356595884894	-34.586731875774746	-1.0	4.0328066E-4
place.buenos-aires	CAPITAL	SERIF	0	2	E	-60.340954055043746	-34.59375949269654	-1.0	4.0328066E-4
place.buenos-aires	CAPITAL	SERIF	0	3	N	-60.04731277539064	-34.59888502029849	-1.0	4.0328066E-4
place.buenos-aires	CAPITAL	SERIF	0	4	O	-59.61088240202101	-34.6065029408023	-1.0	4.0328066E-4
place.buenos-aires	CAPITAL	SERIF	0	5	S	-59.1926137993434	-34.61380384641948	-1.0	4.0328066E-4
place.buenos-aires	CAPITAL	SERIF	0	6	\s	-58.96097304722509	-34.617847150787725	-1.0	4.0328066E-4
place.buenos-aires	CAPITAL	SERIF	0	7	A	-58.89529330315446	-34.61899359498494	-1.0	4.0328066E-4
place.buenos-aires	CAPITAL	SERIF	0	8	I	-58.521489725274535	-34.62551836070724	-1.0	4.0328066E-4
place.buenos-aires	CAPITAL	SERIF	0	9	R	-58.368132467518336	-34.62819522159859	-1.0	4.0328066E-4
place.buenos-aires	CAPITAL	SERIF	0	10	E	-57.981177262585575	-34.634949549825	-1.0	4.0328066E-4
place.buenos-aires	CAPITAL	SERIF	0	11	S	-57.68753598293246	-34.64007507742695	-1.0	4.0328066E-4
place.montevideo	DEFAULT	ITALIC	0	0	M	-56.80534598312183	-34.28424079390256	-1.0	2.2746352E-4
place.montevideo	DEFAULT	ITALIC	0	1	o	-56.1031313469757	-34.296497995970036	-1.0	2.2746352E-4
place.montevideo	DEFAULT	ITALIC	0	2	n	-55.833866400723906	-34.301198033089754	-1.0	2.2746352E-4
place.montevideo	DEFAULT	ITALIC	0	3	t	-55.46043843579049	-34.30771624246368	-1.0	2.2746352E-4
place.montevideo	DEFAULT	ITALIC	0	4	e	-55.25352958235491	-34.31132784993462	-1.0	2.2746352E-4
place.montevideo	DEFAULT	ITALIC	0	5	v	-55.011899722692114	-34.315545514823626	-1.0	2.2746352E-4
place.montevideo	DEFAULT	ITALIC	0	6	i	-54.721377017525704	-34.32061660750543	-1.0	2.2746352E-4
place.montevideo	DEFAULT	ITALIC	0	7	d	-54.51305098016247	-34.32425295201384	-1.0	2.2746352E-4
place.montevideo	DEFAULT	ITALIC	0	8	e	-54.147417526831084	-34.33063510768167	-1.0	2.2746352E-4
place.montevideo	DEFAULT	ITALIC	0	9	o	-53.90578766716829	-34.33485277257068	-1.0	2.2746352E-4
place.montevideo	CAPITAL	SERIF	0	0	M	-56.75030181471718	-34.279179596035746	-1.0	2.7295624E-4
place.montevideo	CAPITAL	SERIF	0	1	O	-56.229537287938285	-34.28826957466298	-1.0	2.7295624E-4
place.montevideo	CAPITAL	SERIF	0	2	N	-55.788534697558376	-34.29596730351158	-1.0	2.7295624E-4
place.montevideo	CAPITAL	SERIF	0	3	T	-55.330770540833754	-34.303957606589016	-1.0	2.7295624E-4
place.montevideo	CAPITAL	SERIF	0	4	E	-54.943520559766206	-34.310717080152	-1.0	2.7295624E-4
place.montevideo	CAPITAL	SERIF	0	5	V	-54.61753699361382	-34.316407144464726	-1.0	2.7295624E-4
place.montevideo	CAPITAL	SERIF	0	6	I	-54.22913104245353	-34.32318679556073	-1.0	2.7295624E-4
place.montevideo	CAPITAL	SERIF	0	7	D	-54.032616126687905	-34.32661697617478	-1.0	2.7295624E-4
place.montevideo	CAPITAL	SERIF	0	8	E	-53.59681540172532	-34.33422390612477	-1.0	2.7295624E-4
place.montevideo	CAPITAL	SERIF	0	9	O	-53.27083183557294	-34.33991397043749	-1.0	2.7295624E-4
place.rio-de-janeiro	DEFAULT	ITALIC	0	0	R	-42.937117	-22.907308	0.0	4.965243E-4
place.rio-de-janeiro	DEFAULT	ITALIC	0	1	i	-42.40897619482096	-22.907308	0.0	4.965243E-4
place.rio-de-janeiro	DEFAULT	ITALIC	0	2	o	-42.18295960570504	-22.907308	0.0	4.965243E-4
place.rio-de-janeiro	DEFAULT	ITALIC	0	3	\s	-41.890829320453165	-22.907308	0.0	4.965243E-4
place.rio-de-janeiro	DEFAULT	ITALIC	0	4	d	-41.737076538741654	-22.907308	0.0	4.965243E-4
place.rio-de-janeiro	DEFAULT	ITALIC	0	5	e	-41.34039436192596	-22.907308	0.0	4.965243E-4
place.rio-de-janeiro	DEFAULT	ITALIC	0	6	\s	-41.07824586910783	-22.907308	0.0	4.965243E-4
place.rio-de-janeiro	DEFAULT	ITALIC	0	7	J	-40.92449308739632	-22.907308	0.0	4.965243E-4
place.rio-de-janeiro	DEFAULT	ITALIC	0	8	a	-40.69924526218895	-22.907308	0.0	4.965243E-4
place.rio-de-janeiro	DEFAULT	ITALIC	0	9	n	-40.321782183087194	-22.907308	0.0	4.965243E-4
place.rio-de-janeiro	DEFAULT	ITALIC	0	10	e	-39.916643603277365	-22.907308	0.0	4.965243E-4
place.rio-de-janeiro	DEFAULT	ITALIC	0	11	i	-39.65449511045924	-22.907308	0.0	4.965243E-4
place.rio-de-janeiro	DEFAULT	ITALIC	0	12	r	-39.428478521343315	-22.907308	0.0	4.965243E-4
place.rio-de-janeiro	DEFAULT	ITALIC	0	13	o	-39.137117	-22.907308	0.0	4.965243E-4
place.rio-de-janeiro	CAPITAL	SERIF	0	0	R	-42.882117	-22.907308	0.0	5.958292E-4
place.rio-de-janeiro	CAPITAL	SERIF	0	1	I	-42.41598366666667	-22.907308	0.0	5.958292E-4
place.rio-de-janeiro	CAPITAL	SERIF	0	2	O	-42.19370409677419	-22.907308	0.0	5.958292E-4
place.rio-de-janeiro	CAPITAL	SERIF	0	3	\s	-41.69488259139785	-22.907308	0.0	5.958292E-4
place.rio-de-janeiro	CAPITAL	SERIF	0	4	D	-41.564129903225805	-22.907308	0.0	5.958292E-4
place.rio-de-janeiro	CAPITAL	SERIF	0	5	E	-41.07119226881721	-22.907308	0.0	5.958292E-4
place.rio-de-janeiro	CAPITAL	SERIF	0	6	\s	-40.702469688172044	-22.907308	0.0	5.958292E-4
place.rio-de-janeiro	CAPITAL	SERIF	0	7	J	-40.571717	-22.907308	0.0	5.958292E-4
place.rio-de-janeiro	CAPITAL	SERIF	0	8	A	-40.34943743010753	-22.907308	0.0	5.958292E-4
place.rio-de-janeiro	CAPITAL	SERIF	0	9	N	-39.89703312903226	-22.907308	0.0	5.958292E-4
place.rio-de-janeiro	CAPITAL	SERIF	0	10	E	-39.379252483870964	-22.907308	0.0	5.958292E-4
place.rio-de-janeiro	CAPITAL	SERIF	0	11	I	-39.0105299032258	-22.907308	0.0	5.958292E-4
place.rio-de-janeiro	CAPITAL	SERIF	0	12	R	-38.78825033333333	-22.907308	0.0	5.958292E-4
place.rio-de-janeiro	CAPITAL	SERIF	0	13	O	-38.322117	-22.907308	0.0	5.958292E-4
place.sao-paulo	DEFAULT	ITALIC	0	0	S	-46.08287141891764	-23.391582925132624	-24.0	3.9721947E-4
place.sao-paulo	DEFAULT	ITALIC	0	1	a	-45.83318839656405	-23.502748968918976	-24.0	3.9721947E-4
place.sao-paulo	DEFAULT	ITALIC	0	2	o	-45.57067369854346	-23.61962804279285	-24.0	3.9721947E-4
place.sao-paulo	DEFAULT	ITALIC	0	3	\s	-45.36750550048272	-23.710084352511938	-24.0	3.9721947E-4
place.sao-paulo	DEFAULT	ITALIC	0	4	P	-45.26057486992443	-23.757692936574617	-24.0	3.9721947E-4
place.sao-paulo	DEFAULT	ITALIC	0	5	a	-44.957961185444496	-23.892425229471993	-24.0	3.9721947E-4
place.sao-paulo	DEFAULT	ITALIC	0	6	u	-44.69544648742391	-24.009304303345864	-24.0	3.9721947E-4
place.sao-paulo	DEFAULT	ITALIC	0	7	l	-44.42330803265307	-24.13046814978538	-24.0	3.9721947E-4
place.sao-paulo	DEFAULT	ITALIC	0	8	o	-44.27039723095472	-24.19854842499501	-24.0	3.9721947E-4
place.sao-paulo	CAPITAL	SERIF	0	0	S	-46.021718837713934	-23.310886375146385	-24.0	4.7666335E-4
place.sao-paulo	CAPITAL	SERIF	0	1	A	-45.805892846061504	-23.40697829766521	-24.0	4.7666335E-4
place.sao-paulo	CAPITAL	SERIF	0	2	O	-45.48470663912927	-23.549979610316882	-24.0	4.7666335E-4
place.sao-paulo	CAPITAL	SERIF	0	3	\s	-45.13056635605227	-23.70765302296605	-24.0	4.7666335E-4
place.sao-paulo	CAPITAL	SERIF	0	4	P	-45.03773797254585	-23.74898288211393	-24.0	4.7666335E-4
place.sao-paulo	CAPITAL	SERIF	0	5	A	-44.78153163406812	-23.863053293362082	-24.0	4.7666335E-4
place.sao-paulo	CAPITAL	SERIF	0	6	U	-44.46034542713589	-24.006054606013752	-24.0	4.7666335E-4
place.sao-paulo	CAPITAL	SERIF	0	7	L	-44.1178086919972	-24.158561786269434	-24.0	4.7666335E-4
place.sao-paulo	CAPITAL	SERIF	0	8	O	-43.846749812158436	-24.27924497498125	-24.0	4.7666335E-4
place.bahia	DEFAULT	ITALIC	0	0	B	-38.261933	-12.968026	0.0	3.9721947E-4
place.bahia	DEFAULT	ITALIC	0	1	a	-37.90230156368564	-12.968026	0.0	3.9721947E-4
place.bahia	DEFAULT	ITALIC	0	2	h	-37.593596956639566	-12.968026	0.0	3.9721947E-4
place.bahia	DEFAULT	ITALIC	0	3	i	-37.28677852845529	-12.968026	0.0	3.9721947E-4
place.bahia	DEFAULT	ITALIC	0	4	a	-37.101933	-12.968026	0.0	3.9721947E-4
place.bahia	CAPITAL	SERIF	0	0	B	-38.217932999999995	-12.968026	0.0	4.7666335E-4
place.bahia	CAPITAL	SERIF	0	1	A	-37.88153777562783	-12.968026	0.0	4.7666335E-4
place.bahia	CAPITAL	SERIF	0	2	H	-37.48496964059284	-12.968026	0.0	4.7666335E-4
place.bahia	CAPITAL	SERIF	0	3	I	-37.02077861547962	-12.968026	0.0	4.7666335E-4
place.bahia	CAPITAL	SERIF	0	4	A	-36.825933	-12.968026	0.0	4.7666335E-4
place.recife	DEFAULT	ITALIC	0	0	R	-34.688766	-8.060532	0.0	3.9721947E-4
place.recife	DEFAULT	ITALIC	0	1	e	-34.19985802453988	-8.060532	0.0	3.9721947E-4
place.recife	DEFAULT	ITALIC	0	2	c	-33.95718317791411	-8.060532	0.0	3.9721947E-4
place.recife	DEFAULT	ITALIC	0	3	i	-33.73443471165645	-8.060532	0.0	3.9721947E-4
place.recife	DEFAULT	ITALIC	0	4	f	-33.52520771779142	-8.060532	0.0	3.9721947E-4
place.recife	DEFAULT	ITALIC	0	5	e	-33.296766000000005	-8.060532	0.0	3.9721947E-4
place.recife	CAPITAL	SERIF	0	0	R	-34.644766	-8.060532	0.0	4.7666335E-4
place.recife	CAPITAL	SERIF	0	1	E	-34.2252537773864	-8.060532	0.0	4.7666335E-4
place.recife	CAPITAL	SERIF	0	2	C	-33.89340960690384	-8.060532	0.0	4.7666335E-4
place.recife	CAPITAL	SERIF	0	3	I	-33.47566251285664	-8.060532	0.0	4.7666335E-4
place.recife	CAPITAL	SERIF	0	4	F	-33.275614608665016	-8.060532	0.0	4.7666335E-4
place.recife	CAPITAL	SERIF	0	5	E	-32.974365999999996	-8.060532	0.0	4.7666335E-4
place.belem	DEFAULT	ITALIC	0	0	B	-48.261969	-1.448057	0.0	3.9721947E-4
place.belem	DEFAULT	ITALIC	0	1	e	-47.83111185714286	-1.448057	0.0	3.9721947E-4
place.belem	DEFAULT	ITALIC	0	2	l	-47.574254714285715	-1.448057	0.0	3.9721947E-4
place.belem	DEFAULT	ITALIC	0	3	e	-47.35882614285715	-1.448057	0.0	3.9721947E-4
place.belem	DEFAULT	ITALIC	0	4	m	-47.101969000000004	-1.448057	0.0	3.9721947E-4
place.belem	CAPITAL	SERIF	0	0	B	-48.217969	-1.448057	0.0	4.7666335E-4
place.belem	CAPITAL	SERIF	0	1	E	-47.86255186211396	-1.448057	0.0	4.7666335E-4
place.belem	CAPITAL	SERIF	0	2	L	-47.521060779034364	-1.448057	0.0	4.7666335E-4
place.belem	CAPITAL	SERIF	0	3	E	-47.1674600830796	-1.448057	0.0	4.7666335E-4
place.belem	CAPITAL	SERIF	0	4	M	-46.825969	-1.448057	0.0	4.7666335E-4
place.manaus	DEFAULT	ITALIC	0	0	M	-59.86446300000001	-3.098086	0.0	2.4826216E-4
place.manaus	DEFAULT	ITALIC	0	1	a	-59.57793259122633	-3.098086	0.0	2.4826216E-4
place.manaus	DEFAULT	ITALIC	0	2	n	-59.43596848354936	-3.098086	0.0	2.4826216E-4
place.manaus	DEFAULT	ITALIC	0	3	a	-59.28359560219342	-3.098086	0.0	2.4826216E-4
place.manaus	DEFAULT	ITALIC	0	4	u	-59.14163149451645	-3.098086	0.0	2.4826216E-4
place.manaus	DEFAULT	ITALIC	0	5	s	-58.994463	-3.098086	0.0	2.4826216E-4
place.manaus	CAPITAL	SERIF	0	0	M	-59.836963000000004	-3.098086	0.0	2.979146E-4
place.manaus	CAPITAL	SERIF	0	1	A	-59.59039838663172	-3.098086	0.0	2.979146E-4
place.manaus	CAPITAL	SERIF	0	2	N	-59.401028006553084	-3.098086	0.0	2.979146E-4
place.manaus	CAPITAL	SERIF	0	3	A	-59.18429196461337	-3.098086	0.0	2.979146E-4
place.manaus	CAPITAL	SERIF	0	4	U	-58.99492158453474	-3.098086	0.0	2.979146E-4
place.manaus	CAPITAL	SERIF	0	5	S	-58.79296300000001	-3.098086	0.0	2.979146E-4
place.asuncion	DEFAULT	ITALIC	0	0	A	-57.0529193916183	-24.99275639161831	0.0	3.2006402E-4
place.asuncion	DEFAULT	ITALIC	0	1	s	-56.536666432538155	-24.99275639161831	0.0	3.2006402E-4
place.asuncion	DEFAULT	ITALIC	0	2	u	-56.32012263815196	-24.99275639161831	0.0	3.2006402E-4
place.asuncion	DEFAULT	ITALIC	0	3	n	-55.92077194488175	-24.99275639161831	0.0	3.2006402E-4
place.asuncion	DEFAULT	ITALIC	0	4	c	-55.50729883023853	-24.99275639161831	0.0	3.2006402E-4
place.asuncion	DEFAULT	ITALIC	0	5	i	-55.261725614141135	-24.99275639161831	0.0	3.2006402E-4
place.asuncion	DEFAULT	ITALIC	0	6	o	-55.03105939838192	-24.99275639161831	0.0	3.2006402E-4
place.asuncion	DEFAULT	ITALIC	0	7	n	-54.73291939161831	-24.99275639161831	0.0	3.2006402E-4
place.asuncion	CAPITAL	SERIF	0	0	A	-56.99791939161831	-24.99275639161831	0.0	3.8407682E-4
place.asuncion	CAPITAL	SERIF	0	1	s	-56.39906082773892	-24.99275639161831	0.0	3.8407682E-4
place.asuncion	CAPITAL	SERIF	0	2	u	-56.11953580442527	-24.99275639161831	0.0	3.8407682E-4
place.asuncion	CAPITAL	SERIF	0	3	n	-55.66346866112406	-24.99275639161831	0.0	3.8407682E-4
place.asuncion	CAPITAL	SERIF	0	4	c	-55.206536115273884	-24.99275639161831	0.0	3.8407682E-4
place.asuncion	CAPITAL	SERIF	0	5	i	-54.85431727784771	-24.99275639161831	0.0	3.8407682E-4
place.asuncion	CAPITAL	SERIF	0	6	o	-54.64229365335284	-24.99275639161831	0.0	3.8407682E-4
place.asuncion	CAPITAL	SERIF	0	7	n	-54.213919391618305	-24.99275639161831	0.0	3.8407682E-4
place.cairo	DEFAULT	ITALIC	0	0	C	31.523021999999997	30.051906	0.0	4.965243E-4
place.cairo	DEFAULT	ITALIC	0	1	a	32.03274344846797	30.051906	0.0	4.965243E-4
place.cairo	DEFAULT	ITALIC	0	2	i	32.42937297493036	30.051906	0.0	4.965243E-4
place.cairo	DEFAULT	ITALIC	0	3	r	32.66686601114206	30.051906	0.0	4.965243E-4
place.cairo	DEFAULT	ITALIC	0	4	o	32.973022	30.051906	0.0	4.965243E-4
place.cairo	CAPITAL	SERIF	0	0	C	31.578022	30.051906	0.0	5.958292E-4
place.cairo	CAPITAL	SERIF	0	1	A	32.081239922606926	30.051906	0.0	5.958292E-4
place.cairo	CAPITAL	SERIF	0	2	I	32.571700207739305	30.051906	0.0	5.958292E-4
place.cairo	CAPITAL	SERIF	0	3	R	32.81267780448065	30.051906	0.0	5.958292E-4
place.cairo	CAPITAL	SERIF	0	4	O	33.318022	30.051906	0.0	5.958292E-4
place.alexandria	DEFAULT	ITALIC	0	0	A	30.168049999999997	31.201965	0.0	3.9721947E-4
place.alexandria	DEFAULT	ITALIC	0	1	l	30.556487659033074	31.201965	0.0	3.9721947E-4
place.alexandria	DEFAULT	ITALIC	0	2	e	30.72532226463104	31.201965	0.0	3.9721947E-4
place.alexandria	DEFAULT	ITALIC	0	3	x	30.92662506361323	31.201965	0.0	3.9721947E-4
place.alexandria	DEFAULT	ITALIC	0	4	a	31.18518994910941	31.201965	0.0	3.9721947E-4
place.alexandria	DEFAULT	ITALIC	0	5	n	31.47504236641221	31.201965	0.0	3.9721947E-4
place.alexandria	DEFAULT	ITALIC	0	6	d	31.786146692111956	31.201965	0.0	3.9721947E-4
place.alexandria	DEFAULT	ITALIC	0	7	r	32.09075737913486	31.201965	0.0	3.9721947E-4
place.alexandria	DEFAULT	ITALIC	0	8	i	32.314492748091595	31.201965	0.0	3.9721947E-4
place.alexandria	DEFAULT	ITALIC	0	9	a	32.488049999999994	31.201965	0.0	3.9721947E-4
place.alexandria	CAPITAL	SERIF	0	0	A	30.212049999999998	31.201965	0.0	4.7666335E-4
place.alexandria	CAPITAL	SERIF	0	1	L	30.54204794450154	31.201965	0.0	4.7666335E-4
place.alexandria	CAPITAL	SERIF	0	2	E	30.82054331963001	31.201965	0.0	4.7666335E-4
place.alexandria	CAPITAL	SERIF	0	3	X	31.08950118191161	31.201965	0.0	4.7666335E-4
place.alexandria	CAPITAL	SERIF	0	4	A	31.4266522610483	31.201965	0.0	4.7666335E-4
place.alexandria	CAPITAL	SERIF	0	5	N	31.756650205549843	31.201965	0.0	4.7666335E-4
place.alexandria	CAPITAL	SERIF	0	6	D	32.13433571428571	31.201965	0.0	4.7666335E-4
place.alexandria	CAPITAL	SERIF	0	7	R	32.49389994861254	31.201965	0.0	4.7666335E-4
place.alexandria	CAPITAL	SERIF	0	8	I	32.83391228160328	31.201965	0.0	4.7666335E-4
place.alexandria	CAPITAL	SERIF	0	9	A	32.99605	31.201965	0.0	4.7666335E-4
place.port-said	DEFAULT	ITALIC	0	0	P	32.510008000000006	31.25999	0.0	3.9721947E-4
place.port-said	DEFAULT	ITALIC	0	1	o	32.87590698989899	31.25999	0.0	3.9721947E-4
place.port-said	DEFAULT	ITALIC	0	2	r	33.12156355555556	31.25999	0.0	3.9721947E-4
place.port-said	DEFAULT	ITALIC	0	3	t	33.36657365656566	31.25999	0.0	3.9721947E-4
place.port-said	DEFAULT	ITALIC	0	4	\s	33.55534133333334	31.25999	0.0	3.9721947E-4
place.port-said	DEFAULT	ITALIC	0	5	S	33.68463426262627	31.25999	0.0	3.9721947E-4
place.port-said	DEFAULT	ITALIC	0	6	a	33.986533252525255	31.25999	0.0	3.9721947E-4
place.port-said	DEFAULT	ITALIC	0	7	i	34.303947393939396	31.25999	0.0	3.9721947E-4
place.port-said	DEFAULT	ITALIC	0	8	d	34.494008	31.25999	0.0	3.9721947E-4
place.port-said	CAPITAL	SERIF	0	0	P	32.554008	31.25999	0.0	4.7666335E-4
place.port-said	CAPITAL	SERIF	0	1	O	32.853029979522184	31.25999	0.0	4.7666335E-4
place.port-said	CAPITAL	SERIF	0	2	R	33.26635202730375	31.25999	0.0	4.7666335E-4
place.port-said	CAPITAL	SERIF	0	3	T	33.65258875085324	31.25999	0.0	4.7666335E-4
place.port-said	CAPITAL	SERIF	0	4	\s	34.01553209556314	31.25999	0.0	4.7666335E-4
place.port-said	CAPITAL	SERIF	0	5	S	34.12387339249147	31.25999	0.0	4.7666335E-4
place.port-said	CAPITAL	SERIF	0	6	A	34.37576690784983	31.25999	0.0	4.7666335E-4
place.port-said	CAPITAL	SERIF	0	7	I	34.75062779522184	31.25999	0.0	4.7666335E-4
place.port-said	CAPITAL	SERIF	0	8	D	34.934808	31.25999	0.0	4.7666335E-4
place.khartoum	DEFAULT	ITALIC	0	0	K	32.807233000000004	15.590024	0.0	4.965243E-4
place.khartoum	DEFAULT	ITALIC	0	1	h	33.3080606714021	15.590024	0.0	4.965243E-4
place.khartoum	DEFAULT	ITALIC	0	2	a	33.65770860222359	15.590024	0.0	4.965243E-4
place.khartoum	DEFAULT	ITALIC	0	3	r	34.009506008029646	15.590024	0.0	4.965243E-4
place.khartoum	DEFAULT	ITALIC	0	4	t	34.28105634774552	15.590024	0.0	4.965243E-4
place.khartoum	DEFAULT	ITALIC	0	5	o	34.4902719129092	15.590024	0.0	4.965243E-4
place.khartoum	DEFAULT	ITALIC	0	6	u	34.762538744286594	15.590024	0.0	4.965243E-4
place.khartoum	DEFAULT	ITALIC	0	7	m	35.127233	15.590024	0.0	4.965243E-4
place.khartoum	CAPITAL	SERIF	0	0	K	32.862232999999996	15.590024	0.0	5.958292E-4
place.khartoum	CAPITAL	SERIF	0	1	H	33.23639996269982	15.590024	0.0	5.958292E-4
place.khartoum	CAPITAL	SERIF	0	2	A	33.68144436767318	15.590024	0.0	5.958292E-4
place.khartoum	CAPITAL	SERIF	0	3	R	34.06165514328005	15.590024	0.0	5.958292E-4
place.khartoum	CAPITAL	SERIF	0	4	T	34.453404107164005	15.590024	0.0	5.958292E-4
place.khartoum	CAPITAL	SERIF	0	5	O	34.82152725695678	15.590024	0.0	5.958292E-4
place.khartoum	CAPITAL	SERIF	0	6	U	35.24074809769094	15.590024	0.0	5.958292E-4
place.khartoum	CAPITAL	SERIF	0	7	M	35.646233	15.590024	0.0	5.958292E-4
place.cape-town	DEFAULT	ITALIC	0	0	C	18.708042000000003	-33.918065	0.0	4.965243E-4
place.cape-town	DEFAULT	ITALIC	0	1	a	19.127918576334856	-33.918065	0.0	4.965243E-4
place.cape-town	DEFAULT	ITALIC	0	2	p	19.45463711671586	-33.918065	0.0	4.965243E-4
place.cape-town	DEFAULT	ITALIC	0	3	e	19.746754100885433	-33.918065	0.0	4.965243E-4
place.cape-town	DEFAULT	ITALIC	0	4	\s	19.97366045988731	-33.918065	0.0	4.965243E-4
place.cape-town	DEFAULT	ITALIC	0	5	T	20.10674336839281	-33.918065	0.0	4.965243E-4
place.cape-town	DEFAULT	ITALIC	0	6	o	20.520631213844915	-33.918065	0.0	4.965243E-4
place.cape-town	DEFAULT	ITALIC	0	7	w	20.773488740005366	-33.918065	0.0	4.965243E-4
place.cape-town	DEFAULT	ITALIC	0	8	n	21.188042	-33.918065	0.0	4.965243E-4
place.cape-town	CAPITAL	SERIF	0	0	C	18.763042000000002	-33.918065	0.0	5.958292E-4
place.cape-town	CAPITAL	SERIF	0	1	A	19.180046144464182	-33.918065	0.0	5.958292E-4
place.cape-town	CAPITAL	SERIF	0	2	P	19.586478352871524	-33.918065	0.0	5.958292E-4
place.cape-town	CAPITAL	SERIF	0	3	E	19.9106843919479	-33.918065	0.0	5.958292E-4
place.cape-town	CAPITAL	SERIF	0	4	\s	20.241938388395504	-33.918065	0.0	5.958292E-4
place.cape-town	CAPITAL	SERIF	0	5	T	20.359404344582593	-33.918065	0.0	5.958292E-4
place.cape-town	CAPITAL	SERIF	0	6	O	20.752915297809356	-33.918065	0.0	5.958292E-4
place.cape-town	CAPITAL	SERIF	0	7	W	21.201047920663115	-33.918065	0.0	5.958292E-4
place.cape-town	CAPITAL	SERIF	0	8	N	21.739042	-33.918065	0.0	5.958292E-4
place.durban	DEFAULT	ITALIC	0	0	D	31.230943999999997	-29.860662	0.0	3.9721947E-4
place.durban	DEFAULT	ITALIC	0	1	u	31.636674232558136	-29.860662	0.0	3.9721947E-4
place.durban	DEFAULT	ITALIC	0	2	r	31.91129748837209	-29.860662	0.0	3.9721947E-4
place.durban	DEFAULT	ITALIC	0	3	b	32.11578120930232	-29.860662	0.0	3.9721947E-4
place.durban	DEFAULT	ITALIC	0	4	a	32.35803237209302	-29.860662	0.0	3.9721947E-4
place.durban	DEFAULT	ITALIC	0	5	n	32.622944	-29.860662	0.0	3.9721947E-4
place.durban	CAPITAL	SERIF	0	0	D	31.274943999999998	-29.860662	0.0	4.7666335E-4
place.durban	CAPITAL	SERIF	0	1	U	31.63644847761194	-29.860662	0.0	4.7666335E-4
place.durban	CAPITAL	SERIF	0	2	R	31.990281772675086	-29.860662	0.0	4.7666335E-4
place.durban	CAPITAL	SERIF	0	3	B	32.33212884500574	-29.860662	0.0	4.7666335E-4
place.durban	CAPITAL	SERIF	0	4	A	32.61356535476464	-29.860662	0.0	4.7666335E-4
place.durban	CAPITAL	SERIF	0	5	N	32.945344	-29.860662	0.0	4.7666335E-4
place.pretoria	DEFAULT	ITALIC	0	0	P	28.502482999999998	-25.704975	0.0	4.965243E-4
place.pretoria	DEFAULT	ITALIC	0	1	r	29.001578400988215	-25.704975	0.0	4.965243E-4
place.pretoria	DEFAULT	ITALIC	0	2	e	29.335778324971493	-25.704975	0.0	4.965243E-4
place.pretoria	DEFAULT	ITALIC	0	3	t	29.63647007715697	-25.704975	0.0	4.965243E-4
place.pretoria	DEFAULT	ITALIC	0	4	o	29.893953923603192	-25.704975	0.0	4.965243E-4
place.pretoria	DEFAULT	ITALIC	0	5	r	30.229035641581145	-25.704975	0.0	4.965243E-4
place.pretoria	DEFAULT	ITALIC	0	6	i	30.563235565564423	-25.704975	0.0	4.965243E-4
place.pretoria	DEFAULT	ITALIC	0	7	a	30.822483	-25.704975	0.0	4.965243E-4
place.pretoria	CAPITAL	SERIF	0	0	P	28.557483	-25.704975	0.0	5.958292E-4
place.pretoria	CAPITAL	SERIF	0	1	r	29.134347864864864	-25.704975	0.0	5.958292E-4
place.pretoria	CAPITAL	SERIF	0	2	e	29.48339290990991	-25.704975	0.0	5.958292E-4
place.pretoria	CAPITAL	SERIF	0	3	t	29.890960477477478	-25.704975	0.0	5.958292E-4
place.pretoria	CAPITAL	SERIF	0	4	o	30.21910462162162	-25.704975	0.0	5.958292E-4
place.pretoria	CAPITAL	SERIF	0	5	r	30.73640191891892	-25.704975	0.0	5.958292E-4
place.pretoria	CAPITAL	SERIF	0	6	i	31.085446963963964	-25.704975	0.0	5.958292E-4
place.pretoria	CAPITAL	SERIF	0	7	a	31.341483	-25.704975	0.0	5.958292E-4
place.bloemfontein	DEFAULT	ITALIC	0	0	B	26.504913000000002	-29.119994	0.0	4.965243E-4
place.bloemfontein	DEFAULT	ITALIC	0	1	l	26.945010280566	-29.119994	0.0	4.965243E-4
place.bloemfontein	DEFAULT	ITALIC	0	2	o	27.165058920848995	-29.119994	0.0	4.965243E-4
place.bloemfontein	DEFAULT	ITALIC	0	3	e	27.457431240106125	-29.119994	0.0	4.965243E-4
place.bloemfontein	DEFAULT	ITALIC	0	4	m	27.719796926597393	-29.119994	0.0	4.965243E-4
place.bloemfontein	DEFAULT	ITALIC	0	5	f	28.326854189476013	-29.119994	0.0	4.965243E-4
place.bloemfontein	DEFAULT	ITALIC	0	6	o	28.573831859164272	-29.119994	0.0	4.965243E-4
place.bloemfontein	DEFAULT	ITALIC	0	7	n	28.866204178421402	-29.119994	0.0	4.965243E-4
place.bloemfontein	DEFAULT	ITALIC	0	8	t	29.27167842118063	-29.119994	0.0	4.965243E-4
place.bloemfontein	DEFAULT	ITALIC	0	9	e	29.49634346650453	-29.119994	0.0	4.965243E-4
place.bloemfontein	DEFAULT	ITALIC	0	10	i	29.7587091529958	-29.119994	0.0	4.965243E-4
place.bloemfontein	DEFAULT	ITALIC	0	11	n	29.984913	-29.119994	0.0	4.965243E-4
place.bloemfontein	CAPITAL	SERIF	0	0	B	26.559912999999998	-29.119994	0.0	5.958292E-4
place.bloemfontein	CAPITAL	SERIF	0	1	l	27.072739778242678	-29.119994	0.0	5.958292E-4
place.bloemfontein	CAPITAL	SERIF	0	2	o	27.28241341841004	-29.119994	0.0	5.958292E-4
place.bloemfontein	CAPITAL	SERIF	0	3	e	27.71486530125523	-29.119994	0.0	5.958292E-4
place.bloemfontein	CAPITAL	SERIF	0	4	m	28.055584966527196	-29.119994	0.0	5.958292E-4
place.bloemfontein	CAPITAL	SERIF	0	5	f	28.7352770167364	-29.119994	0.0	5.958292E-4
place.bloemfontein	CAPITAL	SERIF	0	6	o	29.013094589958158	-29.119994	0.0	5.958292E-4
place.bloemfontein	CAPITAL	SERIF	0	7	n	29.445546472803347	-29.119994	0.0	5.958292E-4
place.bloemfontein	CAPITAL	SERIF	0	8	t	29.906828481171548	-29.119994	0.0	5.958292E-4
place.bloemfontein	CAPITAL	SERIF	0	9	e	30.18115149372385	-29.119994	0.0	5.958292E-4
place.bloemfontein	CAPITAL	SERIF	0	10	i	30.521871158995815	-29.119994	0.0	5.958292E-4
place.bloemfontein	CAPITAL	SERIF	0	11	n	30.735913	-29.119994	0.0	5.958292E-4
place.lagos	DEFAULT	ITALIC	0	0	L	3.609585	6.445208	0.0	3.9721947E-4
place.lagos	DEFAULT	ITALIC	0	1	a	3.971425556447298	6.445208	0.0	3.9721947E-4
place.lagos	DEFAULT	ITALIC	0	2	g	4.276166059390048	6.445208	0.0	3.9721947E-4
place.lagos	DEFAULT	ITALIC	0	3	o	4.533736952915998	6.445208	0.0	3.9721947E-4
place.lagos	DEFAULT	ITALIC	0	4	s	4.769585	6.445208	0.0	3.9721947E-4
place.lagos	CAPITAL	SERIF	0	0	L	3.6535849999999996	6.445208	0.0	4.7666335E-4
place.lagos	CAPITAL	SERIF	0	1	A	3.947272861271676	6.445208	0.0	4.7666335E-4
place.lagos	CAPITAL	SERIF	0	2	G	4.295272861271676	6.445208	0.0	4.7666335E-4
place.lagos	CAPITAL	SERIF	0	3	O	4.6618797976878605	6.445208	0.0	4.7666335E-4
place.lagos	CAPITAL	SERIF	0	4	S	5.045584999999999	6.445208	0.0	4.7666335E-4
place.kano	DEFAULT	ITALIC	0	0	K	8.655591999999999	12.001923	0.0	2.4826216E-4
place.kano	DEFAULT	ITALIC	0	1	a	8.910032885264997	12.001923	0.0	2.4826216E-4
place.kano	DEFAULT	ITALIC	0	2	n	9.088760316831682	12.001923	0.0	2.4826216E-4
place.kano	DEFAULT	ITALIC	0	3	o	9.280591999999999	12.001923	0.0	2.4826216E-4
place.kano	CAPITAL	SERIF	0	0	K	8.683091999999998	12.001923	0.0	2.979146E-4
place.kano	CAPITAL	SERIF	0	1	A	8.919004240184757	12.001923	0.0	2.979146E-4
place.kano	CAPITAL	SERIF	0	2	N	9.158727103926095	12.001923	0.0	2.979146E-4
place.kano	CAPITAL	SERIF	0	3	O	9.433091999999998	12.001923	0.0	2.979146E-4
place.dakar	DEFAULT	ITALIC	0	0	D	-17.255076	14.717778	0.0	3.9721947E-4
place.dakar	DEFAULT	ITALIC	0	1	a	-16.856574401096392	14.717778	0.0	3.9721947E-4
place.dakar	DEFAULT	ITALIC	0	2	k	-16.596382532663316	14.717778	0.0	3.9721947E-4
place.dakar	DEFAULT	ITALIC	0	3	a	-16.355267868433074	14.717778	0.0	3.9721947E-4
place.dakar	DEFAULT	ITALIC	0	4	r	-16.095076000000002	14.717778	0.0	3.9721947E-4
place.dakar	CAPITAL	SERIF	0	0	D	-17.211076000000002	14.717778	0.0	4.7666335E-4
place.dakar	CAPITAL	SERIF	0	1	A	-16.838756737850304	14.717778	0.0	4.7666335E-4
place.dakar	CAPITAL	SERIF	0	2	K	-16.497052587442358	14.717778	0.0	4.7666335E-4
place.dakar	CAPITAL	SERIF	0	3	A	-16.16078015040795	14.717778	0.0	4.7666335E-4
place.dakar	CAPITAL	SERIF	0	4	R	-15.819076	14.717778	0.0	4.7666335E-4
place.freetown	DEFAULT	ITALIC	0	0	F	-13.016162000000001	8.471957	0.0	3.9721947E-4
place.freetown	DEFAULT	ITALIC	0	1	r	-12.686422383944155	8.471957	0.0	3.9721947E-4
place.freetown	DEFAULT	ITALIC	0	2	e	-12.44089917277487	8.471957	0.0	3.9721947E-4
place.freetown	DEFAULT	ITALIC	0	3	e	-12.219993064572426	8.471957	0.0	3.9721947E-4
place.freetown	DEFAULT	ITALIC	0	4	t	-11.999086956369982	8.471957	0.0	3.9721947E-4
place.freetown	DEFAULT	ITALIC	0	5	o	-11.809923954624782	8.471957	0.0	3.9721947E-4
place.freetown	DEFAULT	ITALIC	0	6	w	-11.56375292495637	8.471957	0.0	3.9721947E-4
place.freetown	DEFAULT	ITALIC	0	7	n	-11.160162	8.471957	0.0	3.9721947E-4
place.freetown	CAPITAL	SERIF	0	0	F	-12.972162	8.471957	0.0	4.7666335E-4
place.freetown	CAPITAL	SERIF	0	1	R	-12.729642561463208	8.471957	0.0	4.7666335E-4
place.freetown	CAPITAL	SERIF	0	2	E	-12.391915296469588	8.471957	0.0	4.7666335E-4
place.freetown	CAPITAL	SERIF	0	3	E	-12.124764977456403	8.471957	0.0	4.7666335E-4
place.freetown	CAPITAL	SERIF	0	4	T	-11.857614658443216	8.471957	0.0	4.7666335E-4
place.freetown	CAPITAL	SERIF	0	5	O	-11.54025523692046	8.471957	0.0	4.7666335E-4
place.freetown	CAPITAL	SERIF	0	6	W	-11.178844433007232	8.471957	0.0	4.7666335E-4
place.freetown	CAPITAL	SERIF	0	7	N	-10.744962000000001	8.471957	0.0	4.7666335E-4
place.accra	DEFAULT	ITALIC	0	0	A	0.0013380000000000614	5.55198	0.0	3.9721947E-4
place.accra	DEFAULT	ITALIC	0	1	c	0.46031575105231515	5.55198	0.0	3.9721947E-4
place.accra	DEFAULT	ITALIC	0	2	c	0.678644073361395	5.55198	0.0	3.9721947E-4
place.accra	DEFAULT	ITALIC	0	3	r	0.896972395670475	5.55198	0.0	3.9721947E-4
place.accra	DEFAULT	ITALIC	0	4	a	1.161338	5.55198	0.0	3.9721947E-4
place.accra	CAPITAL	SERIF	0	0	A	0.04533799999999999	5.55198	0.0	4.7666335E-4
place.accra	CAPITAL	SERIF	0	1	C	0.386316407079646	5.55198	0.0	4.7666335E-4
place.accra	CAPITAL	SERIF	0	2	C	0.7361641946902654	5.55198	0.0	4.7666335E-4
place.accra	CAPITAL	SERIF	0	3	R	1.0860119823008847	5.55198	0.0	4.7666335E-4
place.accra	CAPITAL	SERIF	0	4	A	1.437338	5.55198	0.0	4.7666335E-4
place.luanda	DEFAULT	ITALIC	0	0	L	13.507481	-8.83634	0.0	4.965243E-4
place.luanda	DEFAULT	ITALIC	0	1	u	13.893779552932216	-8.83634	0.0	4.965243E-4
place.luanda	DEFAULT	ITALIC	0	2	a	14.231045356435644	-8.83634	0.0	4.965243E-4
place.luanda	DEFAULT	ITALIC	0	3	n	14.556384274942879	-8.83634	0.0	4.965243E-4
place.luanda	DEFAULT	ITALIC	0	4	d	14.905576963442497	-8.83634	0.0	4.965243E-4
place.luanda	DEFAULT	ITALIC	0	5	a	15.247480999999999	-8.83634	0.0	4.965243E-4
place.luanda	CAPITAL	SERIF	0	0	L	13.562481	-8.83634	0.0	5.958292E-4
place.luanda	CAPITAL	SERIF	0	1	U	13.90500684269663	-8.83634	0.0	5.958292E-4
place.luanda	CAPITAL	SERIF	0	2	A	14.337856280898876	-8.83634	0.0	5.958292E-4
place.luanda	CAPITAL	SERIF	0	3	N	14.743725943820225	-8.83634	0.0	5.958292E-4
place.luanda	CAPITAL	SERIF	0	4	D	15.208247292134832	-8.83634	0.0	5.958292E-4
place.luanda	CAPITAL	SERIF	0	5	A	15.650481000000001	-8.83634	0.0	5.958292E-4
place.lobito	DEFAULT	ITALIC	0	0	L	13.67873	-12.370009	0.0	2.4826216E-4
place.lobito	DEFAULT	ITALIC	0	1	o	13.932588858858859	-12.370009	0.0	2.4826216E-4
place.lobito	DEFAULT	ITALIC	0	2	b	14.098054324324325	-12.370009	0.0	2.4826216E-4
place.lobito	DEFAULT	ITALIC	0	3	i	14.293564834834836	-12.370009	0.0	2.4826216E-4
place.lobito	DEFAULT	ITALIC	0	4	t	14.421582852852854	-12.370009	0.0	2.4826216E-4
place.lobito	DEFAULT	ITALIC	0	5	o	14.54873	-12.370009	0.0	2.4826216E-4
place.lobito	CAPITAL	SERIF	0	0	L	13.70623	-12.370009	0.0	2.979146E-4
place.lobito	CAPITAL	SERIF	0	1	O	13.913327826086956	-12.370009	0.0	2.979146E-4
place.lobito	CAPITAL	SERIF	0	2	B	14.183902554347826	-12.370009	0.0	2.979146E-4
place.lobito	CAPITAL	SERIF	0	3	I	14.392064239130434	-12.370009	0.0	2.979146E-4
place.lobito	CAPITAL	SERIF	0	4	T	14.512634891304348	-12.370009	0.0	2.979146E-4
place.lobito	CAPITAL	SERIF	0	5	O	14.75023	-12.370009	0.0	2.979146E-4
place.lourenco-marques	DEFAULT	ITALIC	0	0	L	32.807217	-25.953332	0.0	3.9721947E-4
place.lourenco-marques	DEFAULT	ITALIC	0	1	o	33.11673200882873	-25.953332	0.0	3.9721947E-4
place.lourenco-marques	DEFAULT	ITALIC	0	2	u	33.318474210123604	-25.953332	0.0	3.9721947E-4
place.lourenco-marques	DEFAULT	ITALIC	0	3	r	33.5887025797528	-25.953332	0.0	3.9721947E-4
place.lourenco-marques	DEFAULT	ITALIC	0	4	e	33.78991388051796	-25.953332	0.0	3.9721947E-4
place.lourenco-marques	DEFAULT	ITALIC	0	5	n	33.970950961153626	-25.953332	0.0	3.9721947E-4
place.lourenco-marques	DEFAULT	ITALIC	0	6	c	34.250735540317834	-25.953332	0.0	3.9721947E-4
place.lourenco-marques	DEFAULT	ITALIC	0	7	o	34.416907406121254	-25.953332	0.0	3.9721947E-4
place.lourenco-marques	DEFAULT	ITALIC	0	8	\s	34.61864960741613	-25.953332	0.0	3.9721947E-4
place.lourenco-marques	DEFAULT	ITALIC	0	9	M	34.724829713360805	-25.953332	0.0	3.9721947E-4
place.lourenco-marques	DEFAULT	ITALIC	0	10	a	35.25095213831666	-25.953332	0.0	3.9721947E-4
place.lourenco-marques	DEFAULT	ITALIC	0	11	r	35.51162429841084	-25.953332	0.0	3.9721947E-4
place.lourenco-marques	DEFAULT	ITALIC	0	12	q	35.71283559917599	-25.953332	0.0	3.9721947E-4
place.lourenco-marques	DEFAULT	ITALIC	0	13	u	35.96395154973514	-25.953332	0.0	3.9721947E-4
place.lourenco-marques	DEFAULT	ITALIC	0	14	e	36.23417991936434	-25.953332	0.0	3.9721947E-4
place.lourenco-marques	DEFAULT	ITALIC	0	15	s	36.415217000000005	-25.953332	0.0	3.9721947E-4
place.lourenco-marques	CAPITAL	SERIF	0	0	L	32.851217000000005	-25.953332	0.0	4.7666335E-4
place.lourenco-marques	CAPITAL	SERIF	0	1	O	33.09915643910571	-25.953332	0.0	4.7666335E-4
place.lourenco-marques	CAPITAL	SERIF	0	2	U	33.42309101451266	-25.953332	0.0	4.7666335E-4
place.lourenco-marques	CAPITAL	SERIF	0	3	R	33.73641174406747	-25.953332	0.0	4.7666335E-4
place.lourenco-marques	CAPITAL	SERIF	0	4	E	34.03911862777016	-25.953332	0.0	4.7666335E-4
place.lourenco-marques	CAPITAL	SERIF	0	5	N	34.27856699019416	-25.953332	0.0	4.7666335E-4
place.lourenco-marques	CAPITAL	SERIF	0	6	C	34.61481362678957	-25.953332	0.0	4.7666335E-4
place.lourenco-marques	CAPITAL	SERIF	0	7	O	34.916246848990006	-25.953332	0.0	4.7666335E-4
place.lourenco-marques	CAPITAL	SERIF	0	8	\s	35.240181424396944	-25.953332	0.0	4.7666335E-4
place.lourenco-marques	CAPITAL	SERIF	0	9	M	35.32509219121397	-25.953332	0.0	4.7666335E-4
place.lourenco-marques	CAPITAL	SERIF	0	10	A	35.70761519572466	-25.953332	0.0	4.7666335E-4
place.lourenco-marques	CAPITAL	SERIF	0	11	R	36.00140644891155	-25.953332	0.0	4.7666335E-4
place.lourenco-marques	CAPITAL	SERIF	0	12	Q	36.30411333261424	-25.953332	0.0	4.7666335E-4
place.lourenco-marques	CAPITAL	SERIF	0	13	U	36.62804790802119	-25.953332	0.0	4.7666335E-4
place.lourenco-marques	CAPITAL	SERIF	0	14	E	36.941368637576	-25.953332	0.0	4.7666335E-4
place.lourenco-marques	CAPITAL	SERIF	0	15	S	37.180817000000005	-25.953332	0.0	4.7666335E-4
place.beira	DEFAULT	ITALIC	0	0	B	35.007506	-19.820045	0.0	2.4826216E-4
place.beira	DEFAULT	ITALIC	0	1	e	35.268981409836066	-19.820045	0.0	2.4826216E-4
place.beira	DEFAULT	ITALIC	0	2	i	35.424860981084485	-19.820045	0.0	2.4826216E-4
place.beira	DEFAULT	ITALIC	0	3	r	35.55925568474148	-19.820045	0.0	2.4826216E-4
place.beira	DEFAULT	ITALIC	0	4	a	35.732505999999994	-19.820045	0.0	2.4826216E-4
place.beira	CAPITAL	SERIF	0	0	B	35.035005999999996	-19.820045	0.0	2.979146E-4
place.beira	CAPITAL	SERIF	0	1	E	35.26671652631579	-19.820045	0.0	2.979146E-4
place.beira	CAPITAL	SERIF	0	2	I	35.489348105263154	-19.820045	0.0	2.979146E-4
place.beira	CAPITAL	SERIF	0	3	R	35.623558631578945	-19.820045	0.0	2.979146E-4
place.beira	CAPITAL	SERIF	0	4	A	35.905006	-19.820045	0.0	2.979146E-4
place.zanzibar	DEFAULT	ITALIC	0	0	Z	39.42002600000001	-6.16	0.0	3.9721947E-4
place.zanzibar	DEFAULT	ITALIC	0	1	a	39.777815921068616	-6.16	0.0	3.9721947E-4
place.zanzibar	DEFAULT	ITALIC	0	2	n	40.054469230115366	-6.16	0.0	3.9721947E-4
place.zanzibar	DEFAULT	ITALIC	0	3	z	40.35140669216758	-6.16	0.0	3.9721947E-4
place.zanzibar	DEFAULT	ITALIC	0	4	i	40.58073031086825	-6.16	0.0	3.9721947E-4
place.zanzibar	DEFAULT	ITALIC	0	5	b	40.74638422707954	-6.16	0.0	3.9721947E-4
place.zanzibar	DEFAULT	ITALIC	0	6	a	40.99937269095325	-6.16	0.0	3.9721947E-4
place.zanzibar	DEFAULT	ITALIC	0	7	r	41.276026	-6.16	0.0	3.9721947E-4
place.zanzibar	CAPITAL	SERIF	0	0	Z	39.464026000000004	-6.16	0.0	4.7666335E-4
place.zanzibar	CAPITAL	SERIF	0	1	A	39.77569961336737	-6.16	0.0	4.7666335E-4
place.zanzibar	CAPITAL	SERIF	0	2	N	40.133374804827106	-6.16	0.0	4.7666335E-4
place.zanzibar	CAPITAL	SERIF	0	3	Z	40.54273716268276	-6.16	0.0	4.7666335E-4
place.zanzibar	CAPITAL	SERIF	0	4	I	40.85441077605013	-6.16	0.0	4.7666335E-4
place.zanzibar	CAPITAL	SERIF	0	5	B	41.03014714179624	-6.16	0.0	4.7666335E-4
place.zanzibar	CAPITAL	SERIF	0	6	A	41.33355080854027	-6.16	0.0	4.7666335E-4
place.zanzibar	CAPITAL	SERIF	0	7	R	41.691226	-6.16	0.0	4.7666335E-4
place.mombasa	DEFAULT	ITALIC	0	0	M	39.907972	-4.03808	0.0	3.9721947E-4
place.mombasa	DEFAULT	ITALIC	0	1	o	40.38468527014218	-4.03808	0.0	3.9721947E-4
place.mombasa	DEFAULT	ITALIC	0	2	m	40.56748147867299	-4.03808	0.0	3.9721947E-4
place.mombasa	DEFAULT	ITALIC	0	3	b	40.94702413270142	-4.03808	0.0	3.9721947E-4
place.mombasa	DEFAULT	ITALIC	0	4	a	41.163012284360185	-4.03808	0.0	3.9721947E-4
place.mombasa	DEFAULT	ITALIC	0	5	s	41.39920422748815	-4.03808	0.0	3.9721947E-4
place.mombasa	DEFAULT	ITALIC	0	6	a	41.531971999999996	-4.03808	0.0	3.9721947E-4
place.mombasa	CAPITAL	SERIF	0	0	M	39.951972	-4.03808	0.0	4.7666335E-4
place.mombasa	CAPITAL	SERIF	0	1	O	40.359460698073796	-4.03808	0.0	4.7666335E-4
place.mombasa	CAPITAL	SERIF	0	2	M	40.70453714272453	-4.03808	0.0	4.7666335E-4
place.mombasa	CAPITAL	SERIF	0	3	B	41.11202584079833	-4.03808	0.0	4.7666335E-4
place.mombasa	CAPITAL	SERIF	0	4	A	41.37750404919935	-4.03808	0.0	4.7666335E-4
place.mombasa	CAPITAL	SERIF	0	5	S	41.690469841726625	-4.03808	0.0	4.7666335E-4
place.mombasa	CAPITAL	SERIF	0	6	A	41.900772	-4.03808	0.0	4.7666335E-4
place.dar-es-salaam	DEFAULT	ITALIC	0	0	D	39.486396	-6.798067	0.0	3.9721947E-4
place.dar-es-salaam	DEFAULT	ITALIC	0	1	a	39.920438343268245	-6.798067	0.0	3.9721947E-4
place.dar-es-salaam	DEFAULT	ITALIC	0	2	r	40.203835671120245	-6.798067	0.0	3.9721947E-4
place.dar-es-salaam	DEFAULT	ITALIC	0	3	\s	40.422588394655705	-6.798067	0.0	3.9721947E-4
place.dar-es-salaam	DEFAULT	ITALIC	0	4	e	40.53802518807811	-6.798067	0.0	3.9721947E-4
place.dar-es-salaam	DEFAULT	ITALIC	0	5	s	40.73484492086331	-6.798067	0.0	3.9721947E-4
place.dar-es-salaam	DEFAULT	ITALIC	0	6	\s	40.89414769578623	-6.798067	0.0	3.9721947E-4
place.dar-es-salaam	DEFAULT	ITALIC	0	7	S	41.009584489208635	-6.798067	0.0	3.9721947E-4
place.dar-es-salaam	DEFAULT	ITALIC	0	8	a	41.27912940184995	-6.798067	0.0	3.9721947E-4
place.dar-es-salaam	DEFAULT	ITALIC	0	9	l	41.56252672970196	-6.798067	0.0	3.9721947E-4
place.dar-es-salaam	DEFAULT	ITALIC	0	10	a	41.727601344296	-6.798067	0.0	3.9721947E-4
place.dar-es-salaam	DEFAULT	ITALIC	0	11	a	42.010998672148	-6.798067	0.0	3.9721947E-4
place.dar-es-salaam	DEFAULT	ITALIC	0	12	m	42.294396000000006	-6.798067	0.0	3.9721947E-4
place.dar-es-salaam	CAPITAL	SERIF	0	0	D	39.530395999999996	-6.798067	0.0	4.7666335E-4
place.dar-es-salaam	CAPITAL	SERIF	0	1	A	39.90886738388202	-6.798067	0.0	4.7666335E-4
place.dar-es-salaam	CAPITAL	SERIF	0	2	R	40.25621777863846	-6.798067	0.0	4.7666335E-4
place.dar-es-salaam	CAPITAL	SERIF	0	3	\s	40.614109153582596	-6.798067	0.0	4.7666335E-4
place.dar-es-salaam	CAPITAL	SERIF	0	4	E	40.71449944108446	-6.798067	0.0	4.7666335E-4
place.dar-es-salaam	CAPITAL	SERIF	0	5	S	40.99760005183971	-6.798067	0.0	4.7666335E-4
place.dar-es-salaam	CAPITAL	SERIF	0	6	\s	41.23100747028154	-6.798067	0.0	4.7666335E-4
place.dar-es-salaam	CAPITAL	SERIF	0	7	S	41.33139775778341	-6.798067	0.0	4.7666335E-4
place.dar-es-salaam	CAPITAL	SERIF	0	8	A	41.564805176225235	-6.798067	0.0	4.7666335E-4
place.dar-es-salaam	CAPITAL	SERIF	0	9	L	41.912155570981675	-6.798067	0.0	4.7666335E-4
place.dar-es-salaam	CAPITAL	SERIF	0	10	A	42.205295210487115	-6.798067	0.0	4.7666335E-4
place.dar-es-salaam	CAPITAL	SERIF	0	11	A	42.552645605243555	-6.798067	0.0	4.7666335E-4
place.dar-es-salaam	CAPITAL	SERIF	0	12	M	42.899996	-6.798067	0.0	4.7666335E-4
place.addis-ababa	DEFAULT	ITALIC	0	0	A	38.973059	9.035256	0.0	4.965243E-4
place.addis-ababa	DEFAULT	ITALIC	0	1	d	39.41980406323497	9.035256	0.0	4.965243E-4
place.addis-ababa	DEFAULT	ITALIC	0	2	d	39.770139097625915	9.035256	0.0	4.965243E-4
place.addis-ababa	DEFAULT	ITALIC	0	3	i	40.12047413201687	9.035256	0.0	4.965243E-4
place.addis-ababa	DEFAULT	ITALIC	0	4	s	40.32008362835589	9.035256	0.0	4.965243E-4
place.addis-ababa	DEFAULT	ITALIC	0	5	\s	40.507472135123145	9.035256	0.0	4.965243E-4
place.addis-ababa	DEFAULT	ITALIC	0	6	A	40.64326090814289	9.035256	0.0	4.965243E-4
place.addis-ababa	DEFAULT	ITALIC	0	7	b	41.090005971377856	9.035256	0.0	4.965243E-4
place.addis-ababa	DEFAULT	ITALIC	0	8	a	41.39485176680719	9.035256	0.0	4.965243E-4
place.addis-ababa	DEFAULT	ITALIC	0	9	b	41.72821320457067	9.035256	0.0	4.965243E-4
place.addis-ababa	DEFAULT	ITALIC	0	10	a	42.033059	9.035256	0.0	4.965243E-4
place.addis-ababa	CAPITAL	SERIF	0	0	A	39.028059	9.035256	0.0	5.958292E-4
place.addis-ababa	CAPITAL	SERIF	0	1	d	39.58129740627041	9.035256	0.0	5.958292E-4
place.addis-ababa	CAPITAL	SERIF	0	2	d	39.985833003919005	9.035256	0.0	5.958292E-4
place.addis-ababa	CAPITAL	SERIF	0	3	i	40.3903686015676	9.035256	0.0	5.958292E-4
place.addis-ababa	CAPITAL	SERIF	0	4	s	40.58624058066623	9.035256	0.0	5.958292E-4
place.addis-ababa	CAPITAL	SERIF	0	5	\s	40.84447180209013	9.035256	0.0	5.958292E-4
place.addis-ababa	CAPITAL	SERIF	0	6	A	41.00436729523187	9.035256	0.0	5.958292E-4
place.addis-ababa	CAPITAL	SERIF	0	7	b	41.55760570150228	9.035256	0.0	5.958292E-4
place.addis-ababa	CAPITAL	SERIF	0	8	a	41.96933659634226	9.035256	0.0	5.958292E-4
place.addis-ababa	CAPITAL	SERIF	0	9	b	42.28832810516002	9.035256	0.0	5.958292E-4
place.addis-ababa	CAPITAL	SERIF	0	10	a	42.700058999999996	9.035256	0.0	5.958292E-4
place.monrovia	DEFAULT	ITALIC	0	0	M	-10.524659999999999	6.314582	0.0	4.965243E-4
place.monrovia	DEFAULT	ITALIC	0	1	o	-9.84060168402261	6.314582	0.0	4.965243E-4
place.monrovia	DEFAULT	ITALIC	0	2	n	-9.57829879797679	6.314582	0.0	4.965243E-4
place.monrovia	DEFAULT	ITALIC	0	3	r	-9.214526111276404	6.314582	0.0	4.965243E-4
place.monrovia	DEFAULT	ITALIC	0	4	o	-8.952913495983337	6.314582	0.0	4.965243E-4
place.monrovia	DEFAULT	ITALIC	0	5	v	-8.690610609937517	6.314582	0.0	4.965243E-4
place.monrovia	DEFAULT	ITALIC	0	6	i	-8.407599601309133	6.314582	0.0	4.965243E-4
place.monrovia	DEFAULT	ITALIC	0	7	a	-8.204659999999999	6.314582	0.0	4.965243E-4
place.monrovia	CAPITAL	SERIF	0	0	M	-10.46966	6.314582	0.0	5.958292E-4
place.monrovia	CAPITAL	SERIF	0	1	o	-9.739629732246797	6.314582	0.0	5.958292E-4
place.monrovia	CAPITAL	SERIF	0	2	n	-9.33855871944121	6.314582	0.0	5.958292E-4
place.monrovia	CAPITAL	SERIF	0	3	r	-8.91074963911525	6.314582	0.0	5.958292E-4
place.monrovia	CAPITAL	SERIF	0	4	o	-8.640127986030269	6.314582	0.0	5.958292E-4
place.monrovia	CAPITAL	SERIF	0	5	v	-8.239056973224681	6.314582	0.0	5.958292E-4
place.monrovia	CAPITAL	SERIF	0	6	i	-7.884169895227008	6.314582	0.0	5.958292E-4
place.monrovia	CAPITAL	SERIF	0	7	a	-7.68566	6.314582	0.0	5.958292E-4
place.tunis	DEFAULT	ITALIC	0	0	T	10.454678	36.802778	0.0	4.965243E-4
place.tunis	DEFAULT	ITALIC	0	1	u	10.916716934426228	36.802778	0.0	4.965243E-4
place.tunis	DEFAULT	ITALIC	0	2	n	11.29481631967213	36.802778	0.0	4.965243E-4
place.tunis	DEFAULT	ITALIC	0	3	i	11.686286606557376	36.802778	0.0	4.965243E-4
place.tunis	DEFAULT	ITALIC	0	4	s	11.904677999999999	36.802778	0.0	4.965243E-4
place.tunis	CAPITAL	SERIF	0	0	T	10.509678	36.802778	0.0	5.958292E-4
place.tunis	CAPITAL	SERIF	0	1	U	10.968654377952754	36.802778	0.0	5.958292E-4
place.tunis	CAPITAL	SERIF	0	2	N	11.474213433070865	36.802778	0.0	5.958292E-4
place.tunis	CAPITAL	SERIF	0	3	I	12.016764614173226	36.802778	0.0	5.958292E-4
place.tunis	CAPITAL	SERIF	0	4	S	12.249677999999998	36.802778	0.0	5.958292E-4
place.algiers	DEFAULT	ITALIC	0	0	A	3.323607	36.765011	0.0	4.965243E-4
place.algiers	DEFAULT	ITALIC	0	1	l	3.8864978554572267	36.765011	0.0	4.965243E-4
place.algiers	DEFAULT	ITALIC	0	2	g	4.131158622418878	36.765011	0.0	4.965243E-4
place.algiers	DEFAULT	ITALIC	0	3	i	4.486173371681415	36.765011	0.0	4.965243E-4
place.algiers	DEFAULT	ITALIC	0	4	e	4.737677796460177	36.765011	0.0	4.965243E-4
place.algiers	DEFAULT	ITALIC	0	5	r	5.0293887109144535	36.765011	0.0	4.965243E-4
place.algiers	DEFAULT	ITALIC	0	6	s	5.353606999999999	36.765011	0.0	4.965243E-4
place.algiers	CAPITAL	SERIF	0	0	A	3.3786069999999997	36.765011	0.0	5.958292E-4
place.algiers	CAPITAL	SERIF	0	1	L	3.8440161662065155	36.765011	0.0	5.958292E-4
place.algiers	CAPITAL	SERIF	0	2	G	4.236789219768084	36.765011	0.0	5.958292E-4
place.algiers	CAPITAL	SERIF	0	3	I	4.727082980121479	36.765011	0.0	5.958292E-4
place.algiers	CAPITAL	SERIF	0	4	E	4.955752223633351	36.765011	0.0	5.958292E-4
place.algiers	CAPITAL	SERIF	0	5	R	5.335074145223633	36.765011	0.0	5.958292E-4
place.algiers	CAPITAL	SERIF	0	6	S	5.814607	36.765011	0.0	5.958292E-4
place.oran	DEFAULT	ITALIC	0	0	O	-0.401919	35.711948	0.0	3.9721947E-4
place.oran	DEFAULT	ITALIC	0	1	r	0.04181501534526849	35.711948	0.0	3.9721947E-4
place.oran	DEFAULT	ITALIC	0	2	a	0.2841423810741688	35.711948	0.0	3.9721947E-4
place.oran	DEFAULT	ITALIC	0	3	n	0.598081	35.711948	0.0	3.9721947E-4
place.oran	CAPITAL	SERIF	0	0	O	-0.357919	35.711948	0.0	4.7666335E-4
place.oran	CAPITAL	SERIF	0	1	R	0.06440572324723254	35.711948	0.0	4.7666335E-4
place.oran	CAPITAL	SERIF	0	2	A	0.45905516974169747	35.711948	0.0	4.7666335E-4
place.oran	CAPITAL	SERIF	0	3	N	0.842081	35.711948	0.0	4.7666335E-4
place.fez	DEFAULT	ITALIC	0	0	F	-4.727322999999999	34.056545	0.0	4.965243E-4
place.fez	DEFAULT	ITALIC	0	1	e	-3.9787935882352934	34.056545	0.0	4.965243E-4
place.fez	DEFAULT	ITALIC	0	2	z	-3.4773229999999993	34.056545	0.0	4.965243E-4
place.fez	CAPITAL	SERIF	0	0	F	-4.672323	34.056545	0.0	5.958292E-4
place.fez	CAPITAL	SERIF	0	1	E	-3.958568353159851	34.056545	0.0	5.958292E-4
place.fez	CAPITAL	SERIF	0	2	Z	-3.1723229999999996	34.056545	0.0	5.958292E-4
place.casablanca	DEFAULT	ITALIC	0	0	C	-7.398313	33.601922	0.0	3.9721947E-4
place.casablanca	DEFAULT	ITALIC	0	1	a	-7.02816887863464	33.601922	0.0	3.9721947E-4
place.casablanca	DEFAULT	ITALIC	0	2	s	-6.740148651074589	33.601922	0.0	3.9721947E-4
place.casablanca	DEFAULT	ITALIC	0	3	a	-6.578247260429835	33.601922	0.0	3.9721947E-4
place.casablanca	DEFAULT	ITALIC	0	4	b	-6.290227032869785	33.601922	0.0	3.9721947E-4
place.casablanca	DEFAULT	ITALIC	0	5	l	-6.026843973451327	33.601922	0.0	3.9721947E-4
place.casablanca	DEFAULT	ITALIC	0	6	a	-5.859076590391909	33.601922	0.0	3.9721947E-4
place.casablanca	DEFAULT	ITALIC	0	7	n	-5.5710563628318575	33.601922	0.0	3.9721947E-4
place.casablanca	DEFAULT	ITALIC	0	8	c	-5.261918562579013	33.601922	0.0	3.9721947E-4
place.casablanca	DEFAULT	ITALIC	0	9	a	-5.078313	33.601922	0.0	3.9721947E-4
place.casablanca	CAPITAL	SERIF	0	0	C	-7.354312999999999	33.601922	0.0	4.7666335E-4
place.casablanca	CAPITAL	SERIF	0	1	A	-7.020646558406481	33.601922	0.0	4.7666335E-4
place.casablanca	CAPITAL	SERIF	0	2	S	-6.695439266036462	33.601922	0.0	4.7666335E-4
place.casablanca	CAPITAL	SERIF	0	3	A	-6.47691124442944	33.601922	0.0	4.7666335E-4
place.casablanca	CAPITAL	SERIF	0	4	B	-6.151703952059419	33.601922	0.0	4.7666335E-4
place.casablanca	CAPITAL	SERIF	0	5	L	-5.875841696826469	33.601922	0.0	4.7666335E-4
place.casablanca	CAPITAL	SERIF	0	6	A	-5.601389299797434	33.601922	0.0	4.7666335E-4
place.casablanca	CAPITAL	SERIF	0	7	N	-5.276182007427414	33.601922	0.0	4.7666335E-4
place.casablanca	CAPITAL	SERIF	0	8	C	-4.903979441593519	33.601922	0.0	4.7666335E-4
place.casablanca	CAPITAL	SERIF	0	9	A	-4.5703130000000005	33.601922	0.0	4.7666335E-4
place.mogadishu	DEFAULT	ITALIC	0	0	M	45.584732	2.068627	0.0	3.9721947E-4
place.mogadishu	DEFAULT	ITALIC	0	1	o	46.12204906050377	2.068627	0.0	3.9721947E-4
place.mogadishu	DEFAULT	ITALIC	0	2	g	46.328083856660605	2.068627	0.0	3.9721947E-4
place.mogadishu	DEFAULT	ITALIC	0	3	a	46.55309554193716	2.068627	0.0	3.9721947E-4
place.mogadishu	DEFAULT	ITALIC	0	4	d	46.81931418644508	2.068627	0.0	3.9721947E-4
place.mogadishu	DEFAULT	ITALIC	0	5	i	47.09908775175279	2.068627	0.0	3.9721947E-4
place.mogadishu	DEFAULT	ITALIC	0	6	s	47.258493620358344	2.068627	0.0	3.9721947E-4
place.mogadishu	DEFAULT	ITALIC	0	7	h	47.408139945988054	2.068627	0.0	3.9721947E-4
place.mogadishu	DEFAULT	ITALIC	0	8	u	47.672731999999996	2.068627	0.0	3.9721947E-4
place.mogadishu	CAPITAL	SERIF	0	0	M	45.62873199999999	2.068627	0.0	4.7666335E-4
place.mogadishu	CAPITAL	SERIF	0	1	O	46.04265675247524	2.068627	0.0	4.7666335E-4
place.mogadishu	CAPITAL	SERIF	0	2	G	46.393183485148505	2.068627	0.0	4.7666335E-4
place.mogadishu	CAPITAL	SERIF	0	3	A	46.72809041584158	2.068627	0.0	4.7666335E-4
place.mogadishu	CAPITAL	SERIF	0	4	D	47.04599932673267	2.068627	0.0	4.7666335E-4
place.mogadishu	CAPITAL	SERIF	0	5	I	47.392391405940586	2.068627	0.0	4.7666335E-4
place.mogadishu	CAPITAL	SERIF	0	6	S	47.54858942574257	2.068627	0.0	4.7666335E-4
place.mogadishu	CAPITAL	SERIF	0	7	H	47.76221318811881	2.068627	0.0	4.7666335E-4
place.mogadishu	CAPITAL	SERIF	0	8	U	48.13433199999999	2.068627	0.0	4.7666335E-4
place.djibouti	DEFAULT	ITALIC	0	0	D	43.368002000000004	11.595014	0.0	3.9721947E-4
place.djibouti	DEFAULT	ITALIC	0	1	j	43.84354271550256	11.595014	0.0	3.9721947E-4
place.djibouti	DEFAULT	ITALIC	0	2	i	44.00732602044293	11.595014	0.0	3.9721947E-4
place.djibouti	DEFAULT	ITALIC	0	3	b	44.1932422044293	11.595014	0.0	3.9721947E-4
place.djibouti	DEFAULT	ITALIC	0	4	o	44.477175424190804	11.595014	0.0	3.9721947E-4
place.djibouti	DEFAULT	ITALIC	0	5	u	44.71747525383305	11.595014	0.0	3.9721947E-4
place.djibouti	DEFAULT	ITALIC	0	6	t	45.03935055195911	11.595014	0.0	3.9721947E-4
place.djibouti	DEFAULT	ITALIC	0	7	i	45.224002	11.595014	0.0	3.9721947E-4
place.djibouti	CAPITAL	SERIF	0	0	D	43.412002	11.595014	0.0	4.7666335E-4
place.djibouti	CAPITAL	SERIF	0	1	J	43.812600473282444	11.595014	0.0	4.7666335E-4
place.djibouti	CAPITAL	SERIF	0	2	I	43.99324169465649	11.595014	0.0	4.7666335E-4
place.djibouti	CAPITAL	SERIF	0	3	B	44.173882916030536	11.595014	0.0	4.7666335E-4
place.djibouti	CAPITAL	SERIF	0	4	O	44.48575467175572	11.595014	0.0	4.7666335E-4
place.djibouti	CAPITAL	SERIF	0	5	U	44.89113482442748	11.595014	0.0	4.7666335E-4
place.djibouti	CAPITAL	SERIF	0	6	T	45.28323253435114	11.595014	0.0	4.7666335E-4
place.djibouti	CAPITAL	SERIF	0	7	I	45.639202	11.595014	0.0	4.7666335E-4
place.tananarive	DEFAULT	ITALIC	0	0	T	47.789678	-18.914691	0.0	4.965243E-4
place.tananarive	DEFAULT	ITALIC	0	1	a	48.21590673345936	-18.914691	0.0	4.965243E-4
place.tananarive	DEFAULT	ITALIC	0	2	n	48.55236703591683	-18.914691	0.0	4.965243E-4
place.tananarive	DEFAULT	ITALIC	0	3	a	48.913496525519854	-18.914691	0.0	4.965243E-4
place.tananarive	DEFAULT	ITALIC	0	4	n	49.24995682797732	-18.914691	0.0	4.965243E-4
place.tananarive	DEFAULT	ITALIC	0	5	a	49.611086317580344	-18.914691	0.0	4.965243E-4
place.tananarive	DEFAULT	ITALIC	0	6	r	49.94754662003781	-18.914691	0.0	4.965243E-4
place.tananarive	DEFAULT	ITALIC	0	7	i	50.20725834026466	-18.914691	0.0	4.965243E-4
place.tananarive	DEFAULT	ITALIC	0	8	v	50.408723368620045	-18.914691	0.0	4.965243E-4
place.tananarive	DEFAULT	ITALIC	0	9	e	50.68967800000001	-18.914691	0.0	4.965243E-4
place.tananarive	CAPITAL	SERIF	0	0	T	47.844678	-18.914691	0.0	5.958292E-4
place.tananarive	CAPITAL	SERIF	0	1	A	48.22974818992569	-18.914691	0.0	5.958292E-4
place.tananarive	CAPITAL	SERIF	0	2	N	48.62746247563997	-18.914691	0.0	5.958292E-4
place.tananarive	CAPITAL	SERIF	0	3	A	49.08264992402973	-18.914691	0.0	5.958292E-4
place.tananarive	CAPITAL	SERIF	0	4	N	49.48036420974402	-18.914691	0.0	5.958292E-4
place.tananarive	CAPITAL	SERIF	0	5	A	49.935551658133775	-18.914691	0.0	5.958292E-4
place.tananarive	CAPITAL	SERIF	0	6	R	50.33326594384806	-18.914691	0.0	5.958292E-4
place.tananarive	CAPITAL	SERIF	0	7	I	50.7430495937242	-18.914691	0.0	5.958292E-4
place.tananarive	CAPITAL	SERIF	0	8	V	50.938458346820816	-18.914691	0.0	5.958292E-4
place.tananarive	CAPITAL	SERIF	0	9	E	51.324678000000006	-18.914691	0.0	5.958292E-4
place.leopoldville	DEFAULT	ITALIC	0	0	L	15.450526000000002	-4.327778	0.0	2.4826216E-4
place.leopoldville	DEFAULT	ITALIC	0	1	e	15.691997078314689	-4.327778	0.0	2.4826216E-4
place.leopoldville	DEFAULT	ITALIC	0	2	o	15.833234878838374	-4.327778	0.0	2.4826216E-4
place.leopoldville	DEFAULT	ITALIC	0	3	p	15.990625976196146	-4.327778	0.0	2.4826216E-4
place.leopoldville	DEFAULT	ITALIC	0	4	o	16.172454112354202	-4.327778	0.0	2.4826216E-4
place.leopoldville	DEFAULT	ITALIC	0	5	l	16.329845209711976	-4.327778	0.0	2.4826216E-4
place.leopoldville	DEFAULT	ITALIC	0	6	d	16.448302719828614	-4.327778	0.0	2.4826216E-4
place.leopoldville	DEFAULT	ITALIC	0	7	v	16.662023262556538	-4.327778	0.0	2.4826216E-4
place.leopoldville	DEFAULT	ITALIC	0	8	i	16.831839972863605	-4.327778	0.0	2.4826216E-4
place.leopoldville	DEFAULT	ITALIC	0	9	l	16.953610979766722	-4.327778	0.0	2.4826216E-4
place.leopoldville	DEFAULT	ITALIC	0	10	l	17.072068489883364	-4.327778	0.0	2.4826216E-4
place.leopoldville	DEFAULT	ITALIC	0	11	e	17.190526000000002	-4.327778	0.0	2.4826216E-4
place.leopoldville	CAPITAL	SERIF	0	0	L	15.478026	-4.327778	0.0	2.979146E-4
place.leopoldville	CAPITAL	SERIF	0	1	E	15.658837387900356	-4.327778	0.0	2.979146E-4
place.leopoldville	CAPITAL	SERIF	0	2	O	15.833456604982207	-4.327778	0.0	2.979146E-4
place.leopoldville	CAPITAL	SERIF	0	3	P	16.069687921708184	-4.327778	0.0	2.979146E-4
place.leopoldville	CAPITAL	SERIF	0	4	O	16.240591836298933	-4.327778	0.0	2.979146E-4
place.leopoldville	CAPITAL	SERIF	0	5	L	16.47682315302491	-4.327778	0.0	2.979146E-4
place.leopoldville	CAPITAL	SERIF	0	6	D	16.65763454092527	-4.327778	0.0	2.979146E-4
place.leopoldville	CAPITAL	SERIF	0	7	V	16.89107938078292	-4.327778	0.0	2.979146E-4
place.leopoldville	CAPITAL	SERIF	0	8	I	17.0991363202847	-4.327778	0.0	2.979146E-4
place.leopoldville	CAPITAL	SERIF	0	9	L	17.20440322419929	-4.327778	0.0	2.979146E-4
place.leopoldville	CAPITAL	SERIF	0	10	L	17.385214612099645	-4.327778	0.0	2.979146E-4
place.leopoldville	CAPITAL	SERIF	0	11	E	17.566026	-4.327778	0.0	2.979146E-4
place.tehran	DEFAULT	ITALIC	0	0	T	51.69739800000001	35.673889	0.0	4.965243E-4
place.tehran	DEFAULT	ITALIC	0	1	e	52.16369700904783	35.673889	0.0	4.965243E-4
place.tehran	DEFAULT	ITALIC	0	2	h	52.41933681947437	35.673889	0.0	4.965243E-4
place.tehran	DEFAULT	ITALIC	0	3	r	52.785179128823785	35.673889	0.0	4.965243E-4
place.tehran	DEFAULT	ITALIC	0	4	a	53.06930666006032	35.673889	0.0	4.965243E-4
place.tehran	DEFAULT	ITALIC	0	5	n	53.437398	35.673889	0.0	4.965243E-4
place.tehran	CAPITAL	SERIF	0	0	T	51.75239800000001	35.673889	0.0	5.958292E-4
place.tehran	CAPITAL	SERIF	0	1	E	52.158011221223546	35.673889	0.0	5.958292E-4
place.tehran	CAPITAL	SERIF	0	2	H	52.49945279849232	35.673889	0.0	5.958292E-4
place.tehran	CAPITAL	SERIF	0	3	R	52.98982102116556	35.673889	0.0	5.958292E-4
place.tehran	CAPITAL	SERIF	0	4	A	53.4214661356915	35.673889	0.0	5.958292E-4
place.tehran	CAPITAL	SERIF	0	5	N	53.840398	35.673889	0.0	5.958292E-4
place.tabriz	DEFAULT	ITALIC	0	0	T	46.5193	38.088237	0.0	3.9721947E-4
place.tabriz	DEFAULT	ITALIC	0	1	a	46.9066932885906	38.088237	0.0	3.9721947E-4
place.tabriz	DEFAULT	ITALIC	0	2	b	47.21249731543624	38.088237	0.0	3.9721947E-4
place.tabriz	DEFAULT	ITALIC	0	3	r	47.492142953020135	38.088237	0.0	3.9721947E-4
place.tabriz	DEFAULT	ITALIC	0	4	i	47.72819127516778	38.088237	0.0	3.9721947E-4
place.tabriz	DEFAULT	ITALIC	0	5	z	47.9113	38.088237	0.0	3.9721947E-4
place.tabriz	CAPITAL	SERIF	0	0	T	46.563300000000005	38.088237	0.0	4.7666335E-4
place.tabriz	CAPITAL	SERIF	0	1	A	46.93610746169221	38.088237	0.0	4.7666335E-4
place.tabriz	CAPITAL	SERIF	0	2	B	47.32115636242506	38.088237	0.0	4.7666335E-4
place.tabriz	CAPITAL	SERIF	0	3	R	47.64778021319121	38.088237	0.0	4.7666335E-4
place.tabriz	CAPITAL	SERIF	0	4	I	48.044514123917395	38.088237	0.0	4.7666335E-4
place.tabriz	CAPITAL	SERIF	0	5	Z	48.233700000000006	38.088237	0.0	4.7666335E-4
place.isfahan	DEFAULT	ITALIC	0	0	I	51.835592000000005	32.701951	0.0	2.4826216E-4
place.isfahan	DEFAULT	ITALIC	0	1	s	51.986860011527384	32.701951	0.0	2.4826216E-4
place.isfahan	DEFAULT	ITALIC	0	2	f	52.102191423631126	32.701951	0.0	2.4826216E-4
place.isfahan	DEFAULT	ITALIC	0	3	a	52.23632687031701	32.701951	0.0	2.4826216E-4
place.isfahan	DEFAULT	ITALIC	0	4	h	52.44149978097983	32.701951	0.0	2.4826216E-4
place.isfahan	DEFAULT	ITALIC	0	5	a	52.64541908933718	32.701951	0.0	2.4826216E-4
place.isfahan	DEFAULT	ITALIC	0	6	n	52.850592000000006	32.701951	0.0	2.4826216E-4
place.isfahan	CAPITAL	SERIF	0	0	I	51.863092	32.701951	0.0	2.979146E-4
place.isfahan	CAPITAL	SERIF	0	1	S	51.98104130219311	32.701951	0.0	2.979146E-4
place.isfahan	CAPITAL	SERIF	0	2	F	52.1423543184278	32.701951	0.0	2.979146E-4
place.isfahan	CAPITAL	SERIF	0	3	A	52.31997209114213	32.701951	0.0	2.979146E-4
place.isfahan	CAPITAL	SERIF	0	4	H	52.56003361207634	32.701951	0.0	2.979146E-4
place.isfahan	CAPITAL	SERIF	0	5	A	52.8410304790658	32.701951	0.0	2.979146E-4
place.isfahan	CAPITAL	SERIF	0	6	N	53.081092000000005	32.701951	0.0	2.979146E-4
place.baghdad	DEFAULT	ITALIC	0	0	B	44.611923000000004	33.340594	0.0	3.9721947E-4
place.baghdad	DEFAULT	ITALIC	0	1	a	44.92437775950219	33.340594	0.0	3.9721947E-4
place.baghdad	DEFAULT	ITALIC	0	2	g	45.192586303060885	33.340594	0.0	3.9721947E-4
place.baghdad	DEFAULT	ITALIC	0	3	h	45.41927987857383	33.340594	0.0	3.9721947E-4
place.baghdad	DEFAULT	ITALIC	0	4	d	45.68584967339388	33.340594	0.0	3.9721947E-4
place.baghdad	DEFAULT	ITALIC	0	5	a	45.96771445644131	33.340594	0.0	3.9721947E-4
place.baghdad	DEFAULT	ITALIC	0	6	d	46.235923	33.340594	0.0	3.9721947E-4
place.baghdad	CAPITAL	SERIF	0	0	B	44.655922999999994	33.340594	0.0	4.7666335E-4
place.baghdad	CAPITAL	SERIF	0	1	A	44.92420292495309	33.340594	0.0	4.7666335E-4
place.baghdad	CAPITAL	SERIF	0	2	G	45.24047159287054	33.340594	0.0	4.7666335E-4
place.baghdad	CAPITAL	SERIF	0	3	H	45.57365057973733	33.340594	0.0	4.7666335E-4
place.baghdad	CAPITAL	SERIF	0	4	D	45.94384945403377	33.340594	0.0	4.7666335E-4
place.baghdad	CAPITAL	SERIF	0	5	A	46.28845433208255	33.340594	0.0	4.7666335E-4
place.baghdad	CAPITAL	SERIF	0	6	D	46.604723	33.340594	0.0	4.7666335E-4
place.basra	DEFAULT	ITALIC	0	0	B	48.031611	30.51547	0.0	3.9721947E-4
place.basra	DEFAULT	ITALIC	0	1	a	48.41782753084982	30.51547	0.0	3.9721947E-4
place.basra	DEFAULT	ITALIC	0	2	s	48.74935255995343	30.51547	0.0	3.9721947E-4
place.basra	DEFAULT	ITALIC	0	3	r	48.93570878812572	30.51547	0.0	3.9721947E-4
place.basra	DEFAULT	ITALIC	0	4	a	49.191610999999995	30.51547	0.0	3.9721947E-4
place.basra	CAPITAL	SERIF	0	0	B	48.075611	30.51547	0.0	4.7666335E-4
place.basra	CAPITAL	SERIF	0	1	A	48.40817266056166	30.51547	0.0	4.7666335E-4
place.basra	CAPITAL	SERIF	0	2	S	48.8002215006105	30.51547	0.0	4.7666335E-4
place.basra	CAPITAL	SERIF	0	3	R	49.06366472405372	30.51547	0.0	4.7666335E-4
place.basra	CAPITAL	SERIF	0	4	A	49.467611	30.51547	0.0	4.7666335E-4
place.beirut	DEFAULT	ITALIC	0	0	B	35.727762	33.873921	0.0	3.9721947E-4
place.beirut	DEFAULT	ITALIC	0	1	e	36.10782118854415	33.873921	0.0	3.9721947E-4
place.beirut	DEFAULT	ITALIC	0	2	i	36.33439493556086	33.873921	0.0	3.9721947E-4
place.beirut	DEFAULT	ITALIC	0	3	r	36.529740042959425	33.873921	0.0	3.9721947E-4
place.beirut	DEFAULT	ITALIC	0	4	u	36.781562477326965	33.873921	0.0	3.9721947E-4
place.beirut	DEFAULT	ITALIC	0	5	t	37.119761999999994	33.873921	0.0	3.9721947E-4
place.beirut	CAPITAL	SERIF	0	0	B	35.771762	33.873921	0.0	4.7666335E-4
place.beirut	CAPITAL	SERIF	0	1	E	36.1050471121686	33.873921	0.0	4.7666335E-4
place.beirut	CAPITAL	SERIF	0	2	I	36.425273352821215	33.873921	0.0	4.7666335E-4
place.beirut	CAPITAL	SERIF	0	3	R	36.61831754044868	33.873921	0.0	4.7666335E-4
place.beirut	CAPITAL	SERIF	0	4	U	37.02314255744392	33.873921	0.0	4.7666335E-4
place.beirut	CAPITAL	SERIF	0	5	T	37.442162	33.873921	0.0	4.7666335E-4
place.damascus	DEFAULT	ITALIC	0	0	D	36.51805000000001	33.50198	0.0	3.9721947E-4
place.damascus	DEFAULT	ITALIC	0	1	a	36.90349932339134	33.50198	0.0	3.9721947E-4
place.damascus	DEFAULT	ITALIC	0	2	m	37.15516902789285	33.50198	0.0	3.9721947E-4
place.damascus	DEFAULT	ITALIC	0	3	a	37.55958327809998	33.50198	0.0	3.9721947E-4
place.damascus	DEFAULT	ITALIC	0	4	s	37.811252982601495	33.50198	0.0	3.9721947E-4
place.damascus	DEFAULT	ITALIC	0	5	c	37.95272108533555	33.50198	0.0	3.9721947E-4
place.damascus	DEFAULT	ITALIC	0	6	u	38.1131541148854	33.50198	0.0	3.9721947E-4
place.damascus	DEFAULT	ITALIC	0	7	s	38.374050000000004	33.50198	0.0	3.9721947E-4
place.damascus	CAPITAL	SERIF	0	0	D	36.562050000000006	33.50198	0.0	4.7666335E-4
place.damascus	CAPITAL	SERIF	0	1	A	36.90116728594508	33.50198	0.0	4.7666335E-4
place.damascus	CAPITAL	SERIF	0	2	M	37.212399596122786	33.50198	0.0	4.7666335E-4
place.damascus	CAPITAL	SERIF	0	3	A	37.617631260096935	33.50198	0.0	4.7666335E-4
place.damascus	CAPITAL	SERIF	0	4	S	37.92886357027464	33.50198	0.0	4.7666335E-4
place.damascus	CAPITAL	SERIF	0	5	C	38.13800088852989	33.50198	0.0	4.7666335E-4
place.damascus	CAPITAL	SERIF	0	6	U	38.457328836833604	33.50198	0.0	4.7666335E-4
place.damascus	CAPITAL	SERIF	0	7	S	38.78925	33.50198	0.0	4.7666335E-4
place.jerusalem	DEFAULT	ITALIC	0	0	J	35.426626000000006	31.778408	0.0	3.9721947E-4
place.jerusalem	DEFAULT	ITALIC	0	1	e	35.63642846913581	31.778408	0.0	3.9721947E-4
place.jerusalem	DEFAULT	ITALIC	0	2	r	35.88060130864198	31.778408	0.0	3.9721947E-4
place.jerusalem	DEFAULT	ITALIC	0	3	u	36.15198402469136	31.778408	0.0	3.9721947E-4
place.jerusalem	DEFAULT	ITALIC	0	4	s	36.51645316049383	31.778408	0.0	3.9721947E-4
place.jerusalem	DEFAULT	ITALIC	0	5	a	36.714082790123456	31.778408	0.0	3.9721947E-4
place.jerusalem	DEFAULT	ITALIC	0	6	l	37.06566303703704	31.778408	0.0	3.9721947E-4
place.jerusalem	DEFAULT	ITALIC	0	7	e	37.27045316049383	31.778408	0.0	3.9721947E-4
place.jerusalem	DEFAULT	ITALIC	0	8	m	37.514626	31.778408	0.0	3.9721947E-4
place.jerusalem	CAPITAL	SERIF	0	0	J	35.470626	31.778408	0.0	4.7666335E-4
place.jerusalem	CAPITAL	SERIF	0	1	E	35.65343801716738	31.778408	0.0	4.7666335E-4
place.jerusalem	CAPITAL	SERIF	0	2	R	35.95669089270387	31.778408	0.0	4.7666335E-4
place.jerusalem	CAPITAL	SERIF	0	3	U	36.34005844635193	31.778408	0.0	4.7666335E-4
place.jerusalem	CAPITAL	SERIF	0	4	S	36.73686806008584	31.778408	0.0	4.7666335E-4
place.jerusalem	CAPITAL	SERIF	0	5	A	36.98689037768241	31.778408	0.0	4.7666335E-4
place.jerusalem	CAPITAL	SERIF	0	6	L	37.35896660085837	31.778408	0.0	4.7666335E-4
place.jerusalem	CAPITAL	SERIF	0	7	E	37.672973124463525	31.778408	0.0	4.7666335E-4
place.jerusalem	CAPITAL	SERIF	0	8	M	37.976226000000004	31.778408	0.0	4.7666335E-4
place.jeddah	DEFAULT	ITALIC	0	0	J	39.437252	21.518835	0.0	3.9721947E-4
place.jeddah	DEFAULT	ITALIC	0	1	e	39.626336840055636	21.518835	0.0	3.9721947E-4
place.jeddah	DEFAULT	ITALIC	0	2	d	39.84639803616133	21.518835	0.0	3.9721947E-4
place.jeddah	DEFAULT	ITALIC	0	3	d	40.17939386369958	21.518835	0.0	3.9721947E-4
place.jeddah	DEFAULT	ITALIC	0	4	a	40.51238969123783	21.518835	0.0	3.9721947E-4
place.jeddah	DEFAULT	ITALIC	0	5	h	40.829252	21.518835	0.0	3.9721947E-4
place.jeddah	CAPITAL	SERIF	0	0	J	39.481252000000005	21.518835	0.0	4.7666335E-4
place.jeddah	CAPITAL	SERIF	0	1	E	39.664221072164956	21.518835	0.0	4.7666335E-4
place.jeddah	CAPITAL	SERIF	0	2	D	39.96773447422681	21.518835	0.0	4.7666335E-4
place.jeddah	CAPITAL	SERIF	0	3	D	40.373495298969075	21.518835	0.0	4.7666335E-4
place.jeddah	CAPITAL	SERIF	0	4	A	40.77925612371135	21.518835	0.0	4.7666335E-4
place.jeddah	CAPITAL	SERIF	0	5	H	41.151652000000006	21.518835	0.0	4.7666335E-4
place.muscat	DEFAULT	ITALIC	0	0	M	58.653311	23.585179	0.0	4.965243E-4
place.muscat	DEFAULT	ITALIC	0	1	u	59.3216598372093	23.585179	0.0	4.965243E-4
place.muscat	DEFAULT	ITALIC	0	2	s	59.664938906976744	23.585179	0.0	4.965243E-4
place.muscat	DEFAULT	ITALIC	0	3	c	59.851078441860466	23.585179	0.0	4.965243E-4
place.muscat	DEFAULT	ITALIC	0	4	a	60.06217146511628	23.585179	0.0	4.965243E-4
place.muscat	DEFAULT	ITALIC	0	5	t	60.393311	23.585179	0.0	4.965243E-4
place.muscat	CAPITAL	SERIF	0	0	M	58.708311	23.585179	0.0	5.958292E-4
place.muscat	CAPITAL	SERIF	0	1	u	59.44405132068831	23.585179	0.0	5.958292E-4
place.muscat	CAPITAL	SERIF	0	2	s	59.87438999882675	23.585179	0.0	5.958292E-4
place.muscat	CAPITAL	SERIF	0	3	c	60.138145962847084	23.585179	0.0	5.958292E-4
place.muscat	CAPITAL	SERIF	0	4	a	60.47049480915135	23.585179	0.0	5.958292E-4
place.muscat	CAPITAL	SERIF	0	5	t	60.796310999999996	23.585179	0.0	5.958292E-4
place.aden	DEFAULT	ITALIC	0	0	A	45.22949	12.779723	0.0	3.9721947E-4
place.aden	DEFAULT	ITALIC	0	1	d	45.66381343234323	12.779723	0.0	3.9721947E-4
place.aden	DEFAULT	ITALIC	0	2	e	46.00440749174917	12.779723	0.0	3.9721947E-4
place.aden	DEFAULT	ITALIC	0	3	n	46.22949	12.779723	0.0	3.9721947E-4
place.aden	CAPITAL	SERIF	0	0	A	45.273489999999995	12.779723	0.0	4.7666335E-4
place.aden	CAPITAL	SERIF	0	1	D	45.68662432835821	12.779723	0.0	4.7666335E-4
place.aden	CAPITAL	SERIF	0	2	E	46.136773582089546	12.779723	0.0	4.7666335E-4
place.aden	CAPITAL	SERIF	0	3	N	46.47349	12.779723	0.0	4.7666335E-4
place.kabul	DEFAULT	ITALIC	0	0	K	69.456314	34.518636	0.0	4.965243E-4
place.kabul	DEFAULT	ITALIC	0	1	a	69.92817154189945	34.518636	0.0	4.965243E-4
place.kabul	DEFAULT	ITALIC	0	2	b	70.25961940037244	34.518636	0.0	4.965243E-4
place.kabul	DEFAULT	ITALIC	0	3	u	70.56271530353817	34.518636	0.0	4.965243E-4
place.kabul	DEFAULT	ITALIC	0	4	l	70.906314	34.518636	0.0	4.965243E-4
place.kabul	CAPITAL	SERIF	0	0	K	69.511314	34.518636	0.0	5.958292E-4
place.kabul	CAPITAL	SERIF	0	1	a	70.06972116305373	34.518636	0.0	5.958292E-4
place.kabul	CAPITAL	SERIF	0	2	b	70.39689364184731	34.518636	0.0	5.958292E-4
place.kabul	CAPITAL	SERIF	0	3	u	70.81918393402451	34.518636	0.0	5.958292E-4
place.kabul	CAPITAL	SERIF	0	4	l	71.25131400000001	34.518636	0.0	5.958292E-4
place.kandahar	DEFAULT	ITALIC	0	0	K	65.832446	31.61002	0.0	2.4826216E-4
place.kandahar	DEFAULT	ITALIC	0	1	a	66.05141440399676	31.61002	0.0	2.4826216E-4
place.kandahar	DEFAULT	ITALIC	0	2	n	66.20522482797732	31.61002	0.0	2.4826216E-4
place.kandahar	DEFAULT	ITALIC	0	3	d	66.37031259465299	31.61002	0.0	2.4826216E-4
place.kandahar	DEFAULT	ITALIC	0	4	a	66.53195450661626	31.61002	0.0	2.4826216E-4
place.kandahar	DEFAULT	ITALIC	0	5	h	66.68576493059682	31.61002	0.0	2.4826216E-4
place.kandahar	DEFAULT	ITALIC	0	6	a	66.83863557601944	31.61002	0.0	2.4826216E-4
place.kandahar	DEFAULT	ITALIC	0	7	r	66.992446	31.61002	0.0	2.4826216E-4
place.kandahar	CAPITAL	SERIF	0	0	K	65.85994600000001	31.61002	0.0	2.979146E-4
place.kandahar	CAPITAL	SERIF	0	1	A	66.04534635204382	31.61002	0.0	2.979146E-4
place.kandahar	CAPITAL	SERIF	0	2	N	66.23374142343047	31.61002	0.0	2.979146E-4
place.kandahar	CAPITAL	SERIF	0	3	D	66.44936121611579	31.61002	0.0	2.979146E-4
place.kandahar	CAPITAL	SERIF	0	4	A	66.65463561470762	31.61002	0.0	2.979146E-4
place.kandahar	CAPITAL	SERIF	0	5	H	66.84303068609428	31.61002	0.0	2.979146E-4
place.kandahar	CAPITAL	SERIF	0	6	A	67.06355092861334	31.61002	0.0	2.979146E-4
place.kandahar	CAPITAL	SERIF	0	7	R	67.251946	31.61002	0.0	2.979146E-4
place.calcutta	DEFAULT	ITALIC	0	0	C	88.644126	22.569579	0.0	4.965243E-4
place.calcutta	DEFAULT	ITALIC	0	1	a	89.16435343425728	22.569579	0.0	4.965243E-4
place.calcutta	DEFAULT	ITALIC	0	2	l	89.56915798294243	22.569579	0.0	4.965243E-4
place.calcutta	DEFAULT	ITALIC	0	3	c	89.80495044918266	22.569579	0.0	4.965243E-4
place.calcutta	DEFAULT	ITALIC	0	4	u	90.06300304335466	22.569579	0.0	4.965243E-4
place.calcutta	DEFAULT	ITALIC	0	5	t	90.48264767732765	22.569579	0.0	4.965243E-4
place.calcutta	DEFAULT	ITALIC	0	6	t	90.72338683866381	22.569579	0.0	4.965243E-4
place.calcutta	DEFAULT	ITALIC	0	7	a	90.964126	22.569579	0.0	4.965243E-4
place.calcutta	CAPITAL	SERIF	0	0	C	88.69912599999999	22.569579	0.0	5.958292E-4
place.calcutta	CAPITAL	SERIF	0	1	A	89.11316873146208	22.569579	0.0	5.958292E-4
place.calcutta	CAPITAL	SERIF	0	2	L	89.51671460494343	22.569579	0.0	5.958292E-4
place.calcutta	CAPITAL	SERIF	0	3	C	89.85727933054042	22.569579	0.0	5.958292E-4
place.calcutta	CAPITAL	SERIF	0	4	U	90.2713220620025	22.569579	0.0	5.958292E-4
place.calcutta	CAPITAL	SERIF	0	5	T	90.70169323921239	22.569579	0.0	5.958292E-4
place.calcutta	CAPITAL	SERIF	0	6	T	91.09240961960619	22.569579	0.0	5.958292E-4
place.calcutta	CAPITAL	SERIF	0	7	A	91.48312599999998	22.569579	0.0	5.958292E-4
place.bombay	DEFAULT	ITALIC	0	0	B	73.095839	19.068408	0.0	3.9721947E-4
place.bombay	DEFAULT	ITALIC	0	1	o	73.39282669116001	19.068408	0.0	3.9721947E-4
place.bombay	DEFAULT	ITALIC	0	2	m	73.59012620626632	19.068408	0.0	3.9721947E-4
place.bombay	DEFAULT	ITALIC	0	3	b	73.99978230473704	19.068408	0.0	3.9721947E-4
place.bombay	DEFAULT	ITALIC	0	4	a	74.23290725811263	19.068408	0.0	3.9721947E-4
place.bombay	DEFAULT	ITALIC	0	5	y	74.487839	19.068408	0.0	3.9721947E-4
place.bombay	CAPITAL	SERIF	0	0	B	73.139839	19.068408	0.0	4.7666335E-4
place.bombay	CAPITAL	SERIF	0	1	O	73.4176080651558	19.068408	0.0	4.7666335E-4
place.bombay	CAPITAL	SERIF	0	2	M	73.77866052974504	19.068408	0.0	4.7666335E-4
place.bombay	CAPITAL	SERIF	0	3	B	74.20501475070822	19.068408	0.0	4.7666335E-4
place.bombay	CAPITAL	SERIF	0	4	A	74.48278381586402	19.068408	0.0	4.7666335E-4
place.bombay	CAPITAL	SERIF	0	5	Y	74.810239	19.068408	0.0	4.7666335E-4
place.madras	DEFAULT	ITALIC	0	0	M	80.498053	13.091934	0.0	3.9721947E-4
place.madras	DEFAULT	ITALIC	0	1	a	80.97904044769874	13.091934	0.0	3.9721947E-4
place.madras	DEFAULT	ITALIC	0	2	d	81.2173500711297	13.091934	0.0	3.9721947E-4
place.madras	DEFAULT	ITALIC	0	3	r	81.46779358577406	13.091934	0.0	3.9721947E-4
place.madras	DEFAULT	ITALIC	0	4	a	81.65174337656903	13.091934	0.0	3.9721947E-4
place.madras	DEFAULT	ITALIC	0	5	s	81.890053	13.091934	0.0	3.9721947E-4
place.madras	CAPITAL	SERIF	0	0	M	80.542053	13.091934	0.0	4.7666335E-4
place.madras	CAPITAL	SERIF	0	1	A	80.94318050533049	13.091934	0.0	4.7666335E-4
place.madras	CAPITAL	SERIF	0	2	D	81.25126067590618	13.091934	0.0	4.7666335E-4
place.madras	CAPITAL	SERIF	0	3	R	81.58694340511727	13.091934	0.0	4.7666335E-4
place.madras	CAPITAL	SERIF	0	4	A	81.9043728294243	13.091934	0.0	4.7666335E-4
place.madras	CAPITAL	SERIF	0	5	S	82.212453	13.091934	0.0	4.7666335E-4
place.delhi	DEFAULT	ITALIC	0	0	D	77.448058	28.671939	0.0	3.9721947E-4
place.delhi	DEFAULT	ITALIC	0	1	e	77.91528885163363	28.671939	0.0	3.9721947E-4
place.delhi	DEFAULT	ITALIC	0	2	l	78.1271581606856	28.671939	0.0	3.9721947E-4
place.delhi	DEFAULT	ITALIC	0	3	h	78.30485500053562	28.671939	0.0	3.9721947E-4
place.delhi	DEFAULT	ITALIC	0	4	i	78.608058	28.671939	0.0	3.9721947E-4
place.delhi	CAPITAL	SERIF	0	0	D	77.492058	28.671939	0.0	4.7666335E-4
place.delhi	CAPITAL	SERIF	0	1	E	77.87906684955752	28.671939	0.0	4.7666335E-4
place.delhi	CAPITAL	SERIF	0	2	L	78.16855357522124	28.671939	0.0	4.7666335E-4
place.delhi	CAPITAL	SERIF	0	3	H	78.46830578761062	28.671939	0.0	4.7666335E-4
place.delhi	CAPITAL	SERIF	0	4	I	78.884058	28.671939	0.0	4.7666335E-4
place.karachi	DEFAULT	ITALIC	0	0	K	67.208063	24.871938	0.0	3.9721947E-4
place.karachi	DEFAULT	ITALIC	0	1	a	67.60483895246416	24.871938	0.0	3.9721947E-4
place.karachi	DEFAULT	ITALIC	0	2	r	67.88354709646975	24.871938	0.0	3.9721947E-4
place.karachi	DEFAULT	ITALIC	0	3	a	68.09868026668997	24.871938	0.0	3.9721947E-4
place.karachi	DEFAULT	ITALIC	0	4	c	68.37738841069556	24.871938	0.0	3.9721947E-4
place.karachi	DEFAULT	ITALIC	0	5	h	68.55505775707793	24.871938	0.0	3.9721947E-4
place.karachi	DEFAULT	ITALIC	0	6	i	68.83206299999999	24.871938	0.0	3.9721947E-4
place.karachi	CAPITAL	SERIF	0	0	K	67.25206299999999	24.871938	0.0	4.7666335E-4
place.karachi	CAPITAL	SERIF	0	1	A	67.56084215309446	24.871938	0.0	4.7666335E-4
place.karachi	CAPITAL	SERIF	0	2	R	67.87460892833876	24.871938	0.0	4.7666335E-4
place.karachi	CAPITAL	SERIF	0	3	A	68.19789752768729	24.871938	0.0	4.7666335E-4
place.karachi	CAPITAL	SERIF	0	4	C	68.51166430293159	24.871938	0.0	4.7666335E-4
place.karachi	CAPITAL	SERIF	0	5	H	68.83359264169381	24.871938	0.0	4.7666335E-4
place.karachi	CAPITAL	SERIF	0	6	I	69.200863	24.871938	0.0	4.7666335E-4
place.lahore	DEFAULT	ITALIC	0	0	L	74.568079	31.561917	0.0	3.9721947E-4
place.lahore	DEFAULT	ITALIC	0	1	a	74.91772828909953	31.561917	0.0	3.9721947E-4
place.lahore	DEFAULT	ITALIC	0	2	h	75.21220136105127	31.561917	0.0	3.9721947E-4
place.lahore	DEFAULT	ITALIC	0	3	o	75.5048752085308	31.561917	0.0	3.9721947E-4
place.lahore	DEFAULT	ITALIC	0	4	r	75.73277697501076	31.561917	0.0	3.9721947E-4
place.lahore	DEFAULT	ITALIC	0	5	e	75.960079	31.561917	0.0	3.9721947E-4
place.lahore	CAPITAL	SERIF	0	0	L	74.612079	31.561917	0.0	4.7666335E-4
place.lahore	CAPITAL	SERIF	0	1	A	74.88594581639528	31.561917	0.0	4.7666335E-4
place.lahore	CAPITAL	SERIF	0	2	H	75.21045923582257	31.561917	0.0	4.7666335E-4
place.lahore	CAPITAL	SERIF	0	3	O	75.5903087585626	31.561917	0.0	4.7666335E-4
place.lahore	CAPITAL	SERIF	0	4	R	75.94811762998314	31.561917	0.0	4.7666335E-4
place.lahore	CAPITAL	SERIF	0	5	E	76.282479	31.561917	0.0	4.7666335E-4
place.rangoon	DEFAULT	ITALIC	0	0	R	96.439732	16.7853	0.0	4.965243E-4
place.rangoon	DEFAULT	ITALIC	0	1	a	96.92397158333334	16.7853	0.0	4.965243E-4
place.rangoon	DEFAULT	ITALIC	0	2	n	97.2700583888889	16.7853	0.0	4.965243E-4
place.rangoon	DEFAULT	ITALIC	0	3	g	97.64152019444445	16.7853	0.0	4.965243E-4
place.rangoon	DEFAULT	ITALIC	0	4	o	97.93403755555556	16.7853	0.0	4.965243E-4
place.rangoon	DEFAULT	ITALIC	0	5	o	98.20188477777779	16.7853	0.0	4.965243E-4
place.rangoon	DEFAULT	ITALIC	0	6	n	98.46973200000001	16.7853	0.0	4.965243E-4
place.rangoon	CAPITAL	SERIF	0	0	R	96.494732	16.7853	0.0	5.958292E-4
place.rangoon	CAPITAL	SERIF	0	1	A	96.8848640754717	16.7853	0.0	5.958292E-4
place.rangoon	CAPITAL	SERIF	0	2	N	97.26350558490566	16.7853	0.0	5.958292E-4
place.rangoon	CAPITAL	SERIF	0	3	G	97.6968640754717	16.7853	0.0	5.958292E-4
place.rangoon	CAPITAL	SERIF	0	4	O	98.09575086792454	16.7853	0.0	5.958292E-4
place.rangoon	CAPITAL	SERIF	0	5	O	98.51324143396226	16.7853	0.0	5.958292E-4
place.rangoon	CAPITAL	SERIF	0	6	N	98.930732	16.7853	0.0	5.958292E-4
place.colombo	DEFAULT	ITALIC	0	0	C	80.132751	6.931966	0.0	4.965243E-4
place.colombo	DEFAULT	ITALIC	0	1	o	80.57217810120069	6.931966	0.0	4.965243E-4
place.colombo	DEFAULT	ITALIC	0	2	l	80.83680931903945	6.931966	0.0	4.965243E-4
place.colombo	DEFAULT	ITALIC	0	3	o	81.0359791303602	6.931966	0.0	4.965243E-4
place.colombo	DEFAULT	ITALIC	0	4	m	81.30061034819897	6.931966	0.0	4.965243E-4
place.colombo	DEFAULT	ITALIC	0	5	b	81.85006832418524	6.931966	0.0	4.965243E-4
place.colombo	DEFAULT	ITALIC	0	6	o	82.162751	6.931966	0.0	4.965243E-4
place.colombo	CAPITAL	SERIF	0	0	C	80.18775099999999	6.931966	0.0	5.958292E-4
place.colombo	CAPITAL	SERIF	0	1	O	80.58922732311977	6.931966	0.0	5.958292E-4
place.colombo	CAPITAL	SERIF	0	2	L	81.02067300557103	6.931966	0.0	5.958292E-4
place.colombo	CAPITAL	SERIF	0	3	O	81.35090141782729	6.931966	0.0	5.958292E-4
place.colombo	CAPITAL	SERIF	0	4	M	81.78234710027854	6.931966	0.0	5.958292E-4
place.colombo	CAPITAL	SERIF	0	5	B	82.29182620891365	6.931966	0.0	5.958292E-4
place.colombo	CAPITAL	SERIF	0	6	O	82.623751	6.931966	0.0	5.958292E-4
place.peking	DEFAULT	ITALIC	0	0	P	116.66920099999999	39.90172	0.0	4.965243E-4
place.peking	DEFAULT	ITALIC	0	1	e	117.12034163215758	39.90172	0.0	4.965243E-4
place.peking	DEFAULT	ITALIC	0	2	k	117.39214190700869	39.90172	0.0	4.965243E-4
place.peking	DEFAULT	ITALIC	0	3	i	117.75480796289509	39.90172	0.0	4.965243E-4
place.peking	DEFAULT	ITALIC	0	4	n	117.98914602977553	39.90172	0.0	4.965243E-4
place.peking	DEFAULT	ITALIC	0	5	g	118.409201	39.90172	0.0	4.965243E-4
place.peking	CAPITAL	SERIF	0	0	P	116.724201	39.90172	0.0	5.958292E-4
place.peking	CAPITAL	SERIF	0	1	E	117.11770595049504	39.90172	0.0	5.958292E-4
place.peking	CAPITAL	SERIF	0	2	K	117.51976535643564	39.90172	0.0	5.958292E-4
place.peking	CAPITAL	SERIF	0	3	I	118.00523070297028	39.90172	0.0	5.958292E-4
place.peking	CAPITAL	SERIF	0	4	N	118.24760694059405	39.90172	0.0	5.958292E-4
place.peking	CAPITAL	SERIF	0	5	G	118.81220099999999	39.90172	0.0	5.958292E-4
place.shanghai	DEFAULT	ITALIC	0	0	S	121.65455899999999	31.218398	0.0	3.9721947E-4
place.shanghai	DEFAULT	ITALIC	0	1	h	121.91198460142559	31.218398	0.0	3.9721947E-4
place.shanghai	DEFAULT	ITALIC	0	2	a	122.18098608642708	31.218398	0.0	3.9721947E-4
place.shanghai	DEFAULT	ITALIC	0	3	n	122.45164126908226	31.218398	0.0	3.9721947E-4
place.shanghai	DEFAULT	ITALIC	0	4	g	122.7421408235818	31.218398	0.0	3.9721947E-4
place.shanghai	DEFAULT	ITALIC	0	5	h	122.97090233234331	31.218398	0.0	3.9721947E-4
place.shanghai	DEFAULT	ITALIC	0	6	a	123.23990381734481	31.218398	0.0	3.9721947E-4
place.shanghai	DEFAULT	ITALIC	0	7	i	123.51055899999999	31.218398	0.0	3.9721947E-4
place.shanghai	CAPITAL	SERIF	0	0	S	121.69855899999999	31.218398	0.0	4.7666335E-4
place.shanghai	CAPITAL	SERIF	0	1	H	121.90610368937875	31.218398	0.0	4.7666335E-4
place.shanghai	CAPITAL	SERIF	0	2	A	122.26763314829658	31.218398	0.0	4.7666335E-4
place.shanghai	CAPITAL	SERIF	0	3	N	122.57649535270541	31.218398	0.0	4.7666335E-4
place.shanghai	CAPITAL	SERIF	0	4	G	122.92999082364729	31.218398	0.0	4.7666335E-4
place.shanghai	CAPITAL	SERIF	0	5	H	123.25536733667334	31.218398	0.0	4.7666335E-4
place.shanghai	CAPITAL	SERIF	0	6	A	123.61689679559117	31.218398	0.0	4.7666335E-4
place.shanghai	CAPITAL	SERIF	0	7	I	123.925759	31.218398	0.0	4.7666335E-4
place.tientsin	DEFAULT	ITALIC	0	0	T	117.416607	39.082772	0.0	3.9721947E-4
place.tientsin	DEFAULT	ITALIC	0	1	i	117.8529002728647	39.082772	0.0	3.9721947E-4
place.tientsin	DEFAULT	ITALIC	0	2	e	118.05912249508692	39.082772	0.0	3.9721947E-4
place.tientsin	DEFAULT	ITALIC	0	3	n	118.2983122154195	39.082772	0.0	3.9721947E-4
place.tientsin	DEFAULT	ITALIC	0	4	t	118.66796905593348	39.082772	0.0	3.9721947E-4
place.tientsin	DEFAULT	ITALIC	0	5	s	118.87278840589569	39.082772	0.0	3.9721947E-4
place.tientsin	DEFAULT	ITALIC	0	6	i	119.06638477777777	39.082772	0.0	3.9721947E-4
place.tientsin	DEFAULT	ITALIC	0	7	n	119.272607	39.082772	0.0	3.9721947E-4
place.tientsin	CAPITAL	SERIF	0	0	T	117.460607	39.082772	0.0	4.7666335E-4
place.tientsin	CAPITAL	SERIF	0	1	I	117.8491058284301	39.082772	0.0	4.7666335E-4
place.tientsin	CAPITAL	SERIF	0	2	E	118.04625448763343	39.082772	0.0	4.7666335E-4
place.tientsin	CAPITAL	SERIF	0	3	N	118.3732893223119	39.082772	0.0	4.7666335E-4
place.tientsin	CAPITAL	SERIF	0	4	T	118.83252972845614	39.082772	0.0	4.7666335E-4
place.tientsin	CAPITAL	SERIF	0	5	S	119.22102855688624	39.082772	0.0	4.7666335E-4
place.tientsin	CAPITAL	SERIF	0	6	I	119.49065834079667	39.082772	0.0	4.7666335E-4
place.tientsin	CAPITAL	SERIF	0	7	N	119.687807	39.082772	0.0	4.7666335E-4
place.canton	DEFAULT	ITALIC	0	0	C	113.481785	23.124723	0.0	3.9721947E-4
place.canton	DEFAULT	ITALIC	0	1	a	113.86022188065489	23.124723	0.0	3.9721947E-4
place.canton	DEFAULT	ITALIC	0	2	n	114.15469495260663	23.124723	0.0	3.9721947E-4
place.canton	DEFAULT	ITALIC	0	3	t	114.4707587182249	23.124723	0.0	3.9721947E-4
place.canton	DEFAULT	ITALIC	0	4	o	114.64588323352004	23.124723	0.0	3.9721947E-4
place.canton	DEFAULT	ITALIC	0	5	n	114.873785	23.124723	0.0	3.9721947E-4
place.canton	CAPITAL	SERIF	0	0	C	113.525785	23.124723	0.0	4.7666335E-4
place.canton	CAPITAL	SERIF	0	1	A	113.85277259305211	23.124723	0.0	4.7666335E-4
place.canton	CAPITAL	SERIF	0	2	N	114.17147035980149	23.124723	0.0	4.7666335E-4
place.canton	CAPITAL	SERIF	0	3	T	114.53622271712159	23.124723	0.0	4.7666335E-4
place.canton	CAPITAL	SERIF	0	4	O	114.84478847394541	23.124723	0.0	4.7666335E-4
place.canton	CAPITAL	SERIF	0	5	N	115.196185	23.124723	0.0	4.7666335E-4
place.hankow	DEFAULT	ITALIC	0	0	H	114.488071	30.581977	0.0	3.9721947E-4
place.hankow	DEFAULT	ITALIC	0	1	a	114.88952722119816	30.581977	0.0	3.9721947E-4
place.hankow	DEFAULT	ITALIC	0	2	n	115.1519972672811	30.581977	0.0	3.9721947E-4
place.hankow	DEFAULT	ITALIC	0	3	k	115.43371155299539	30.581977	0.0	3.9721947E-4
place.hankow	DEFAULT	ITALIC	0	4	o	115.67693735944701	30.581977	0.0	3.9721947E-4
place.hankow	DEFAULT	ITALIC	0	5	w	115.880071	30.581977	0.0	3.9721947E-4
place.hankow	CAPITAL	SERIF	0	0	H	114.532071	30.581977	0.0	4.7666335E-4
place.hankow	CAPITAL	SERIF	0	1	A	114.8940356869984	30.581977	0.0	4.7666335E-4
place.hankow	CAPITAL	SERIF	0	2	N	115.20326971589085	30.581977	0.0	4.7666335E-4
place.hankow	CAPITAL	SERIF	0	3	K	115.55719074317817	30.581977	0.0	4.7666335E-4
place.hankow	CAPITAL	SERIF	0	4	O	115.86150920224719	30.581977	0.0	4.7666335E-4
place.hankow	CAPITAL	SERIF	0	5	W	116.202471	30.581977	0.0	4.7666335E-4
place.nanking	DEFAULT	ITALIC	0	0	N	118.915529	32.051965	0.0	2.4826216E-4
place.nanking	DEFAULT	ITALIC	0	1	a	119.17085200163133	32.051965	0.0	2.4826216E-4
place.nanking	DEFAULT	ITALIC	0	2	n	119.33345069657423	32.051965	0.0	2.4826216E-4
place.nanking	DEFAULT	ITALIC	0	3	k	119.50797108809135	32.051965	0.0	2.4826216E-4
place.nanking	DEFAULT	ITALIC	0	4	i	119.65864808646003	32.051965	0.0	2.4826216E-4
place.nanking	DEFAULT	ITALIC	0	5	n	119.75600860848287	32.051965	0.0	2.4826216E-4
place.nanking	DEFAULT	ITALIC	0	6	g	119.93052899999999	32.051965	0.0	2.4826216E-4
place.nanking	CAPITAL	SERIF	0	0	N	118.94302900000001	32.051965	0.0	2.979146E-4
place.nanking	CAPITAL	SERIF	0	1	A	119.17894389361703	32.051965	0.0	2.979146E-4
place.nanking	CAPITAL	SERIF	0	2	N	119.3850715531915	32.051965	0.0	2.979146E-4
place.nanking	CAPITAL	SERIF	0	3	K	119.62098644680852	32.051965	0.0	2.979146E-4
place.nanking	CAPITAL	SERIF	0	4	I	119.8238375106383	32.051965	0.0	2.979146E-4
place.nanking	CAPITAL	SERIF	0	5	N	119.92511410638298	32.051965	0.0	2.979146E-4
place.nanking	CAPITAL	SERIF	0	6	G	120.161029	32.051965	0.0	2.979146E-4
place.chungking	DEFAULT	ITALIC	0	0	C	106.730536	29.566923	0.0	2.4826216E-4
place.chungking	DEFAULT	ITALIC	0	1	h	106.94464286427457	29.566923	0.0	2.4826216E-4
place.chungking	DEFAULT	ITALIC	0	2	u	107.1102278876755	29.566923	0.0	2.4826216E-4
place.chungking	DEFAULT	ITALIC	0	3	n	107.28293849609985	29.566923	0.0	2.4826216E-4
place.chungking	DEFAULT	ITALIC	0	4	g	107.46175674882996	29.566923	0.0	2.4826216E-4
place.chungking	DEFAULT	ITALIC	0	5	k	107.60257188143527	29.566923	0.0	2.4826216E-4
place.chungking	DEFAULT	ITALIC	0	6	i	107.75695955694228	29.566923	0.0	2.4826216E-4
place.chungking	DEFAULT	ITALIC	0	7	n	107.8567177472699	29.566923	0.0	2.4826216E-4
place.chungking	DEFAULT	ITALIC	0	8	g	108.03553600000001	29.566923	0.0	2.4826216E-4
place.chungking	CAPITAL	SERIF	0	0	C	106.75803599999999	29.566923	0.0	2.979146E-4
place.chungking	CAPITAL	SERIF	0	1	H	106.95686647210299	29.566923	0.0	2.979146E-4
place.chungking	CAPITAL	SERIF	0	2	U	107.18370123605149	29.566923	0.0	2.979146E-4
place.chungking	CAPITAL	SERIF	0	3	N	107.39037290987123	29.566923	0.0	2.979146E-4
place.chungking	CAPITAL	SERIF	0	4	G	107.61216690128755	29.566923	0.0	2.979146E-4
place.chungking	CAPITAL	SERIF	0	5	K	107.8163181888412	29.566923	0.0	2.979146E-4
place.chungking	CAPITAL	SERIF	0	6	I	108.007027416309	29.566923	0.0	2.979146E-4
place.chungking	CAPITAL	SERIF	0	7	N	108.10224200858369	29.566923	0.0	2.979146E-4
place.chungking	CAPITAL	SERIF	0	8	G	108.32403599999999	29.566923	0.0	2.979146E-4
place.foochow	DEFAULT	ITALIC	0	0	F	119.43560000000001	26.081942	0.0	2.4826216E-4
place.foochow	DEFAULT	ITALIC	0	1	o	119.64647142857143	26.081942	0.0	2.4826216E-4
place.foochow	DEFAULT	ITALIC	0	2	o	119.8039	26.081942	0.0	2.4826216E-4
place.foochow	DEFAULT	ITALIC	0	3	c	119.96132857142857	26.081942	0.0	2.4826216E-4
place.foochow	DEFAULT	ITALIC	0	4	h	120.091	26.081942	0.0	2.4826216E-4
place.foochow	DEFAULT	ITALIC	0	5	o	120.29317142857143	26.081942	0.0	2.4826216E-4
place.foochow	DEFAULT	ITALIC	0	6	w	120.4506	26.081942	0.0	2.4826216E-4
place.foochow	CAPITAL	SERIF	0	0	F	119.46310000000001	26.081942	0.0	2.979146E-4
place.foochow	CAPITAL	SERIF	0	1	O	119.60742214765102	26.081942	0.0	2.979146E-4
place.foochow	CAPITAL	SERIF	0	2	O	119.82249597315437	26.081942	0.0	2.979146E-4
place.foochow	CAPITAL	SERIF	0	3	C	120.03756979865773	26.081942	0.0	2.979146E-4
place.foochow	CAPITAL	SERIF	0	4	H	120.23770402684565	26.081942	0.0	2.979146E-4
place.foochow	CAPITAL	SERIF	0	5	O	120.46602617449665	26.081942	0.0	2.979146E-4
place.foochow	CAPITAL	SERIF	0	6	W	120.6811	26.081942	0.0	2.979146E-4
place.port-arthur	DEFAULT	ITALIC	0	0	P	121.847885	38.924784	0.0	3.9721947E-4
place.port-arthur	DEFAULT	ITALIC	0	1	o	122.18232091600291	38.924784	0.0	3.9721947E-4
place.port-arthur	DEFAULT	ITALIC	0	2	r	122.40685386314266	38.924784	0.0	3.9721947E-4
place.port-arthur	DEFAULT	ITALIC	0	3	t	122.63079593410573	38.924784	0.0	3.9721947E-4
place.port-arthur	DEFAULT	ITALIC	0	4	\s	122.80333177769732	38.924784	0.0	3.9721947E-4
place.port-arthur	DEFAULT	ITALIC	0	5	A	122.92150701303405	38.924784	0.0	3.9721947E-4
place.port-arthur	DEFAULT	ITALIC	0	6	r	123.31030353729183	38.924784	0.0	3.9721947E-4
place.port-arthur	DEFAULT	ITALIC	0	7	t	123.53424560825489	38.924784	0.0	3.9721947E-4
place.port-arthur	DEFAULT	ITALIC	0	8	h	123.7067814518465	38.924784	0.0	3.9721947E-4
place.port-arthur	DEFAULT	ITALIC	0	9	u	123.99512902606808	38.924784	0.0	3.9721947E-4
place.port-arthur	DEFAULT	ITALIC	0	10	r	124.29588500000001	38.924784	0.0	3.9721947E-4
place.port-arthur	CAPITAL	SERIF	0	0	P	121.891885	38.924784	0.0	4.7666335E-4
place.port-arthur	CAPITAL	SERIF	0	1	O	122.1405516462199	38.924784	0.0	4.7666335E-4
place.port-arthur	CAPITAL	SERIF	0	2	R	122.48427021699126	38.924784	0.0	4.7666335E-4
place.port-arthur	CAPITAL	SERIF	0	3	T	122.8054646350253	38.924784	0.0	4.7666335E-4
place.port-arthur	CAPITAL	SERIF	0	4	\s	123.10728828170527	38.924784	0.0	4.7666335E-4
place.port-arthur	CAPITAL	SERIF	0	5	A	123.1973848926545	38.924784	0.0	4.7666335E-4
place.port-arthur	CAPITAL	SERIF	0	6	R	123.50911916653888	38.924784	0.0	4.7666335E-4
place.port-arthur	CAPITAL	SERIF	0	7	T	123.83031358457292	38.924784	0.0	4.7666335E-4
place.port-arthur	CAPITAL	SERIF	0	8	H	124.13213723125288	38.924784	0.0	4.7666335E-4
place.port-arthur	CAPITAL	SERIF	0	9	U	124.4970285055973	38.924784	0.0	4.7666335E-4
place.port-arthur	CAPITAL	SERIF	0	10	R	124.829485	38.924784	0.0	4.7666335E-4
place.hong-kong	DEFAULT	ITALIC	0	0	H	114.45806400000001	22.306927	0.0	4.965243E-4
place.hong-kong	DEFAULT	ITALIC	0	1	o	114.93820836710493	22.306927	0.0	4.965243E-4
place.hong-kong	DEFAULT	ITALIC	0	2	n	115.1811575808198	22.306927	0.0	4.965243E-4
place.hong-kong	DEFAULT	ITALIC	0	3	g	115.51808977984017	22.306927	0.0	4.965243E-4
place.hong-kong	DEFAULT	ITALIC	0	4	\s	115.78341589481825	22.306927	0.0	4.965243E-4
place.hong-kong	DEFAULT	ITALIC	0	5	K	115.91128390203662	22.306927	0.0	4.965243E-4
place.hong-kong	DEFAULT	ITALIC	0	6	o	116.35818258726476	22.306927	0.0	4.965243E-4
place.hong-kong	DEFAULT	ITALIC	0	7	n	116.60113180097963	22.306927	0.0	4.965243E-4
place.hong-kong	DEFAULT	ITALIC	0	8	g	116.938064	22.306927	0.0	4.965243E-4
place.hong-kong	CAPITAL	SERIF	0	0	H	114.513064	22.306927	0.0	5.958292E-4
place.hong-kong	CAPITAL	SERIF	0	1	O	114.94896996745027	22.306927	0.0	5.958292E-4
place.hong-kong	CAPITAL	SERIF	0	2	N	115.35958262567812	22.306927	0.0	5.958292E-4
place.hong-kong	CAPITAL	SERIF	0	3	G	115.78580179385172	22.306927	0.0	5.958292E-4
place.hong-kong	CAPITAL	SERIF	0	4	\s	116.17811716455697	22.306927	0.0	5.958292E-4
place.hong-kong	CAPITAL	SERIF	0	5	K	116.2857482676311	22.306927	0.0	5.958292E-4
place.hong-kong	CAPITAL	SERIF	0	6	O	116.65223217359855	22.306927	0.0	5.958292E-4
place.hong-kong	CAPITAL	SERIF	0	7	N	117.0628448318264	22.306927	0.0	5.958292E-4
place.hong-kong	CAPITAL	SERIF	0	8	G	117.489064	22.306927	0.0	5.958292E-4
place.tokyo	DEFAULT	ITALIC	0	0	T	140.024462	35.686963	0.0	4.965243E-4
place.tokyo	DEFAULT	ITALIC	0	1	o	140.50883364339418	35.686963	0.0	4.965243E-4
place.tokyo	DEFAULT	ITALIC	0	2	k	140.80475201074114	35.686963	0.0	4.965243E-4
place.tokyo	DEFAULT	ITALIC	0	3	y	141.1590753190118	35.686963	0.0	4.965243E-4
place.tokyo	DEFAULT	ITALIC	0	4	o	141.474462	35.686963	0.0	4.965243E-4
place.tokyo	CAPITAL	SERIF	0	0	T	140.07946199999998	35.686963	0.0	5.958292E-4
place.tokyo	CAPITAL	SERIF	0	1	O	140.51252292124812	35.686963	0.0	5.958292E-4
place.tokyo	CAPITAL	SERIF	0	2	K	141.00569528380385	35.686963	0.0	5.958292E-4
place.tokyo	CAPITAL	SERIF	0	3	Y	141.44586616047548	35.686963	0.0	5.958292E-4
place.tokyo	CAPITAL	SERIF	0	4	O	141.819462	35.686963	0.0	5.958292E-4
place.yokohama	DEFAULT	ITALIC	0	0	Y	139.822021	35.430656	0.0	3.9721947E-4
place.yokohama	DEFAULT	ITALIC	0	1	o	140.1219647886453	35.430656	0.0	3.9721947E-4
place.yokohama	DEFAULT	ITALIC	0	2	k	140.32018850983698	35.430656	0.0	3.9721947E-4
place.yokohama	DEFAULT	ITALIC	0	3	o	140.55753533389546	35.430656	0.0	3.9721947E-4
place.yokohama	DEFAULT	ITALIC	0	4	h	140.75575905508714	35.430656	0.0	3.9721947E-4
place.yokohama	DEFAULT	ITALIC	0	5	a	141.01032004440697	35.430656	0.0	3.9721947E-4
place.yokohama	DEFAULT	ITALIC	0	6	m	141.26644595784148	35.430656	0.0	3.9721947E-4
place.yokohama	DEFAULT	ITALIC	0	7	a	141.678021	35.430656	0.0	3.9721947E-4
place.yokohama	CAPITAL	SERIF	0	0	Y	139.86602100000002	35.430656	0.0	4.7666335E-4
place.yokohama	CAPITAL	SERIF	0	1	O	140.11415546414804	35.430656	0.0	4.7666335E-4
place.yokohama	CAPITAL	SERIF	0	2	K	140.4417101287587	35.430656	0.0	4.7666335E-4
place.yokohama	CAPITAL	SERIF	0	3	O	140.73406232613726	35.430656	0.0	4.7666335E-4
place.yokohama	CAPITAL	SERIF	0	4	H	141.0616169907479	35.430656	0.0	4.7666335E-4
place.yokohama	CAPITAL	SERIF	0	5	A	141.40934867925984	35.430656	0.0	4.7666335E-4
place.yokohama	CAPITAL	SERIF	0	6	M	141.70642315882807	35.430656	0.0	4.7666335E-4
place.yokohama	CAPITAL	SERIF	0	7	A	142.093221	35.430656	0.0	4.7666335E-4
place.osaka	DEFAULT	ITALIC	0	0	O	135.72375399999999	34.691095	0.0	3.9721947E-4
place.osaka	DEFAULT	ITALIC	0	1	s	136.14392101461377	34.691095	0.0	3.9721947E-4
place.osaka	DEFAULT	ITALIC	0	2	a	136.31101913569938	34.691095	0.0	3.9721947E-4
place.osaka	DEFAULT	ITALIC	0	3	k	136.60828427139876	34.691095	0.0	3.9721947E-4
place.osaka	DEFAULT	ITALIC	0	4	a	136.883754	34.691095	0.0	3.9721947E-4
place.osaka	CAPITAL	SERIF	0	0	O	135.767754	34.691095	0.0	4.7666335E-4
place.osaka	CAPITAL	SERIF	0	1	S	136.17609540715108	34.691095	0.0	4.7666335E-4
place.osaka	CAPITAL	SERIF	0	2	A	136.424953538639	34.691095	0.0	4.7666335E-4
place.osaka	CAPITAL	SERIF	0	3	K	136.79529725259516	34.691095	0.0	4.7666335E-4
place.osaka	CAPITAL	SERIF	0	4	A	137.159754	34.691095	0.0	4.7666335E-4
place.kobe	DEFAULT	ITALIC	0	0	K	135.389982	34.679988	0.0	3.9721947E-4
place.kobe	DEFAULT	ITALIC	0	1	o	135.8474427329843	34.679988	0.0	3.9721947E-4
place.kobe	DEFAULT	ITALIC	0	2	b	136.09613383246074	34.679988	0.0	3.9721947E-4
place.kobe	DEFAULT	ITALIC	0	3	e	136.389982	34.679988	0.0	3.9721947E-4
place.kobe	CAPITAL	SERIF	0	0	K	135.43398200000001	34.679988	0.0	4.7666335E-4
place.kobe	CAPITAL	SERIF	0	1	O	135.8363453677991	34.679988	0.0	4.7666335E-4
place.kobe	CAPITAL	SERIF	0	2	B	136.28715777548007	34.679988	0.0	4.7666335E-4
place.kobe	CAPITAL	SERIF	0	3	E	136.633982	34.679988	0.0	4.7666335E-4
place.nagasaki	DEFAULT	ITALIC	0	0	N	130.105033	32.764988	0.0	3.9721947E-4
place.nagasaki	DEFAULT	ITALIC	0	1	a	130.5271498141593	32.764988	0.0	3.9721947E-4
place.nagasaki	DEFAULT	ITALIC	0	2	g	130.79596869321531	32.764988	0.0	3.9721947E-4
place.nagasaki	DEFAULT	ITALIC	0	3	a	131.02317813274334	32.764988	0.0	3.9721947E-4
place.nagasaki	DEFAULT	ITALIC	0	4	s	131.2919970117994	32.764988	0.0	3.9721947E-4
place.nagasaki	DEFAULT	ITALIC	0	5	a	131.44310497640117	32.764988	0.0	3.9721947E-4
place.nagasaki	DEFAULT	ITALIC	0	6	k	131.7119238554572	32.764988	0.0	3.9721947E-4
place.nagasaki	DEFAULT	ITALIC	0	7	i	131.961033	32.764988	0.0	3.9721947E-4
place.nagasaki	CAPITAL	SERIF	0	0	N	130.149033	32.764988	0.0	4.7666335E-4
place.nagasaki	CAPITAL	SERIF	0	1	A	130.5209373643264	32.764988	0.0	4.7666335E-4
place.nagasaki	CAPITAL	SERIF	0	2	G	130.84588410689437	32.764988	0.0	4.7666335E-4
place.nagasaki	CAPITAL	SERIF	0	3	A	131.18820516951297	32.764988	0.0	4.7666335E-4
place.nagasaki	CAPITAL	SERIF	0	4	S	131.51315191208096	32.764988	0.0	4.7666335E-4
place.nagasaki	CAPITAL	SERIF	0	5	A	131.73150485325743	32.764988	0.0	4.7666335E-4
place.nagasaki	CAPITAL	SERIF	0	6	K	132.05645159582542	32.764988	0.0	4.7666335E-4
place.nagasaki	CAPITAL	SERIF	0	7	I	132.37623299999998	32.764988	0.0	4.7666335E-4
place.seoul	DEFAULT	ITALIC	0	0	S	127.272785	37.568295	0.0	4.965243E-4
place.seoul	DEFAULT	ITALIC	0	1	e	127.671812695934	37.568295	0.0	4.965243E-4
place.seoul	DEFAULT	ITALIC	0	2	o	127.96317981437831	37.568295	0.0	4.965243E-4
place.seoul	DEFAULT	ITALIC	0	3	u	128.28787044490275	37.568295	0.0	4.965243E-4
place.seoul	DEFAULT	ITALIC	0	4	l	128.722785	37.568295	0.0	4.965243E-4
place.seoul	CAPITAL	SERIF	0	0	S	127.32778499999998	37.568295	0.0	5.958292E-4
place.seoul	CAPITAL	SERIF	0	1	E	127.64758737154148	37.568295	0.0	5.958292E-4
place.seoul	CAPITAL	SERIF	0	2	O	128.03547669960471	37.568295	0.0	5.958292E-4
place.seoul	CAPITAL	SERIF	0	3	U	128.56022768774702	37.568295	0.0	5.958292E-4
place.seoul	CAPITAL	SERIF	0	4	L	129.067785	37.568295	0.0	5.958292E-4
place.fusan	DEFAULT	ITALIC	0	0	F	129.228102	35.096999	0.0	3.9721947E-4
place.fusan	DEFAULT	ITALIC	0	1	u	129.55888071148462	35.096999	0.0	3.9721947E-4
place.fusan	DEFAULT	ITALIC	0	2	s	129.8896594229692	35.096999	0.0	3.9721947E-4
place.fusan	DEFAULT	ITALIC	0	3	a	130.06902076750703	35.096999	0.0	3.9721947E-4
place.fusan	DEFAULT	ITALIC	0	4	n	130.38810200000003	35.096999	0.0	3.9721947E-4
place.fusan	CAPITAL	SERIF	0	0	F	129.27210200000002	35.096999	0.0	4.7666335E-4
place.fusan	CAPITAL	SERIF	0	1	U	129.5681983855422	35.096999	0.0	4.7666335E-4
place.fusan	CAPITAL	SERIF	0	2	S	129.99499356626507	35.096999	0.0	4.7666335E-4
place.fusan	CAPITAL	SERIF	0	3	A	130.26390922891568	35.096999	0.0	4.7666335E-4
place.fusan	CAPITAL	SERIF	0	4	N	130.664102	35.096999	0.0	4.7666335E-4
place.bangkok	DEFAULT	ITALIC	0	0	B	100.789699	13.751945	0.0	4.965243E-4
place.bangkok	DEFAULT	ITALIC	0	1	a	101.19855815492957	13.751945	0.0	4.965243E-4
place.bangkok	DEFAULT	ITALIC	0	2	n	101.54951942253521	13.751945	0.0	4.965243E-4
place.bangkok	DEFAULT	ITALIC	0	3	g	101.92621308450704	13.751945	0.0	4.965243E-4
place.bangkok	DEFAULT	ITALIC	0	4	k	102.22285040845071	13.751945	0.0	4.965243E-4
place.bangkok	DEFAULT	ITALIC	0	5	o	102.54807928169014	13.751945	0.0	4.965243E-4
place.bangkok	DEFAULT	ITALIC	0	6	k	102.819699	13.751945	0.0	4.965243E-4
place.bangkok	CAPITAL	SERIF	0	0	B	100.84469899999999	13.751945	0.0	5.958292E-4
place.bangkok	CAPITAL	SERIF	0	1	A	101.1816292544769	13.751945	0.0	5.958292E-4
place.bangkok	CAPITAL	SERIF	0	2	N	101.57882812346843	13.751945	0.0	5.958292E-4
place.bangkok	CAPITAL	SERIF	0	3	G	102.03342567295005	13.751945	0.0	5.958292E-4
place.bangkok	CAPITAL	SERIF	0	4	K	102.4518620537229	13.751945	0.0	5.958292E-4
place.bangkok	CAPITAL	SERIF	0	5	O	102.8427470678605	13.751945	0.0	5.958292E-4
place.bangkok	CAPITAL	SERIF	0	6	K	103.280699	13.751945	0.0	5.958292E-4
place.saigon	DEFAULT	ITALIC	0	0	S	106.922985	10.762125	0.0	3.9721947E-4
place.saigon	DEFAULT	ITALIC	0	1	a	107.24055412554958	10.762125	0.0	3.9721947E-4
place.saigon	DEFAULT	ITALIC	0	2	i	107.57444372007816	10.762125	0.0	3.9721947E-4
place.saigon	DEFAULT	ITALIC	0	3	g	107.77436946507083	10.762125	0.0	3.9721947E-4
place.saigon	DEFAULT	ITALIC	0	4	o	108.05657757449926	10.762125	0.0	3.9721947E-4
place.saigon	DEFAULT	ITALIC	0	5	n	108.314985	10.762125	0.0	3.9721947E-4
place.saigon	CAPITAL	SERIF	0	0	S	106.966985	10.762125	0.0	4.7666335E-4
place.saigon	CAPITAL	SERIF	0	1	A	107.22684983773837	10.762125	0.0	4.7666335E-4
place.saigon	CAPITAL	SERIF	0	2	I	107.61357342422214	10.762125	0.0	4.7666335E-4
place.saigon	CAPITAL	SERIF	0	3	G	107.80358212278354	10.762125	0.0	4.7666335E-4
place.saigon	CAPITAL	SERIF	0	4	O	108.21098312646369	10.762125	0.0	4.7666335E-4
place.saigon	CAPITAL	SERIF	0	5	N	108.637385	10.762125	0.0	4.7666335E-4
place.hanoi	DEFAULT	ITALIC	0	0	H	106.068068	21.035273	0.0	3.9721947E-4
place.hanoi	DEFAULT	ITALIC	0	1	a	106.473447246161	21.035273	0.0	3.9721947E-4
place.hanoi	DEFAULT	ITALIC	0	2	n	106.73848214611446	21.035273	0.0	3.9721947E-4
place.hanoi	DEFAULT	ITALIC	0	3	o	107.0229493401582	21.035273	0.0	3.9721947E-4
place.hanoi	DEFAULT	ITALIC	0	4	i	107.228068	21.035273	0.0	3.9721947E-4
place.hanoi	CAPITAL	SERIF	0	0	H	106.112068	21.035273	0.0	4.7666335E-4
place.hanoi	CAPITAL	SERIF	0	1	A	106.48090018842001	21.035273	0.0	4.7666335E-4
place.hanoi	CAPITAL	SERIF	0	2	N	106.7960012679097	21.035273	0.0	4.7666335E-4
place.hanoi	CAPITAL	SERIF	0	3	O	107.15663718547594	21.035273	0.0	4.7666335E-4
place.hanoi	CAPITAL	SERIF	0	4	I	107.50406799999999	21.035273	0.0	4.7666335E-4
place.haiphong	DEFAULT	ITALIC	0	0	H	106.898147	20.831952	0.0	3.9721947E-4
place.haiphong	DEFAULT	ITALIC	0	1	a	107.31175412166172	20.831952	0.0	3.9721947E-4
place.haiphong	DEFAULT	ITALIC	0	2	i	107.58216836498515	20.831952	0.0	3.9721947E-4
place.haiphong	DEFAULT	ITALIC	0	3	p	107.74408646587537	20.831952	0.0	3.9721947E-4
place.haiphong	DEFAULT	ITALIC	0	4	h	107.98586213353114	20.831952	0.0	3.9721947E-4
place.haiphong	DEFAULT	ITALIC	0	5	o	108.2546241513353	20.831952	0.0	3.9721947E-4
place.haiphong	DEFAULT	ITALIC	0	6	n	108.46390605044509	20.831952	0.0	3.9721947E-4
place.haiphong	DEFAULT	ITALIC	0	7	g	108.75414699999999	20.831952	0.0	3.9721947E-4
place.haiphong	CAPITAL	SERIF	0	0	H	106.94214699999999	20.831952	0.0	4.7666335E-4
place.haiphong	CAPITAL	SERIF	0	1	A	107.32122495755411	20.831952	0.0	4.7666335E-4
place.haiphong	CAPITAL	SERIF	0	2	I	107.6450792126497	20.831952	0.0	4.7666335E-4
place.haiphong	CAPITAL	SERIF	0	3	P	107.80419835532675	20.831952	0.0	4.7666335E-4
place.haiphong	CAPITAL	SERIF	0	4	H	108.06253296343769	20.831952	0.0	4.7666335E-4
place.haiphong	CAPITAL	SERIF	0	5	O	108.4416109209918	20.831952	0.0	4.7666335E-4
place.haiphong	CAPITAL	SERIF	0	6	N	108.79869299705821	20.831952	0.0	4.7666335E-4
place.haiphong	CAPITAL	SERIF	0	7	G	109.169347	20.831952	0.0	4.7666335E-4
place.batavia	DEFAULT	ITALIC	0	0	B	107.10249200000001	-6.172472	0.0	4.965243E-4
place.batavia	DEFAULT	ITALIC	0	1	a	107.5578488627451	-6.172472	0.0	4.965243E-4
place.batavia	DEFAULT	ITALIC	0	2	t	107.94872337254903	-6.172472	0.0	4.965243E-4
place.batavia	DEFAULT	ITALIC	0	3	a	108.18117827450982	-6.172472	0.0	4.965243E-4
place.batavia	DEFAULT	ITALIC	0	4	v	108.57205278431374	-6.172472	0.0	4.965243E-4
place.batavia	DEFAULT	ITALIC	0	5	i	108.89844494117648	-6.172472	0.0	4.965243E-4
place.batavia	DEFAULT	ITALIC	0	6	a	109.13249200000001	-6.172472	0.0	4.965243E-4
place.batavia	CAPITAL	SERIF	0	0	B	107.157492	-6.172472	0.0	5.958292E-4
place.batavia	CAPITAL	SERIF	0	1	A	107.54893245989598	-6.172472	0.0	5.958292E-4
place.batavia	CAPITAL	SERIF	0	2	T	108.01039208212428	-6.172472	0.0	5.958292E-4
place.batavia	CAPITAL	SERIF	0	3	A	108.45718102272106	-6.172472	0.0	5.958292E-4
place.batavia	CAPITAL	SERIF	0	4	V	108.91864064494936	-6.172472	0.0	5.958292E-4
place.batavia	CAPITAL	SERIF	0	5	I	109.36676328387628	-6.172472	0.0	5.958292E-4
place.batavia	CAPITAL	SERIF	0	6	A	109.59349200000001	-6.172472	0.0	5.958292E-4
place.surabaya	DEFAULT	ITALIC	0	0	S	112.968887	-7.24729	0.0	3.9721947E-4
place.surabaya	DEFAULT	ITALIC	0	1	u	113.24051094233782	-7.24729	0.0	3.9721947E-4
place.surabaya	DEFAULT	ITALIC	0	2	r	113.53656359041052	-7.24729	0.0	3.9721947E-4
place.surabaya	DEFAULT	ITALIC	0	3	a	113.75700357787527	-7.24729	0.0	3.9721947E-4
place.surabaya	DEFAULT	ITALIC	0	4	b	114.04258678063302	-7.24729	0.0	3.9721947E-4
place.surabaya	DEFAULT	ITALIC	0	5	a	114.3037412776559	-7.24729	0.0	3.9721947E-4
place.surabaya	DEFAULT	ITALIC	0	6	y	114.58932448041365	-7.24729	0.0	3.9721947E-4
place.surabaya	DEFAULT	ITALIC	0	7	a	114.82488699999999	-7.24729	0.0	3.9721947E-4
place.surabaya	CAPITAL	SERIF	0	0	S	113.01288699999999	-7.24729	0.0	4.7666335E-4
place.surabaya	CAPITAL	SERIF	0	1	U	113.24483504031355	-7.24729	0.0	4.7666335E-4
place.surabaya	CAPITAL	SERIF	0	2	R	113.6129590268757	-7.24729	0.0	4.7666335E-4
place.surabaya	CAPITAL	SERIF	0	3	A	113.9686126886898	-7.24729	0.0	4.7666335E-4
place.surabaya	CAPITAL	SERIF	0	4	B	114.31379127771557	-7.24729	0.0	4.7666335E-4
place.surabaya	CAPITAL	SERIF	0	5	A	114.60659450279955	-7.24729	0.0	4.7666335E-4
place.surabaya	CAPITAL	SERIF	0	6	Y	114.9517730918253	-7.24729	0.0	4.7666335E-4
place.surabaya	CAPITAL	SERIF	0	7	A	115.240087	-7.24729	0.0	4.7666335E-4
place.makassar	DEFAULT	ITALIC	0	0	M	119.650082	-5.138013	0.0	3.9721947E-4
place.makassar	DEFAULT	ITALIC	0	1	a	120.17998577412848	-5.138013	0.0	3.9721947E-4
place.makassar	DEFAULT	ITALIC	0	2	k	120.44253143820224	-5.138013	0.0	3.9721947E-4
place.makassar	DEFAULT	ITALIC	0	3	a	120.68582731835205	-5.138013	0.0	3.9721947E-4
place.makassar	DEFAULT	ITALIC	0	4	s	120.94837298242581	-5.138013	0.0	3.9721947E-4
place.makassar	DEFAULT	ITALIC	0	5	s	121.09595465917603	-5.138013	0.0	3.9721947E-4
place.makassar	DEFAULT	ITALIC	0	6	a	121.24353633592624	-5.138013	0.0	3.9721947E-4
place.makassar	DEFAULT	ITALIC	0	7	r	121.50608199999999	-5.138013	0.0	3.9721947E-4
place.makassar	CAPITAL	SERIF	0	0	M	119.694082	-5.138013	0.0	4.7666335E-4
place.makassar	CAPITAL	SERIF	0	1	A	120.13146369136878	-5.138013	0.0	4.7666335E-4
place.makassar	CAPITAL	SERIF	0	2	K	120.46738836442894	-5.138013	0.0	4.7666335E-4
place.makassar	CAPITAL	SERIF	0	3	A	120.79797319442022	-5.138013	0.0	4.7666335E-4
place.makassar	CAPITAL	SERIF	0	4	S	121.13389786748039	-5.138013	0.0	4.7666335E-4
place.makassar	CAPITAL	SERIF	0	5	S	121.35962759721012	-5.138013	0.0	4.7666335E-4
place.makassar	CAPITAL	SERIF	0	6	A	121.58535732693984	-5.138013	0.0	4.7666335E-4
place.makassar	CAPITAL	SERIF	0	7	R	121.921282	-5.138013	0.0	4.7666335E-4
place.medan	DEFAULT	ITALIC	0	0	M	98.785594	3.58192	0.0	2.4826216E-4
place.medan	DEFAULT	ITALIC	0	1	e	99.0927658683198	3.58192	0.0	2.4826216E-4
place.medan	DEFAULT	ITALIC	0	2	d	99.19846274732792	3.58192	0.0	2.4826216E-4
place.medan	DEFAULT	ITALIC	0	3	a	99.35840289268918	3.58192	0.0	2.4826216E-4
place.medan	DEFAULT	ITALIC	0	4	n	99.510594	3.58192	0.0	2.4826216E-4
place.medan	CAPITAL	SERIF	0	0	M	98.81309399999999	3.58192	0.0	2.979146E-4
place.medan	CAPITAL	SERIF	0	1	E	99.08237259841978	3.58192	0.0	2.979146E-4
place.medan	CAPITAL	SERIF	0	2	D	99.25093323050497	3.58192	0.0	2.979146E-4
place.medan	CAPITAL	SERIF	0	3	A	99.4762784726898	3.58192	0.0	2.979146E-4
place.medan	CAPITAL	SERIF	0	4	N	99.683094	3.58192	0.0	2.979146E-4
place.manila	DEFAULT	ITALIC	0	0	M	121.40422830419084	14.904019608381688	0.0	4.965243E-4
place.manila	DEFAULT	ITALIC	0	1	a	122.01067087498264	14.904019608381688	0.0	4.965243E-4
place.manila	DEFAULT	ITALIC	0	2	n	122.28107636582078	14.904019608381688	0.0	4.965243E-4
place.manila	DEFAULT	ITALIC	0	3	i	122.57567652641559	14.904019608381688	0.0	4.965243E-4
place.manila	DEFAULT	ITALIC	0	4	l	122.713683407752	14.904019608381688	0.0	4.965243E-4
place.manila	DEFAULT	ITALIC	0	5	a	122.84631369580916	14.904019608381688	0.0	4.965243E-4
place.manila	CAPITAL	SERIF	0	0	M	121.45922830419084	14.904019608381688	0.0	5.958292E-4
place.manila	CAPITAL	SERIF	0	1	A	121.9681821005562	14.904019608381688	0.0	5.958292E-4
place.manila	CAPITAL	SERIF	0	2	N	122.34525557053898	14.904019608381688	0.0	5.958292E-4
place.manila	CAPITAL	SERIF	0	3	I	122.78542967515457	14.904019608381688	0.0	5.958292E-4
place.manila	CAPITAL	SERIF	0	4	L	122.94038891122982	14.904019608381688	0.0	5.958292E-4
place.manila	CAPITAL	SERIF	0	5	A	123.24931369580915	14.904019608381688	0.0	5.958292E-4
place.singapore	DEFAULT	ITALIC	0	0	S	104.128875	1.5928936083816887	0.0	4.965243E-4
place.singapore	DEFAULT	ITALIC	0	1	i	104.4882116745283	1.5928936083816887	0.0	4.965243E-4
place.singapore	DEFAULT	ITALIC	0	2	n	104.71443219339622	1.5928936083816887	0.0	4.965243E-4
place.singapore	DEFAULT	ITALIC	0	3	g	105.11993632075472	1.5928936083816887	0.0	4.965243E-4
place.singapore	DEFAULT	ITALIC	0	4	a	105.4392612028302	1.5928936083816887	0.0	4.965243E-4
place.singapore	DEFAULT	ITALIC	0	5	p	105.81706485849057	1.5928936083816887	0.0	4.965243E-4
place.singapore	DEFAULT	ITALIC	0	6	o	106.15485672169812	1.5928936083816887	0.0	4.965243E-4
place.singapore	DEFAULT	ITALIC	0	7	r	106.44725058962264	1.5928936083816887	0.0	4.965243E-4
place.singapore	DEFAULT	ITALIC	0	8	e	106.73887500000001	1.5928936083816887	0.0	4.965243E-4
place.singapore	CAPITAL	SERIF	0	0	S	104.183875	1.5928936083816887	0.0	5.958292E-4
place.singapore	CAPITAL	SERIF	0	1	I	104.47249568965518	1.5928936083816887	0.0	5.958292E-4
place.singapore	CAPITAL	SERIF	0	2	N	104.6835301724138	1.5928936083816887	0.0	5.958292E-4
place.singapore	CAPITAL	SERIF	0	3	G	105.17511637931035	1.5928936083816887	0.0	5.958292E-4
place.singapore	CAPITAL	SERIF	0	4	A	105.62759913793104	1.5928936083816887	0.0	5.958292E-4
place.singapore	CAPITAL	SERIF	0	5	P	106.05711637931034	1.5928936083816887	0.0	5.958292E-4
place.singapore	CAPITAL	SERIF	0	6	O	106.39973706896552	1.5928936083816887	0.0	5.958292E-4
place.singapore	CAPITAL	SERIF	0	7	R	106.87332327586208	1.5928936083816887	0.0	5.958292E-4
place.singapore	CAPITAL	SERIF	0	8	E	107.315875	1.5928936083816887	0.0	5.958292E-4
place.penang	DEFAULT	ITALIC	0	0	P	100.43020216246809	5.6519446750638185	0.0	3.9721947E-4
place.penang	DEFAULT	ITALIC	0	1	e	100.70385393512254	5.6519446750638185	0.0	3.9721947E-4
place.penang	DEFAULT	ITALIC	0	2	n	100.84977324448171	5.6519446750638185	0.0	3.9721947E-4
place.penang	DEFAULT	ITALIC	0	3	a	101.10128472349831	5.6519446750638185	0.0	3.9721947E-4
place.penang	DEFAULT	ITALIC	0	4	n	101.33235900838767	5.6519446750638185	0.0	3.9721947E-4
place.penang	DEFAULT	ITALIC	0	5	g	101.58387048740427	5.6519446750638185	0.0	3.9721947E-4
place.penang	CAPITAL	SERIF	0	0	P	100.47420216246809	5.6519446750638185	0.0	4.7666335E-4
place.penang	CAPITAL	SERIF	0	1	E	100.69836978971948	5.6519446750638185	0.0	4.7666335E-4
place.penang	CAPITAL	SERIF	0	2	N	100.92844685093313	5.6519446750638185	0.0	4.7666335E-4
place.penang	CAPITAL	SERIF	0	3	A	101.2708031574298	5.6519446750638185	0.0	4.7666335E-4
place.penang	CAPITAL	SERIF	0	4	N	101.5639141809076	5.6519446750638185	0.0	4.7666335E-4
place.penang	CAPITAL	SERIF	0	5	G	101.90627048740427	5.6519446750638185	0.0	4.7666335E-4
place.sydney	DEFAULT	ITALIC	0	0	S	151.487548	-33.57345839161831	0.0	4.965243E-4
place.sydney	DEFAULT	ITALIC	0	1	y	151.84773417021276	-33.57345839161831	0.0	4.965243E-4
place.sydney	DEFAULT	ITALIC	0	2	d	152.16010119148936	-33.57345839161831	0.0	4.965243E-4
place.sydney	DEFAULT	ITALIC	0	3	n	152.55807991489363	-33.57345839161831	0.0	4.965243E-4
place.sydney	DEFAULT	ITALIC	0	4	e	152.96454268085108	-33.57345839161831	0.0	4.965243E-4
place.sydney	DEFAULT	ITALIC	0	5	y	153.227548	-33.57345839161831	0.0	4.965243E-4
place.sydney	CAPITAL	SERIF	0	0	S	151.54254799999998	-33.57345839161831	0.0	5.958292E-4
place.sydney	CAPITAL	SERIF	0	1	Y	151.85048329971454	-33.57345839161831	0.0	5.958292E-4
place.sydney	CAPITAL	SERIF	0	2	D	152.233250188392	-33.57345839161831	0.0	5.958292E-4
place.sydney	CAPITAL	SERIF	0	3	N	152.73256893244528	-33.57345839161831	0.0	5.958292E-4
place.sydney	CAPITAL	SERIF	0	4	E	153.25705228163653	-33.57345839161831	0.0	5.958292E-4
place.sydney	CAPITAL	SERIF	0	5	Y	153.630548	-33.57345839161831	0.0	5.958292E-4
place.melbourne	DEFAULT	ITALIC	0	0	M	145.19307	-37.57975432493618	0.0	3.9721947E-4
place.melbourne	DEFAULT	ITALIC	0	1	e	145.72885663904714	-37.57975432493618	0.0	3.9721947E-4
place.melbourne	DEFAULT	ITALIC	0	2	l	145.91321914552046	-37.57975432493618	0.0	3.9721947E-4
place.melbourne	DEFAULT	ITALIC	0	3	b	146.06784576385294	-37.57975432493618	0.0	3.9721947E-4
place.melbourne	DEFAULT	ITALIC	0	4	o	146.3105987415847	-37.57975432493618	0.0	3.9721947E-4
place.melbourne	DEFAULT	ITALIC	0	5	u	146.51604669601244	-37.57975432493618	0.0	3.9721947E-4
place.melbourne	DEFAULT	ITALIC	0	6	r	146.79123882444333	-37.57975432493618	0.0	3.9721947E-4
place.melbourne	DEFAULT	ITALIC	0	7	n	146.99614612635943	-37.57975432493618	0.0	3.9721947E-4
place.melbourne	DEFAULT	ITALIC	0	8	e	147.28107000000003	-37.57975432493618	0.0	3.9721947E-4
place.melbourne	CAPITAL	SERIF	0	0	M	145.23707	-37.57975432493618	0.0	4.7666335E-4
place.melbourne	CAPITAL	SERIF	0	1	E	145.63720215171924	-37.57975432493618	0.0	4.7666335E-4
place.melbourne	CAPITAL	SERIF	0	2	L	145.8876733321517	-37.57975432493618	0.0	4.7666335E-4
place.melbourne	CAPITAL	SERIF	0	3	B	146.1470264693371	-37.57975432493618	0.0	4.7666335E-4
place.melbourne	CAPITAL	SERIF	0	4	O	146.40771190003545	-37.57975432493618	0.0	4.7666335E-4
place.melbourne	CAPITAL	SERIF	0	5	U	146.7465585501595	-37.57975432493618	0.0	4.7666335E-4
place.melbourne	CAPITAL	SERIF	0	6	R	147.07430275434243	-37.57975432493618	0.0	4.7666335E-4
place.melbourne	CAPITAL	SERIF	0	7	N	147.39094451258418	-37.57975432493618	0.0	4.7666335E-4
place.melbourne	CAPITAL	SERIF	0	8	E	147.74267	-37.57975432493618	0.0	4.7666335E-4
place.brisbane	DEFAULT	ITALIC	0	0	B	153.253147	-27.214753324936183	0.0	3.9721947E-4
place.brisbane	DEFAULT	ITALIC	0	1	r	153.6084455274431	-27.214753324936183	0.0	3.9721947E-4
place.brisbane	DEFAULT	ITALIC	0	2	i	153.84386185943777	-27.214753324936183	0.0	3.9721947E-4
place.brisbane	DEFAULT	ITALIC	0	3	s	154.02648033333335	-27.214753324936183	0.0	3.9721947E-4
place.brisbane	DEFAULT	ITALIC	0	4	b	154.19791808433735	-27.214753324936183	0.0	3.9721947E-4
place.brisbane	DEFAULT	ITALIC	0	5	a	154.47681500535475	-27.214753324936183	0.0	3.9721947E-4
place.brisbane	DEFAULT	ITALIC	0	6	n	154.7818002797858	-27.214753324936183	0.0	3.9721947E-4
place.brisbane	DEFAULT	ITALIC	0	7	e	155.109147	-27.214753324936183	0.0	3.9721947E-4
place.brisbane	CAPITAL	SERIF	0	0	B	153.29714700000002	-27.214753324936183	0.0	4.7666335E-4
place.brisbane	CAPITAL	SERIF	0	1	R	153.61021366666668	-27.214753324936183	0.0	4.7666335E-4
place.brisbane	CAPITAL	SERIF	0	2	I	153.99048033333335	-27.214753324936183	0.0	4.7666335E-4
place.brisbane	CAPITAL	SERIF	0	3	S	154.17181366666668	-27.214753324936183	0.0	4.7666335E-4
place.brisbane	CAPITAL	SERIF	0	4	B	154.41981366666667	-27.214753324936183	0.0	4.7666335E-4
place.brisbane	CAPITAL	SERIF	0	5	A	154.73288033333336	-27.214753324936183	0.0	4.7666335E-4
place.brisbane	CAPITAL	SERIF	0	6	N	155.101947	-27.214753324936183	0.0	4.7666335E-4
place.brisbane	CAPITAL	SERIF	0	7	E	155.524347	-27.214753324936183	0.0	4.7666335E-4
place.perth	DEFAULT	ITALIC	0	0	P	116.058053	-31.953069	0.0	3.9721947E-4
place.perth	DEFAULT	ITALIC	0	1	e	116.47412397591889	-31.953069	0.0	3.9721947E-4
place.perth	DEFAULT	ITALIC	0	2	r	116.72479571229404	-31.953069	0.0	3.9721947E-4
place.perth	DEFAULT	ITALIC	0	3	t	117.0034015424588	-31.953069	0.0	3.9721947E-4
place.perth	DEFAULT	ITALIC	0	4	h	117.218053	-31.953069	0.0	3.9721947E-4
place.perth	CAPITAL	SERIF	0	0	P	116.102053	-31.953069	0.0	4.7666335E-4
place.perth	CAPITAL	SERIF	0	1	E	116.40952959063625	-31.953069	0.0	4.7666335E-4
place.perth	CAPITAL	SERIF	0	2	R	116.72369045498199	-31.953069	0.0	4.7666335E-4
place.perth	CAPITAL	SERIF	0	3	T	117.12084771788714	-31.953069	0.0	4.7666335E-4
place.perth	CAPITAL	SERIF	0	4	H	117.494053	-31.953069	0.0	4.7666335E-4
place.adelaide	DEFAULT	ITALIC	0	0	A	138.818059	-34.69471032493618	0.0	3.9721947E-4
place.adelaide	DEFAULT	ITALIC	0	1	d	139.21175596969698	-34.69471032493618	0.0	3.9721947E-4
place.adelaide	DEFAULT	ITALIC	0	2	e	139.52049097936816	-34.69471032493618	0.0	3.9721947E-4
place.adelaide	DEFAULT	ITALIC	0	3	l	139.7245193481625	-34.69471032493618	0.0	3.9721947E-4
place.adelaide	DEFAULT	ITALIC	0	4	a	139.89563991553837	-34.69471032493618	0.0	3.9721947E-4
place.adelaide	DEFAULT	ITALIC	0	5	i	140.1894168336557	-34.69471032493618	0.0	3.9721947E-4
place.adelaide	DEFAULT	ITALIC	0	6	d	140.36532399032882	-34.69471032493618	0.0	3.9721947E-4
place.adelaide	DEFAULT	ITALIC	0	7	e	140.674059	-34.69471032493618	0.0	3.9721947E-4
place.adelaide	CAPITAL	SERIF	0	0	A	138.86205900000002	-34.69471032493618	0.0	4.7666335E-4
place.adelaide	CAPITAL	SERIF	0	1	D	139.21393626027398	-34.69471032493618	0.0	4.7666335E-4
place.adelaide	CAPITAL	SERIF	0	2	E	139.59734009589042	-34.69471032493618	0.0	4.7666335E-4
place.adelaide	CAPITAL	SERIF	0	3	L	139.88413023287671	-34.69471032493618	0.0	4.7666335E-4
place.adelaide	CAPITAL	SERIF	0	4	A	140.18109023287673	-34.69471032493618	0.0	4.7666335E-4
place.adelaide	CAPITAL	SERIF	0	5	I	140.5329674931507	-34.69471032493618	0.0	4.7666335E-4
place.adelaide	CAPITAL	SERIF	0	6	D	140.70585516438356	-34.69471032493618	0.0	4.7666335E-4
place.adelaide	CAPITAL	SERIF	0	7	E	141.089259	-34.69471032493618	0.0	4.7666335E-4
place.wellington	DEFAULT	ITALIC	0	0	W	175.052201	-41.292068	0.0	4.965243E-4
place.wellington	DEFAULT	ITALIC	0	1	e	175.84806005349793	-41.292068	0.0	4.965243E-4
place.wellington	DEFAULT	ITALIC	0	2	l	176.10240676131687	-41.292068	0.0	4.965243E-4
place.wellington	DEFAULT	ITALIC	0	3	l	176.31572980658436	-41.292068	0.0	4.965243E-4
place.wellington	DEFAULT	ITALIC	0	4	i	176.52905285185184	-41.292068	0.0	4.965243E-4
place.wellington	DEFAULT	ITALIC	0	5	n	176.74834297530862	-41.292068	0.0	4.965243E-4
place.wellington	DEFAULT	ITALIC	0	6	g	177.14142425102878	-41.292068	0.0	4.965243E-4
place.wellington	DEFAULT	ITALIC	0	7	t	177.45096643209874	-41.292068	0.0	4.965243E-4
place.wellington	DEFAULT	ITALIC	0	8	o	177.6687647860082	-41.292068	0.0	4.965243E-4
place.wellington	DEFAULT	ITALIC	0	9	n	177.95220099999997	-41.292068	0.0	4.965243E-4
place.wellington	CAPITAL	SERIF	0	0	W	175.10720099999998	-41.292068	0.0	5.958292E-4
place.wellington	CAPITAL	SERIF	0	1	E	175.6436668364187	-41.292068	0.0	5.958292E-4
place.wellington	CAPITAL	SERIF	0	2	L	175.97397986233588	-41.292068	0.0	5.958292E-4
place.wellington	CAPITAL	SERIF	0	3	L	176.3160061161225	-41.292068	0.0	5.958292E-4
place.wellington	CAPITAL	SERIF	0	4	I	176.6580323699091	-41.292068	0.0	5.958292E-4
place.wellington	CAPITAL	SERIF	0	5	N	176.857157243689	-41.292068	0.0	5.958292E-4
place.wellington	CAPITAL	SERIF	0	6	G	177.32100106731738	-41.292068	0.0	5.958292E-4
place.wellington	CAPITAL	SERIF	0	7	T	177.74794822315718	-41.292068	0.0	5.958292E-4
place.wellington	CAPITAL	SERIF	0	8	O	178.14034135678222	-41.292068	0.0	5.958292E-4
place.wellington	CAPITAL	SERIF	0	9	N	178.587201	-41.292068	0.0	5.958292E-4
place.auckland	DEFAULT	ITALIC	0	0	A	174.983027	-36.848055	0.0	3.9721947E-4
place.auckland	DEFAULT	ITALIC	0	1	u	175.36007176690336	-36.848055	0.0	3.9721947E-4
place.auckland	DEFAULT	ITALIC	0	2	c	175.65173709570854	-36.848055	0.0	3.9721947E-4
place.auckland	DEFAULT	ITALIC	0	3	k	175.83109121735103	-36.848055	0.0	3.9721947E-4
place.auckland	DEFAULT	ITALIC	0	4	l	176.09181366255015	-36.848055	0.0	3.9721947E-4
place.auckland	DEFAULT	ITALIC	0	5	a	176.25569634238963	-36.848055	0.0	3.9721947E-4
place.auckland	DEFAULT	ITALIC	0	6	n	176.53704737665944	-36.848055	0.0	3.9721947E-4
place.auckland	DEFAULT	ITALIC	0	7	d	176.839027	-36.848055	0.0	3.9721947E-4
place.auckland	CAPITAL	SERIF	0	0	A	175.027027	-36.848055	0.0	4.7666335E-4
place.auckland	CAPITAL	SERIF	0	1	U	175.3422698717529	-36.848055	0.0	4.7666335E-4
place.auckland	CAPITAL	SERIF	0	2	C	175.6784681945183	-36.848055	0.0	4.7666335E-4
place.auckland	CAPITAL	SERIF	0	3	K	176.00191102536306	-36.848055	0.0	4.7666335E-4
place.auckland	CAPITAL	SERIF	0	4	L	176.3121428110043	-36.848055	0.0	4.7666335E-4
place.auckland	CAPITAL	SERIF	0	5	A	176.57818592820618	-36.848055	0.0	4.7666335E-4
place.auckland	CAPITAL	SERIF	0	6	N	176.89342879995908	-36.848055	0.0	4.7666335E-4
place.auckland	CAPITAL	SERIF	0	7	D	177.254227	-36.848055	0.0	4.7666335E-4
place.christchurch	DEFAULT	ITALIC	0	0	C	172.850023	-43.535022	0.0	3.9721947E-4
place.christchurch	DEFAULT	ITALIC	0	1	h	173.25275202338375	-43.535022	0.0	3.9721947E-4
place.christchurch	DEFAULT	ITALIC	0	2	r	173.56421282118293	-43.535022	0.0	3.9721947E-4
place.christchurch	DEFAULT	ITALIC	0	3	i	173.80610553094908	-43.535022	0.0	3.9721947E-4
place.christchurch	DEFAULT	ITALIC	0	4	s	173.9937478968363	-43.535022	0.0	3.9721947E-4
place.christchurch	DEFAULT	ITALIC	0	5	t	174.16990195460798	-43.535022	0.0	3.9721947E-4
place.christchurch	DEFAULT	ITALIC	0	6	c	174.35626784181568	-43.535022	0.0	3.9721947E-4
place.christchurch	DEFAULT	ITALIC	0	7	h	174.55603675515817	-43.535022	0.0	3.9721947E-4
place.christchurch	DEFAULT	ITALIC	0	8	u	174.86749755295736	-43.535022	0.0	3.9721947E-4
place.christchurch	DEFAULT	ITALIC	0	9	r	175.1923613768913	-43.535022	0.0	3.9721947E-4
place.christchurch	DEFAULT	ITALIC	0	10	c	175.4342540866575	-43.535022	0.0	3.9721947E-4
place.christchurch	DEFAULT	ITALIC	0	11	h	175.63402299999998	-43.535022	0.0	3.9721947E-4
place.christchurch	CAPITAL	SERIF	0	0	C	172.894023	-43.535022	0.0	4.7666335E-4
place.christchurch	CAPITAL	SERIF	0	1	H	173.21503639829476	-43.535022	0.0	4.7666335E-4
place.christchurch	CAPITAL	SERIF	0	2	R	173.58126295127894	-43.535022	0.0	4.7666335E-4
place.christchurch	CAPITAL	SERIF	0	3	I	173.90363274421438	-43.535022	0.0	4.7666335E-4
place.christchurch	CAPITAL	SERIF	0	4	S	174.05735747015834	-43.535022	0.0	4.7666335E-4
place.christchurch	CAPITAL	SERIF	0	5	T	174.26759863946407	-43.535022	0.0	4.7666335E-4
place.christchurch	CAPITAL	SERIF	0	6	C	174.57052677588308	-43.535022	0.0	4.7666335E-4
place.christchurch	CAPITAL	SERIF	0	7	H	174.89154017417783	-43.535022	0.0	4.7666335E-4
place.christchurch	CAPITAL	SERIF	0	8	U	175.257766727162	-43.535022	0.0	4.7666335E-4
place.christchurch	CAPITAL	SERIF	0	9	R	175.5914398087698	-43.535022	0.0	4.7666335E-4
place.christchurch	CAPITAL	SERIF	0	10	C	175.91380960170525	-43.535022	0.0	4.7666335E-4
place.christchurch	CAPITAL	SERIF	0	11	H	176.234823	-43.535022	0.0	4.7666335E-4
place.honolulu	DEFAULT	ITALIC	0	0	H	-157.583301	21.303429	0.0	4.965243E-4
place.honolulu	DEFAULT	ITALIC	0	1	o	-157.0246860593139	21.303429	0.0	4.965243E-4
place.honolulu	DEFAULT	ITALIC	0	2	n	-156.74203136229562	21.303429	0.0	4.965243E-4
place.honolulu	DEFAULT	ITALIC	0	3	o	-156.35003392722027	21.303429	0.0	4.965243E-4
place.honolulu	DEFAULT	ITALIC	0	4	l	-156.067379230202	21.303429	0.0	4.965243E-4
place.honolulu	DEFAULT	ITALIC	0	5	u	-155.85464437928823	21.303429	0.0	4.965243E-4
place.honolulu	DEFAULT	ITALIC	0	6	l	-155.47603585091377	21.303429	0.0	4.965243E-4
place.honolulu	DEFAULT	ITALIC	0	7	u	-155.263301	21.303429	0.0	4.965243E-4
place.honolulu	CAPITAL	SERIF	0	0	H	-157.528301	21.303429	0.0	5.958292E-4
place.honolulu	CAPITAL	SERIF	0	1	o	-156.85212708695653	21.303429	0.0	5.958292E-4
place.honolulu	CAPITAL	SERIF	0	2	n	-156.43890969565217	21.303429	0.0	5.958292E-4
place.honolulu	CAPITAL	SERIF	0	3	o	-155.99814447826088	21.303429	0.0	5.958292E-4
place.honolulu	CAPITAL	SERIF	0	4	l	-155.58492708695653	21.303429	0.0	5.958292E-4
place.honolulu	CAPITAL	SERIF	0	5	u	-155.38457926086957	21.303429	0.0	5.958292E-4
place.honolulu	CAPITAL	SERIF	0	6	l	-154.94464882608696	21.303429	0.0	5.958292E-4
place.honolulu	CAPITAL	SERIF	0	7	u	-154.744301	21.303429	0.0	5.958292E-4
place.suva	DEFAULT	ITALIC	0	0	S	178.716707	-18.133016	0.0	4.965243E-4
place.suva	DEFAULT	ITALIC	0	1	u	179.13788304617606	-18.133016	0.0	4.965243E-4
place.suva	DEFAULT	ITALIC	0	2	v	179.59693788023088	-18.133016	0.0	4.965243E-4
place.suva	DEFAULT	ITALIC	0	3	a	179.966707	-18.133016	0.0	4.965243E-4
place.suva	CAPITAL	SERIF	0	0	S	178.77170700000002	-18.133016	0.0	5.958292E-4
place.suva	CAPITAL	SERIF	0	1	U	179.14370700000003	-18.133016	0.0	5.958292E-4
place.suva	CAPITAL	SERIF	0	2	V	179.73410700000002	-18.133016	0.0	5.958292E-4
place.suva	CAPITAL	SERIF	0	3	A	180.27170700000002	-18.133016	0.0	5.958292E-4
place.noumea	DEFAULT	ITALIC	0	0	N	166.664285	-22.262528	0.0	3.9721947E-4
place.noumea	DEFAULT	ITALIC	0	1	o	167.04895596774193	-22.262528	0.0	3.9721947E-4
place.noumea	DEFAULT	ITALIC	0	2	u	167.23854736559142	-22.262528	0.0	3.9721947E-4
place.noumea	DEFAULT	ITALIC	0	3	m	167.49250005376345	-22.262528	0.0	3.9721947E-4
place.noumea	DEFAULT	ITALIC	0	4	e	167.88615166666668	-22.262528	0.0	3.9721947E-4
place.noumea	DEFAULT	ITALIC	0	5	a	168.056285	-22.262528	0.0	3.9721947E-4
place.noumea	CAPITAL	SERIF	0	0	N	166.70828500000002	-22.262528	0.0	4.7666335E-4
place.noumea	CAPITAL	SERIF	0	1	O	167.06032246673763	-22.262528	0.0	4.7666335E-4
place.noumea	CAPITAL	SERIF	0	2	U	167.39946967269825	-22.262528	0.0	4.7666335E-4
place.noumea	CAPITAL	SERIF	0	3	M	167.72750458488557	-22.262528	0.0	4.7666335E-4
place.noumea	CAPITAL	SERIF	0	4	E	168.12799165247472	-22.262528	0.0	4.7666335E-4
place.noumea	CAPITAL	SERIF	0	5	A	168.378685	-22.262528	0.0	4.7666335E-4
place.apia	DEFAULT	ITALIC	0	0	A	-171.493599	-13.835715	0.0	4.965243E-4
place.apia	DEFAULT	ITALIC	0	1	p	-170.90229777785765	-13.835715	0.0	4.965243E-4
place.apia	DEFAULT	ITALIC	0	2	i	-170.507797418404	-13.835715	0.0	4.965243E-4
place.apia	DEFAULT	ITALIC	0	3	a	-170.243599	-13.835715	0.0	4.965243E-4
place.apia	CAPITAL	SERIF	0	0	A	-171.43859899999998	-13.835715	0.0	5.958292E-4
place.apia	CAPITAL	SERIF	0	1	P	-170.78329596969695	-13.835715	0.0	5.958292E-4
place.apia	CAPITAL	SERIF	0	2	I	-170.26056869696967	-13.835715	0.0	5.958292E-4
place.apia	CAPITAL	SERIF	0	3	A	-169.93859899999998	-13.835715	0.0	5.958292E-4
place.tegucigalpa	DEFAULT	ITALIC	0	0	T	-86.944475	14.103991	0.0	4.965243E-4
place.tegucigalpa	DEFAULT	ITALIC	0	1	e	-86.46346166666666	14.103991	0.0	4.965243E-4
place.tegucigalpa	DEFAULT	ITALIC	0	2	g	-86.199755	14.103991	0.0	4.965243E-4
place.tegucigalpa	DEFAULT	ITALIC	0	3	u	-85.87882166666667	14.103991	0.0	4.965243E-4
place.tegucigalpa	DEFAULT	ITALIC	0	4	c	-85.485195	14.103991	0.0	4.965243E-4
place.tegucigalpa	DEFAULT	ITALIC	0	5	i	-85.24314166666666	14.103991	0.0	4.965243E-4
place.tegucigalpa	DEFAULT	ITALIC	0	6	g	-85.01578166666667	14.103991	0.0	4.965243E-4
place.tegucigalpa	DEFAULT	ITALIC	0	7	a	-84.69484833333333	14.103991	0.0	4.965243E-4
place.tegucigalpa	DEFAULT	ITALIC	0	8	l	-84.31514166666666	14.103991	0.0	4.965243E-4
place.tegucigalpa	DEFAULT	ITALIC	0	9	p	-84.09396833333334	14.103991	0.0	4.965243E-4
place.tegucigalpa	DEFAULT	ITALIC	0	10	a	-83.754475	14.103991	0.0	4.965243E-4
place.tegucigalpa	CAPITAL	SERIF	0	0	T	-86.889475	14.103991	0.0	5.958292E-4
place.tegucigalpa	CAPITAL	SERIF	0	1	e	-86.28840633348958	14.103991	0.0	5.958292E-4
place.tegucigalpa	CAPITAL	SERIF	0	2	g	-85.93853054253574	14.103991	0.0	5.958292E-4
place.tegucigalpa	CAPITAL	SERIF	0	3	u	-85.54828446801031	14.103991	0.0	5.958292E-4
place.tegucigalpa	CAPITAL	SERIF	0	4	c	-85.0755035915163	14.103991	0.0	5.958292E-4
place.tegucigalpa	CAPITAL	SERIF	0	5	i	-84.71037680454653	14.103991	0.0	5.958292E-4
place.tegucigalpa	CAPITAL	SERIF	0	6	g	-84.4905830384345	14.103991	0.0	5.958292E-4
place.tegucigalpa	CAPITAL	SERIF	0	7	a	-84.10033696390907	14.103991	0.0	5.958292E-4
place.tegucigalpa	CAPITAL	SERIF	0	8	l	-83.74238711624092	14.103991	0.0	5.958292E-4
place.tegucigalpa	CAPITAL	SERIF	0	9	p	-83.52707893719241	14.103991	0.0	5.958292E-4
place.tegucigalpa	CAPITAL	SERIF	0	10	a	-83.061475	14.103991	0.0	5.958292E-4
place.san-salvador	DEFAULT	ITALIC	0	0	S	-88.940576	13.70328	0.0	4.965243E-4
place.san-salvador	DEFAULT	ITALIC	0	1	a	-88.60954553025815	13.70328	0.0	4.965243E-4
place.san-salvador	DEFAULT	ITALIC	0	2	n	-88.26150278798137	13.70328	0.0	4.965243E-4
place.san-salvador	DEFAULT	ITALIC	0	3	\s	-87.88794163690224	13.70328	0.0	4.965243E-4
place.san-salvador	DEFAULT	ITALIC	0	4	S	-87.7461726991113	13.70328	0.0	4.965243E-4
place.san-salvador	DEFAULT	ITALIC	0	5	a	-87.41514222936944	13.70328	0.0	4.965243E-4
place.san-salvador	DEFAULT	ITALIC	0	6	l	-87.06709948709268	13.70328	0.0	4.965243E-4
place.san-salvador	DEFAULT	ITALIC	0	7	v	-86.86436990605162	13.70328	0.0	4.965243E-4
place.san-salvador	DEFAULT	ITALIC	0	8	a	-86.5737435835802	13.70328	0.0	4.965243E-4
place.san-salvador	DEFAULT	ITALIC	0	9	d	-86.22570084130342	13.70328	0.0	4.965243E-4
place.san-salvador	DEFAULT	ITALIC	0	10	o	-85.85993698180279	13.70328	0.0	4.965243E-4
place.san-salvador	DEFAULT	ITALIC	0	11	r	-85.590576	13.70328	0.0	4.965243E-4
place.san-salvador	CAPITAL	SERIF	0	0	S	-88.885576	13.70328	0.0	5.958292E-4
place.san-salvador	CAPITAL	SERIF	0	1	a	-88.4732910419056	13.70328	0.0	5.958292E-4
place.san-salvador	CAPITAL	SERIF	0	2	n	-88.11952394883106	13.70328	0.0	5.958292E-4
place.san-salvador	CAPITAL	SERIF	0	3	\s	-87.65138102867225	13.70328	0.0	5.958292E-4
place.san-salvador	CAPITAL	SERIF	0	4	S	-87.47405416497574	13.70328	0.0	5.958292E-4
place.san-salvador	CAPITAL	SERIF	0	5	a	-87.06176920688134	13.70328	0.0	5.958292E-4
place.san-salvador	CAPITAL	SERIF	0	6	l	-86.70800211380678	13.70328	0.0	5.958292E-4
place.san-salvador	CAPITAL	SERIF	0	7	v	-86.49520987737097	13.70328	0.0	5.958292E-4
place.san-salvador	CAPITAL	SERIF	0	8	a	-86.1068640458756	13.70328	0.0	5.958292E-4
place.san-salvador	CAPITAL	SERIF	0	9	d	-85.75309695280104	13.70328	0.0	5.958292E-4
place.san-salvador	CAPITAL	SERIF	0	10	o	-85.30445998764887	13.70328	0.0	5.958292E-4
place.san-salvador	CAPITAL	SERIF	0	11	r	-84.86557599999999	13.70328	0.0	5.958292E-4
place.managua	DEFAULT	ITALIC	0	0	M	-85.995437	12.154962	0.0	4.965243E-4
place.managua	DEFAULT	ITALIC	0	1	a	-85.40789903271028	12.154962	0.0	4.965243E-4
place.managua	DEFAULT	ITALIC	0	2	n	-85.11679798130841	12.154962	0.0	4.965243E-4
place.managua	DEFAULT	ITALIC	0	3	a	-84.80435347196261	12.154962	0.0	4.965243E-4
place.managua	DEFAULT	ITALIC	0	4	g	-84.51325242056075	12.154962	0.0	4.965243E-4
place.managua	DEFAULT	ITALIC	0	5	u	-84.26720978037383	12.154962	0.0	4.965243E-4
place.managua	DEFAULT	ITALIC	0	6	a	-83.965437	12.154962	0.0	4.965243E-4
place.managua	CAPITAL	SERIF	0	0	M	-85.940437	12.154962	0.0	5.958292E-4
place.managua	CAPITAL	SERIF	0	1	a	-85.25218488334902	12.154962	0.0	5.958292E-4
place.managua	CAPITAL	SERIF	0	2	n	-84.94739842991534	12.154962	0.0	5.958292E-4
place.managua	CAPITAL	SERIF	0	3	a	-84.54407199529633	12.154962	0.0	5.958292E-4
place.managua	CAPITAL	SERIF	0	4	g	-84.23928554186266	12.154962	0.0	5.958292E-4
place.managua	CAPITAL	SERIF	0	5	u	-83.90699955879586	12.154962	0.0	5.958292E-4
place.managua	CAPITAL	SERIF	0	6	a	-83.504437	12.154962	0.0	5.958292E-4
place.san-jose	DEFAULT	ITALIC	0	0	S	-83.80381399999999	9.930371	0.0	4.965243E-4
place.san-jose	DEFAULT	ITALIC	0	1	a	-83.41553381776764	9.930371	0.0	4.965243E-4
place.san-jose	DEFAULT	ITALIC	0	2	n	-83.00729919362186	9.930371	0.0	4.965243E-4
place.san-jose	DEFAULT	ITALIC	0	3	\s	-82.56913290660592	9.930371	0.0	4.965243E-4
place.san-jose	DEFAULT	ITALIC	0	4	J	-82.40284589066059	9.930371	0.0	4.965243E-4
place.san-jose	DEFAULT	ITALIC	0	5	o	-82.15923541230067	9.930371	0.0	4.965243E-4
place.san-jose	DEFAULT	ITALIC	0	6	s	-81.84329008200454	9.930371	0.0	4.965243E-4
place.san-jose	DEFAULT	ITALIC	0	7	e	-81.61381399999999	9.930371	0.0	4.965243E-4
place.san-jose	CAPITAL	SERIF	0	0	S	-83.74881399999998	9.930371	0.0	5.958292E-4
place.san-jose	CAPITAL	SERIF	0	1	a	-83.30444309090907	9.930371	0.0	5.958292E-4
place.san-jose	CAPITAL	SERIF	0	2	n	-82.92314418181817	9.930371	0.0	5.958292E-4
place.san-jose	CAPITAL	SERIF	0	3	\s	-82.41856818181817	9.930371	0.0	5.958292E-4
place.san-jose	CAPITAL	SERIF	0	4	J	-82.2274409090909	9.930371	0.0	5.958292E-4
place.san-jose	CAPITAL	SERIF	0	5	o	-81.90252454545454	9.930371	0.0	5.958292E-4
place.san-jose	CAPITAL	SERIF	0	6	s	-81.42948454545454	9.930371	0.0	5.958292E-4
place.san-jose	CAPITAL	SERIF	0	7	e	-81.120814	9.930371	0.0	5.958292E-4
place.kathmandu	DEFAULT	ITALIC	0	0	K	85.47053015664731	28.016552608381687	0.0	2.1663192E-4
place.kathmandu	DEFAULT	ITALIC	0	1	a	85.77633286675376	28.016552608381687	0.0	2.1663192E-4
place.kathmandu	DEFAULT	ITALIC	0	2	t	85.95567855379942	28.016552608381687	0.0	2.1663192E-4
place.kathmandu	DEFAULT	ITALIC	0	3	h	86.01403891589747	28.016552608381687	0.0	2.1663192E-4
place.kathmandu	DEFAULT	ITALIC	0	4	m	86.19156070357205	28.016552608381687	0.0	2.1663192E-4
place.kathmandu	DEFAULT	ITALIC	0	5	a	86.55208039481057	28.016552608381687	0.0	2.1663192E-4
place.kathmandu	DEFAULT	ITALIC	0	6	n	86.73142608185621	28.016552608381687	0.0	2.1663192E-4
place.kathmandu	DEFAULT	ITALIC	0	7	d	86.9326585613547	28.016552608381687	0.0	2.1663192E-4
place.kathmandu	DEFAULT	ITALIC	0	8	u	87.12720340982592	28.016552608381687	0.0	2.1663192E-4
place.kathmandu	CAPITAL	SERIF	0	0	K	85.52553015664732	28.016552608381687	0.0	2.5995832E-4
place.kathmandu	CAPITAL	SERIF	0	1	a	85.92405654630436	28.016552608381687	0.0	2.5995832E-4
place.kathmandu	CAPITAL	SERIF	0	2	t	86.10820817867983	28.016552608381687	0.0	2.5995832E-4
place.kathmandu	CAPITAL	SERIF	0	3	h	86.22774330620095	28.016552608381687	0.0	2.5995832E-4
place.kathmandu	CAPITAL	SERIF	0	4	m	86.50007746284827	28.016552608381687	0.0	2.5995832E-4
place.kathmandu	CAPITAL	SERIF	0	5	a	86.97234268745676	28.016552608381687	0.0	2.5995832E-4
place.kathmandu	CAPITAL	SERIF	0	6	n	87.15649431983225	28.016552608381687	0.0	2.5995832E-4
place.kathmandu	CAPITAL	SERIF	0	7	d	87.43871100075141	28.016552608381687	0.0	2.5995832E-4
place.kathmandu	CAPITAL	SERIF	0	8	u	87.70420340982592	28.016552608381687	0.0	2.5995832E-4
place.punakha	DEFAULT	ITALIC	0	0	P	90.09511707832367	27.890014608381687	0.0	1.7822362E-4
place.punakha	DEFAULT	ITALIC	0	1	u	90.29482022370308	27.890014608381687	0.0	1.7822362E-4
place.punakha	DEFAULT	ITALIC	0	2	n	90.45641072086116	27.890014608381687	0.0	1.7822362E-4
place.punakha	DEFAULT	ITALIC	0	3	a	90.63003679114176	27.890014608381687	0.0	1.7822362E-4
place.punakha	DEFAULT	ITALIC	0	4	k	90.77959171517732	27.890014608381687	0.0	1.7822362E-4
place.punakha	DEFAULT	ITALIC	0	5	h	90.9050754929678	27.890014608381687	0.0	1.7822362E-4
place.punakha	DEFAULT	ITALIC	0	6	a	91.05262448814959	27.890014608381687	0.0	1.7822362E-4
place.punakha	CAPITAL	SERIF	0	0	P	90.15011707832366	27.890014608381687	0.0	2.1386835E-4
place.punakha	CAPITAL	SERIF	0	1	u	90.42109139021773	27.890014608381687	0.0	2.1386835E-4
place.punakha	CAPITAL	SERIF	0	2	n	90.6716978091352	27.890014608381687	0.0	2.1386835E-4
place.punakha	CAPITAL	SERIF	0	3	a	90.92311894377174	27.890014608381687	0.0	2.1386835E-4
place.punakha	CAPITAL	SERIF	0	4	k	91.06944175064909	27.890014608381687	0.0	2.1386835E-4
place.punakha	CAPITAL	SERIF	0	5	h	91.27279465786087	27.890014608381687	0.0	2.1386835E-4
place.punakha	CAPITAL	SERIF	0	6	a	91.51362448814959	27.890014608381687	0.0	2.1386835E-4
place.luxembourg	DEFAULT	ITALIC	0	0	L	6.2675030000000005	49.61166	0.0	2.042459E-4
place.luxembourg	DEFAULT	ITALIC	0	1	u	6.460637567055061	49.61166	0.0	2.042459E-4
place.luxembourg	DEFAULT	ITALIC	0	2	x	6.629257626456478	49.61166	0.0	2.042459E-4
place.luxembourg	DEFAULT	ITALIC	0	3	e	6.774357009595613	49.61166	0.0	2.042459E-4
place.luxembourg	DEFAULT	ITALIC	0	4	m	6.887322511080649	49.61166	0.0	2.042459E-4
place.luxembourg	DEFAULT	ITALIC	0	5	b	7.148700167009367	49.61166	0.0	2.042459E-4
place.luxembourg	DEFAULT	ITALIC	0	6	o	7.297443598583505	49.61166	0.0	2.042459E-4
place.luxembourg	DEFAULT	ITALIC	0	7	u	7.423328908156272	49.61166	0.0	2.042459E-4
place.luxembourg	DEFAULT	ITALIC	0	8	r	7.591948967557688	49.61166	0.0	2.042459E-4
place.luxembourg	DEFAULT	ITALIC	0	9	g	7.717503	49.61166	0.0	2.042459E-4
place.luxembourg	CAPITAL	SERIF	0	0	L	6.295003	49.61166	0.0	2.4509509E-4
place.luxembourg	CAPITAL	SERIF	0	1	u	6.516871995633188	49.61166	0.0	2.4509509E-4
place.luxembourg	CAPITAL	SERIF	0	2	x	6.717085969432315	49.61166	0.0	2.4509509E-4
place.luxembourg	CAPITAL	SERIF	0	3	e	6.880448414847161	49.61166	0.0	2.4509509E-4
place.luxembourg	CAPITAL	SERIF	0	4	m	7.028614353711791	49.61166	0.0	2.4509509E-4
place.luxembourg	CAPITAL	SERIF	0	5	b	7.324186406113537	49.61166	0.0	2.4509509E-4
place.luxembourg	CAPITAL	SERIF	0	6	o	7.519841427947599	49.61166	0.0	2.4509509E-4
place.luxembourg	CAPITAL	SERIF	0	7	u	7.70789819650655	49.61166	0.0	2.4509509E-4
place.luxembourg	CAPITAL	SERIF	0	8	r	7.908112170305676	49.61166	0.0	2.4509509E-4
place.luxembourg	CAPITAL	SERIF	0	9	g	8.035003	49.61166	0.0	2.4509509E-4
place.vaduz	DEFAULT	ITALIC	0	0	V	9.60467	47.133724	0.0	1.5888778E-4
place.vaduz	DEFAULT	ITALIC	0	1	a	9.748786416552978	47.133724	0.0	1.5888778E-4
place.vaduz	DEFAULT	ITALIC	0	2	d	9.852389872669395	47.133724	0.0	1.5888778E-4
place.vaduz	DEFAULT	ITALIC	0	3	u	9.961268453842655	47.133724	0.0	1.5888778E-4
place.vaduz	DEFAULT	ITALIC	0	4	z	10.06867	47.133724	0.0	1.5888778E-4
place.vaduz	CAPITAL	SERIF	0	0	V	9.62227	47.133724	0.0	1.9066535E-4
place.vaduz	CAPITAL	SERIF	0	1	a	9.800107262357415	47.133724	0.0	1.9066535E-4
place.vaduz	CAPITAL	SERIF	0	2	d	9.90569813688213	47.133724	0.0	1.9066535E-4
place.vaduz	CAPITAL	SERIF	0	3	u	10.03960536121673	47.133724	0.0	1.9066535E-4
place.vaduz	CAPITAL	SERIF	0	4	z	10.17907	47.133724	0.0	1.9066535E-4
place.monaco	DEFAULT	ITALIC	0	0	M	7.494913	43.739646	0.0	1.5888778E-4
place.monaco	DEFAULT	ITALIC	0	1	o	7.69912795188749	43.739646	0.0	1.5888778E-4
place.monaco	DEFAULT	ITALIC	0	2	n	7.777434391561806	43.739646	0.0	1.5888778E-4
place.monaco	DEFAULT	ITALIC	0	3	a	7.8860330592153955	43.739646	0.0	1.5888778E-4
place.monaco	DEFAULT	ITALIC	0	4	c	7.9872132220577345	43.739646	0.0	1.5888778E-4
place.monaco	DEFAULT	ITALIC	0	5	o	8.051713	43.739646	0.0	1.5888778E-4
place.monaco	CAPITAL	SERIF	0	0	M	7.512513	43.739646	0.0	1.9066535E-4
place.monaco	CAPITAL	SERIF	0	1	o	7.733030274725275	43.739646	0.0	1.9066535E-4
place.monaco	CAPITAL	SERIF	0	2	n	7.8541801648351655	43.739646	0.0	1.9066535E-4
place.monaco	CAPITAL	SERIF	0	3	a	7.983406714285715	43.739646	0.0	1.9066535E-4
place.monaco	CAPITAL	SERIF	0	4	c	8.08106086813187	43.739646	0.0	1.9066535E-4
place.monaco	CAPITAL	SERIF	0	5	o	8.180673	43.739646	0.0	1.9066535E-4
place.san-marino	DEFAULT	ITALIC	0	0	S	12.52977	43.936096	0.0	1.5888778E-4
place.san-marino	DEFAULT	ITALIC	0	1	a	12.624560199221433	43.936096	0.0	1.5888778E-4
place.san-marino	DEFAULT	ITALIC	0	2	n	12.724221843370735	43.936096	0.0	1.5888778E-4
place.san-marino	DEFAULT	ITALIC	0	3	\s	12.831190654911838	43.936096	0.0	1.5888778E-4
place.san-marino	DEFAULT	ITALIC	0	4	M	12.871786029310739	43.936096	0.0	1.5888778E-4
place.san-marino	DEFAULT	ITALIC	0	5	a	13.072936109457293	43.936096	0.0	1.5888778E-4
place.san-marino	DEFAULT	ITALIC	0	6	r	13.172597753606595	43.936096	0.0	1.5888778E-4
place.san-marino	DEFAULT	ITALIC	0	7	i	13.249525988092513	43.936096	0.0	1.5888778E-4
place.san-marino	DEFAULT	ITALIC	0	8	n	13.309201188458896	43.936096	0.0	1.5888778E-4
place.san-marino	DEFAULT	ITALIC	0	9	o	13.416170000000001	43.936096	0.0	1.5888778E-4
place.san-marino	CAPITAL	SERIF	0	0	S	12.547369999999999	43.936096	0.0	1.9066535E-4
place.san-marino	CAPITAL	SERIF	0	1	a	12.671053720930232	43.936096	0.0	1.9066535E-4
place.san-marino	CAPITAL	SERIF	0	2	n	12.777182333083271	43.936096	0.0	1.9066535E-4
place.san-marino	CAPITAL	SERIF	0	3	\s	12.917623203300824	43.936096	0.0	1.9066535E-4
place.san-marino	CAPITAL	SERIF	0	4	M	12.970820502625656	43.936096	0.0	1.9066535E-4
place.san-marino	CAPITAL	SERIF	0	5	a	13.21047433608402	43.936096	0.0	1.9066535E-4
place.san-marino	CAPITAL	SERIF	0	6	r	13.31660294823706	43.936096	0.0	1.9066535E-4
place.san-marino	CAPITAL	SERIF	0	7	i	13.405442438109528	43.936096	0.0	1.9066535E-4
place.san-marino	CAPITAL	SERIF	0	8	n	13.470609129782446	43.936096	0.0	1.9066535E-4
place.san-marino	CAPITAL	SERIF	0	9	o	13.61105	43.936096	0.0	1.9066535E-4
place.andorra	DEFAULT	ITALIC	0	0	A	1.6640940000000002	42.510753	0.0	2.4826216E-4
place.andorra	DEFAULT	ITALIC	0	1	n	1.9002106639357694	42.510753	0.0	2.4826216E-4
place.andorra	DEFAULT	ITALIC	0	2	d	2.0893192990332623	42.510753	0.0	2.4826216E-4
place.andorra	DEFAULT	ITALIC	0	3	o	2.274480695067999	42.510753	0.0	2.4826216E-4
place.andorra	DEFAULT	ITALIC	0	4	r	2.41083986269048	42.510753	0.0	2.4826216E-4
place.andorra	DEFAULT	ITALIC	0	5	r	2.546840190398165	42.510753	0.0	2.4826216E-4
place.andorra	DEFAULT	ITALIC	0	6	a	2.6828405181058494	42.510753	0.0	2.4826216E-4
place.andorra	DEFAULT	ITALIC	0	7	\s	2.8590309162706866	42.510753	0.0	2.4826216E-4
place.andorra	DEFAULT	ITALIC	0	8	l	2.9307988992298872	42.510753	0.0	2.4826216E-4
place.andorra	DEFAULT	ITALIC	0	9	a	3.0334271148615435	42.510753	0.0	2.4826216E-4
place.andorra	DEFAULT	ITALIC	0	10	\s	3.20961751302638	42.510753	0.0	2.4826216E-4
place.andorra	DEFAULT	ITALIC	0	11	V	3.281385495985581	42.510753	0.0	2.4826216E-4
place.andorra	DEFAULT	ITALIC	0	12	e	3.52647315779125	42.510753	0.0	2.4826216E-4
place.andorra	DEFAULT	ITALIC	0	13	l	3.6488375687366865	42.510753	0.0	2.4826216E-4
place.andorra	DEFAULT	ITALIC	0	14	l	3.751465784368343	42.510753	0.0	2.4826216E-4
place.andorra	DEFAULT	ITALIC	0	15	a	3.854094	42.510753	0.0	2.4826216E-4
place.andorra	CAPITAL	SERIF	0	0	A	1.691594	42.510753	0.0	2.979146E-4
place.andorra	CAPITAL	SERIF	0	1	n	2.0014553051627195	42.510753	0.0	2.979146E-4
place.andorra	CAPITAL	SERIF	0	2	d	2.2378812721076846	42.510753	0.0	2.979146E-4
place.andorra	CAPITAL	SERIF	0	3	o	2.464456157096609	42.510753	0.0	2.979146E-4
place.andorra	CAPITAL	SERIF	0	4	r	2.686105501107514	42.510753	0.0	2.979146E-4
place.andorra	CAPITAL	SERIF	0	5	r	2.8356628362583063	42.510753	0.0	2.979146E-4
place.andorra	CAPITAL	SERIF	0	6	a	2.9852201714090985	42.510753	0.0	2.979146E-4
place.andorra	CAPITAL	SERIF	0	7	\s	3.163882975975464	42.510753	0.0	2.979146E-4
place.andorra	CAPITAL	SERIF	0	8	l	3.2534382664849204	42.510753	0.0	2.979146E-4
place.andorra	CAPITAL	SERIF	0	9	a	3.360904615096268	42.510753	0.0	2.979146E-4
place.andorra	CAPITAL	SERIF	0	10	\s	3.5395674196626334	42.510753	0.0	2.979146E-4
place.andorra	CAPITAL	SERIF	0	11	V	3.62912271017209	42.510753	0.0	2.979146E-4
place.andorra	CAPITAL	SERIF	0	12	e	3.930028486283864	42.510753	0.0	2.979146E-4
place.andorra	CAPITAL	SERIF	0	13	l	4.104661302777304	42.510753	0.0	2.979146E-4
place.andorra	CAPITAL	SERIF	0	14	l	4.212127651388652	42.510753	0.0	2.979146E-4
place.andorra	CAPITAL	SERIF	0	15	a	4.3195939999999995	42.510753	0.0	2.979146E-4
place.nassau	DEFAULT	ITALIC	0	0	N	-77.130044	25.32172167506382	0.0	3.9721947E-4
place.nassau	DEFAULT	ITALIC	0	1	a	-76.6644335878525	25.32172167506382	0.0	3.9721947E-4
place.nassau	DEFAULT	ITALIC	0	2	s	-76.36791645119305	25.32172167506382	0.0	3.9721947E-4
place.nassau	DEFAULT	ITALIC	0	3	s	-76.20123879392625	25.32172167506382	0.0	3.9721947E-4
place.nassau	DEFAULT	ITALIC	0	4	a	-76.03456113665943	25.32172167506382	0.0	3.9721947E-4
place.nassau	DEFAULT	ITALIC	0	5	u	-75.738044	25.32172167506382	0.0	3.9721947E-4
place.nassau	CAPITAL	SERIF	0	0	N	-77.086044	25.32172167506382	0.0	4.7666335E-4
place.nassau	CAPITAL	SERIF	0	1	A	-76.66010813393432	25.32172167506382	0.0	4.7666335E-4
place.nassau	CAPITAL	SERIF	0	2	S	-76.28795204893754	25.32172167506382	0.0	4.7666335E-4
place.nassau	CAPITAL	SERIF	0	3	S	-76.03787606696716	25.32172167506382	0.0	4.7666335E-4
place.nassau	CAPITAL	SERIF	0	4	A	-75.78780008499677	25.32172167506382	0.0	4.7666335E-4
place.nassau	CAPITAL	SERIF	0	5	U	-75.415644	25.32172167506382	0.0	4.7666335E-4
place.bridgetown	DEFAULT	ITALIC	0	0	B	-59.420360167506374	13.578666350127637	0.0	3.1123185E-4
place.bridgetown	DEFAULT	ITALIC	0	1	r	-59.119904781637715	13.578666350127637	0.0	3.1123185E-4
place.bridgetown	DEFAULT	ITALIC	0	2	i	-58.93691004634617	13.578666350127637	0.0	3.1123185E-4
place.bridgetown	DEFAULT	ITALIC	0	3	d	-58.80564668566114	13.578666350127637	0.0	3.1123185E-4
place.bridgetown	DEFAULT	ITALIC	0	4	g	-58.53927314659206	13.578666350127637	0.0	3.1123185E-4
place.bridgetown	DEFAULT	ITALIC	0	5	e	-58.33436865264365	13.578666350127637	0.0	3.1123185E-4
place.bridgetown	DEFAULT	ITALIC	0	6	t	-58.17450088482325	13.578666350127637	0.0	3.1123185E-4
place.bridgetown	DEFAULT	ITALIC	0	7	o	-58.044454732952495	13.578666350127637	0.0	3.1123185E-4
place.bridgetown	DEFAULT	ITALIC	0	8	w	-57.86085139325382	13.578666350127637	0.0	3.1123185E-4
place.bridgetown	DEFAULT	ITALIC	0	9	n	-57.529357182621254	13.578666350127637	0.0	3.1123185E-4
place.bridgetown	CAPITAL	SERIF	0	0	B	-59.376360167506384	13.578666350127637	0.0	3.734782E-4
place.bridgetown	CAPITAL	SERIF	0	1	R	-59.15328296375175	13.578666350127637	0.0	3.734782E-4
place.bridgetown	CAPITAL	SERIF	0	2	I	-58.87209045184603	13.578666350127637	0.0	3.734782E-4
place.bridgetown	CAPITAL	SERIF	0	3	D	-58.76293770137171	13.578666350127637	0.0	3.734782E-4
place.bridgetown	CAPITAL	SERIF	0	4	G	-58.46283465268666	13.578666350127637	0.0	3.734782E-4
place.bridgetown	CAPITAL	SERIF	0	5	E	-58.17426241911095	13.578666350127637	0.0	3.734782E-4
place.bridgetown	CAPITAL	SERIF	0	6	T	-57.96179356525692	13.578666350127637	0.0	3.734782E-4
place.bridgetown	CAPITAL	SERIF	0	7	O	-57.700434055339265	13.578666350127637	0.0	3.734782E-4
place.bridgetown	CAPITAL	SERIF	0	8	W	-57.39617991321485	13.578666350127637	0.0	3.734782E-4
place.bridgetown	CAPITAL	SERIF	0	9	N	-57.02135718262125	13.578666350127637	0.0	3.734782E-4
place.port-of-spain	DEFAULT	ITALIC	0	0	P	-61.01103298992342	10.890328675063818	0.0	3.9721947E-4
place.port-of-spain	DEFAULT	ITALIC	0	1	o	-60.698225748161406	10.890328675063818	0.0	3.9721947E-4
place.port-of-spain	DEFAULT	ITALIC	0	2	r	-60.503878021028555	10.890328675063818	0.0	3.9721947E-4
place.port-of-spain	DEFAULT	ITALIC	0	3	t	-60.31016717300662	10.890328675063818	0.0	3.9721947E-4
place.port-of-spain	DEFAULT	ITALIC	0	4	\s	-60.17186480763381	10.890328675063818	0.0	3.9721947E-4
place.port-of-spain	DEFAULT	ITALIC	0	5	o	-60.09215532046467	10.890328675063818	0.0	3.9721947E-4
place.port-of-spain	DEFAULT	ITALIC	0	6	f	-59.89780759333182	10.890328675063818	0.0	3.9721947E-4
place.port-of-spain	DEFAULT	ITALIC	0	7	\s	-59.741035733742635	10.890328675063818	0.0	3.9721947E-4
place.port-of-spain	DEFAULT	ITALIC	0	8	S	-59.661326246573495	10.890328675063818	0.0	3.9721947E-4
place.port-of-spain	DEFAULT	ITALIC	0	9	p	-59.411570036791524	10.890328675063818	0.0	3.9721947E-4
place.port-of-spain	DEFAULT	ITALIC	0	10	a	-59.179646442115015	10.890328675063818	0.0	3.9721947E-4
place.port-of-spain	DEFAULT	ITALIC	0	11	i	-58.91460513367121	10.890328675063818	0.0	3.9721947E-4
place.port-of-spain	DEFAULT	ITALIC	0	12	n	-58.77502901007658	10.890328675063818	0.0	3.9721947E-4
place.port-of-spain	CAPITAL	SERIF	0	0	P	-60.967032989923425	10.890328675063818	0.0	4.7666335E-4
place.port-of-spain	CAPITAL	SERIF	0	1	O	-60.72506693627222	10.890328675063818	0.0	4.7666335E-4
place.port-of-spain	CAPITAL	SERIF	0	2	R	-60.37238995144693	10.890328675063818	0.0	4.7666335E-4
place.port-of-spain	CAPITAL	SERIF	0	3	T	-60.0459477844354	10.890328675063818	0.0	4.7666335E-4
place.port-of-spain	CAPITAL	SERIF	0	4	\s	-59.742067560743706	10.890328675063818	0.0	4.7666335E-4
place.port-of-spain	CAPITAL	SERIF	0	5	O	-59.684794624501414	10.890328675063818	0.0	4.7666335E-4
place.port-of-spain	CAPITAL	SERIF	0	6	F	-59.33211763967612	10.890328675063818	0.0	4.7666335E-4
place.port-of-spain	CAPITAL	SERIF	0	7	\s	-59.11113944027593	10.890328675063818	0.0	4.7666335E-4
place.port-of-spain	CAPITAL	SERIF	0	8	S	-59.05386650403363	10.890328675063818	0.0	4.7666335E-4
place.port-of-spain	CAPITAL	SERIF	0	9	P	-58.857549033378376	10.890328675063818	0.0	4.7666335E-4
place.port-of-spain	CAPITAL	SERIF	0	10	A	-58.61558297972717	10.890328675063818	0.0	4.7666335E-4
place.port-of-spain	CAPITAL	SERIF	0	11	I	-58.300159436197426	10.890328675063818	0.0	4.7666335E-4
place.port-of-spain	CAPITAL	SERIF	0	12	N	-58.169429010076584	10.890328675063818	0.0	4.7666335E-4
place.st-georges	DEFAULT	ITALIC	0	0	S	-61.998306350127635	12.052633	0.0	2.8229647E-4
place.st-georges	DEFAULT	ITALIC	0	1	t	-61.78482864738169	12.052633	0.0	2.8229647E-4
place.st-georges	DEFAULT	ITALIC	0	2	\s	-61.68707217640235	12.052633	0.0	2.8229647E-4
place.st-georges	DEFAULT	ITALIC	0	3	G	-61.65015201012318	12.052633	0.0	2.8229647E-4
place.st-georges	DEFAULT	ITALIC	0	4	e	-61.29119618744207	12.052633	0.0	2.8229647E-4
place.st-georges	DEFAULT	ITALIC	0	5	o	-61.16103777156808	12.052633	0.0	2.8229647E-4
place.st-georges	DEFAULT	ITALIC	0	6	r	-61.005090052614676	12.052633	0.0	2.8229647E-4
place.st-georges	DEFAULT	ITALIC	0	7	g	-60.8498035978428	12.052633	0.0	2.8229647E-4
place.st-georges	DEFAULT	ITALIC	0	8	e	-60.670711632536076	12.052633	0.0	2.8229647E-4
place.st-georges	DEFAULT	ITALIC	0	9	'	-60.54055321666209	12.052633	0.0	2.8229647E-4
place.st-georges	DEFAULT	ITALIC	0	10	s	-60.503633050382916	12.052633	0.0	2.8229647E-4
place.st-georges	CAPITAL	SERIF	0	0	S	-61.954306350127645	12.052633	0.0	3.3875575E-4
place.st-georges	CAPITAL	SERIF	0	1	T	-61.805582561335946	12.052633	0.0	3.3875575E-4
place.st-georges	CAPITAL	SERIF	0	2	\s	-61.54926398962483	12.052633	0.0	3.3875575E-4
place.st-georges	CAPITAL	SERIF	0	3	G	-61.53962613972897	12.052633	0.0	3.3875575E-4
place.st-georges	CAPITAL	SERIF	0	4	E	-61.252341264641046	12.052633	0.0	3.3875575E-4
place.st-georges	CAPITAL	SERIF	0	5	O	-61.05165706848826	12.052633	0.0	3.3875575E-4
place.st-georges	CAPITAL	SERIF	0	6	R	-60.7465272050137	12.052633	0.0	3.3875575E-4
place.st-georges	CAPITAL	SERIF	0	7	G	-60.46763997151948	12.052633	0.0	3.3875575E-4
place.st-georges	CAPITAL	SERIF	0	8	E	-60.180355096431555	12.052633	0.0	3.3875575E-4
place.st-georges	CAPITAL	SERIF	0	9	'	-59.97967090027878	12.052633	0.0	3.3875575E-4
place.st-georges	CAPITAL	SERIF	0	10	S	-59.970033050382916	12.052633	0.0	3.3875575E-4
place.castries	DEFAULT	ITALIC	0	0	C	-60.77287499999999	14.246206675063819	0.0	3.9721947E-4
place.castries	DEFAULT	ITALIC	0	1	a	-60.33976257396449	14.246206675063819	0.0	3.9721947E-4
place.castries	DEFAULT	ITALIC	0	2	s	-60.0027448224852	14.246206675063819	0.0	3.9721947E-4
place.castries	DEFAULT	ITALIC	0	3	t	-59.81330103550295	14.246206675063819	0.0	3.9721947E-4
place.castries	DEFAULT	ITALIC	0	4	r	-59.612874999999995	14.246206675063819	0.0	3.9721947E-4
place.castries	DEFAULT	ITALIC	0	5	i	-59.35273298816568	14.246206675063819	0.0	3.9721947E-4
place.castries	DEFAULT	ITALIC	0	6	e	-59.150934171597626	14.246206675063819	0.0	3.9721947E-4
place.castries	DEFAULT	ITALIC	0	7	s	-58.916875	14.246206675063819	0.0	3.9721947E-4
place.castries	CAPITAL	SERIF	0	0	C	-60.728874999999995	14.246206675063819	0.0	4.7666335E-4
place.castries	CAPITAL	SERIF	0	1	A	-60.348202876745304	14.246206675063819	0.0	4.7666335E-4
place.castries	CAPITAL	SERIF	0	2	S	-59.97718159605199	14.246206675063819	0.0	4.7666335E-4
place.castries	CAPITAL	SERIF	0	3	T	-59.72786816321617	14.246206675063819	0.0	4.7666335E-4
place.castries	CAPITAL	SERIF	0	4	R	-59.36864235676456	14.246206675063819	0.0	4.7666335E-4
place.castries	CAPITAL	SERIF	0	5	I	-58.986361759749634	14.246206675063819	0.0	4.7666335E-4
place.castries	CAPITAL	SERIF	0	6	E	-58.80406806692345	14.246206675063819	0.0	4.7666335E-4
place.castries	CAPITAL	SERIF	0	7	S	-58.501675	14.246206675063819	0.0	4.7666335E-4
place.st-johns	DEFAULT	ITALIC	0	0	S	-61.630033999999995	17.118036	0.0	3.9721947E-4
place.st-johns	DEFAULT	ITALIC	0	1	t	-61.30459388760098	17.118036	0.0	3.9721947E-4
place.st-johns	DEFAULT	ITALIC	0	2	\s	-61.101106708113804	17.118036	0.0	3.9721947E-4
place.st-johns	DEFAULT	ITALIC	0	3	J	-60.96173192764313	17.118036	0.0	3.9721947E-4
place.st-johns	DEFAULT	ITALIC	0	4	o	-60.757547874253596	17.118036	0.0	3.9721947E-4
place.st-johns	DEFAULT	ITALIC	0	5	h	-60.49273579135932	17.118036	0.0	3.9721947E-4
place.st-johns	DEFAULT	ITALIC	0	6	n	-60.15266132701089	17.118036	0.0	3.9721947E-4
place.st-johns	DEFAULT	ITALIC	0	7	'	-59.78540878047067	17.118036	0.0	3.9721947E-4
place.st-johns	DEFAULT	ITALIC	0	8	s	-59.646034	17.118036	0.0	3.9721947E-4
place.st-johns	CAPITAL	SERIF	0	0	S	-61.586034	17.118036	0.0	4.7666335E-4
place.st-johns	CAPITAL	SERIF	0	1	T	-61.324932113207545	17.118036	0.0	4.7666335E-4
place.st-johns	CAPITAL	SERIF	0	2	\s	-60.94872079245283	17.118036	0.0	4.7666335E-4
place.st-johns	CAPITAL	SERIF	0	3	J	-60.83641890566038	17.118036	0.0	4.7666335E-4
place.st-johns	CAPITAL	SERIF	0	4	O	-60.645505698113205	17.118036	0.0	4.7666335E-4
place.st-johns	CAPITAL	SERIF	0	5	H	-60.217074000000004	17.118036	0.0	4.7666335E-4
place.st-johns	CAPITAL	SERIF	0	6	N	-59.762251358490566	17.118036	0.0	4.7666335E-4
place.st-johns	CAPITAL	SERIF	0	7	'	-59.317535886792456	17.118036	0.0	4.7666335E-4
place.st-johns	CAPITAL	SERIF	0	8	S	-59.205234000000004	17.118036	0.0	4.7666335E-4
place.willemstad	DEFAULT	ITALIC	0	0	W	-68.652356	12.11229	0.0	3.9721947E-4
place.willemstad	DEFAULT	ITALIC	0	1	i	-68.0518125744784	12.11229	0.0	3.9721947E-4
place.willemstad	DEFAULT	ITALIC	0	2	l	-67.8863395031538	12.11229	0.0	3.9721947E-4
place.willemstad	DEFAULT	ITALIC	0	3	l	-67.72536910043668	12.11229	0.0	3.9721947E-4
place.willemstad	DEFAULT	ITALIC	0	4	e	-67.56439869771955	12.11229	0.0	3.9721947E-4
place.willemstad	DEFAULT	ITALIC	0	5	m	-67.37247244832605	12.11229	0.0	3.9721947E-4
place.willemstad	DEFAULT	ITALIC	0	6	s	-66.92839675691413	12.11229	0.0	3.9721947E-4
place.willemstad	DEFAULT	ITALIC	0	7	t	-66.77305468995634	12.11229	0.0	3.9721947E-4
place.willemstad	DEFAULT	ITALIC	0	8	a	-66.60870728578361	12.11229	0.0	3.9721947E-4
place.willemstad	DEFAULT	ITALIC	0	9	d	-66.332356	12.11229	0.0	3.9721947E-4
place.willemstad	CAPITAL	SERIF	0	0	W	-68.60835599999999	12.11229	0.0	4.7666335E-4
place.willemstad	CAPITAL	SERIF	0	1	I	-68.16221464240726	12.11229	0.0	4.7666335E-4
place.willemstad	CAPITAL	SERIF	0	2	L	-67.99661632190342	12.11229	0.0	4.7666335E-4
place.willemstad	CAPITAL	SERIF	0	3	L	-67.71217685374387	12.11229	0.0	4.7666335E-4
place.willemstad	CAPITAL	SERIF	0	4	E	-67.42773738558431	12.11229	0.0	4.7666335E-4
place.willemstad	CAPITAL	SERIF	0	5	M	-67.15303899510145	12.11229	0.0	4.7666335E-4
place.willemstad	CAPITAL	SERIF	0	6	S	-66.71420344576626	12.11229	0.0	4.7666335E-4
place.willemstad	CAPITAL	SERIF	0	7	T	-66.48772338978306	12.11229	0.0	4.7666335E-4
place.willemstad	CAPITAL	SERIF	0	8	A	-66.16139728761371	12.11229	0.0	4.7666335E-4
place.willemstad	CAPITAL	SERIF	0	9	D	-65.824356	12.11229	0.0	4.7666335E-4
place.oranjestad	DEFAULT	ITALIC	0	0	O	-69.805526	12.521503	0.0	3.9721947E-4
place.oranjestad	DEFAULT	ITALIC	0	1	r	-69.37617133333333	12.521503	0.0	3.9721947E-4
place.oranjestad	DEFAULT	ITALIC	0	2	a	-69.14169666666668	12.521503	0.0	3.9721947E-4
place.oranjestad	DEFAULT	ITALIC	0	3	n	-68.83793133333333	12.521503	0.0	3.9721947E-4
place.oranjestad	DEFAULT	ITALIC	0	4	j	-68.511894	12.521503	0.0	3.9721947E-4
place.oranjestad	DEFAULT	ITALIC	0	5	e	-68.35165933333334	12.521503	0.0	3.9721947E-4
place.oranjestad	DEFAULT	ITALIC	0	6	s	-68.14069400000001	12.521503	0.0	3.9721947E-4
place.oranjestad	DEFAULT	ITALIC	0	7	t	-67.969942	12.521503	0.0	3.9721947E-4
place.oranjestad	DEFAULT	ITALIC	0	8	a	-67.78929133333334	12.521503	0.0	3.9721947E-4
place.oranjestad	DEFAULT	ITALIC	0	9	d	-67.48552600000001	12.521503	0.0	3.9721947E-4
place.oranjestad	CAPITAL	SERIF	0	0	O	-69.76152599999999	12.521503	0.0	4.7666335E-4
place.oranjestad	CAPITAL	SERIF	0	1	R	-69.38827138745387	12.521503	0.0	4.7666335E-4
place.oranjestad	CAPITAL	SERIF	0	2	A	-69.0394764480759	12.521503	0.0	4.7666335E-4
place.oranjestad	CAPITAL	SERIF	0	3	N	-68.70095457142857	12.521503	0.0	4.7666335E-4
place.oranjestad	CAPITAL	SERIF	0	4	J	-68.3135133484449	12.521503	0.0	4.7666335E-4
place.oranjestad	CAPITAL	SERIF	0	5	E	-68.14718757090142	12.521503	0.0	4.7666335E-4
place.oranjestad	CAPITAL	SERIF	0	6	S	-67.87128245756458	12.521503	0.0	4.7666335E-4
place.oranjestad	CAPITAL	SERIF	0	7	T	-67.64380749710068	12.521503	0.0	4.7666335E-4
place.oranjestad	CAPITAL	SERIF	0	8	A	-67.31604787664733	12.521503	0.0	4.7666335E-4
place.oranjestad	CAPITAL	SERIF	0	9	D	-66.977526	12.521503	0.0	4.7666335E-4
place.hamilton-bermuda	DEFAULT	ITALIC	0	0	H	-64.563937	32.29419	0.0	3.9721947E-4
place.hamilton-bermuda	DEFAULT	ITALIC	0	1	a	-64.139369226622	32.29419	0.0	3.9721947E-4
place.hamilton-bermuda	DEFAULT	ITALIC	0	2	m	-63.86178896466646	32.29419	0.0	3.9721947E-4
place.hamilton-bermuda	DEFAULT	ITALIC	0	3	i	-63.41573840115747	32.29419	0.0	3.9721947E-4
place.hamilton-bermuda	DEFAULT	ITALIC	0	4	l	-63.24952944593359	32.29419	0.0	3.9721947E-4
place.hamilton-bermuda	DEFAULT	ITALIC	0	5	t	-63.08784318336886	32.29419	0.0	3.9721947E-4
place.hamilton-bermuda	DEFAULT	ITALIC	0	6	o	-62.92276490130977	32.29419	0.0	3.9721947E-4
place.hamilton-bermuda	DEFAULT	ITALIC	0	7	n	-62.707936999999994	32.29419	0.0	3.9721947E-4
place.hamilton-bermuda	CAPITAL	SERIF	0	0	H	-64.519937	32.29419	0.0	4.7666335E-4
place.hamilton-bermuda	CAPITAL	SERIF	0	1	A	-64.14093868067226	32.29419	0.0	4.7666335E-4
place.hamilton-bermuda	CAPITAL	SERIF	0	2	M	-63.81715246218487	32.29419	0.0	4.7666335E-4
place.hamilton-bermuda	CAPITAL	SERIF	0	3	I	-63.395575319327726	32.29419	0.0	4.7666335E-4
place.hamilton-bermuda	CAPITAL	SERIF	0	4	L	-63.23648960504201	32.29419	0.0	4.7666335E-4
place.hamilton-bermuda	CAPITAL	SERIF	0	5	T	-62.96323649579831	32.29419	0.0	4.7666335E-4
place.hamilton-bermuda	CAPITAL	SERIF	0	6	O	-62.64974405882352	32.29419	0.0	4.7666335E-4
place.hamilton-bermuda	CAPITAL	SERIF	0	7	N	-62.292736999999995	32.29419	0.0	4.7666335E-4
place.george-town-cayman	DEFAULT	ITALIC	0	0	G	-81.15157	19.533079675063817	0.0	3.9721947E-4
place.george-town-cayman	DEFAULT	ITALIC	0	1	e	-80.76654802197802	19.533079675063817	0.0	3.9721947E-4
place.george-town-cayman	DEFAULT	ITALIC	0	2	o	-80.57543813186814	19.533079675063817	0.0	3.9721947E-4
place.george-town-cayman	DEFAULT	ITALIC	0	3	r	-80.3624710989011	19.533079675063817	0.0	3.9721947E-4
place.george-town-cayman	DEFAULT	ITALIC	0	4	g	-80.15006450549451	19.533079675063817	0.0	3.9721947E-4
place.george-town-cayman	DEFAULT	ITALIC	0	5	e	-79.91748208791209	19.533079675063817	0.0	3.9721947E-4
place.george-town-cayman	DEFAULT	ITALIC	0	6	\s	-79.7263721978022	19.533079675063817	0.0	3.9721947E-4
place.george-town-cayman	DEFAULT	ITALIC	0	7	T	-79.61428428571429	19.533079675063817	0.0	3.9721947E-4
place.george-town-cayman	DEFAULT	ITALIC	0	8	o	-79.26569087912088	19.533079675063817	0.0	3.9721947E-4
place.george-town-cayman	DEFAULT	ITALIC	0	9	w	-79.05272384615385	19.533079675063817	0.0	3.9721947E-4
place.george-town-cayman	DEFAULT	ITALIC	0	10	n	-78.70357	19.533079675063817	0.0	3.9721947E-4
place.george-town-cayman	CAPITAL	SERIF	0	0	G	-81.10757000000001	19.533079675063817	0.0	4.7666335E-4
place.george-town-cayman	CAPITAL	SERIF	0	1	E	-80.78363861291787	19.533079675063817	0.0	4.7666335E-4
place.george-town-cayman	CAPITAL	SERIF	0	2	O	-80.5330250294963	19.533079675063817	0.0	4.7666335E-4
place.george-town-cayman	CAPITAL	SERIF	0	3	R	-80.19398573135683	19.533079675063817	0.0	4.7666335E-4
place.george-town-cayman	CAPITAL	SERIF	0	4	G	-79.87716394947815	19.533079675063817	0.0	4.7666335E-4
place.george-town-cayman	CAPITAL	SERIF	0	5	E	-79.55323256239602	19.533079675063817	0.0	4.7666335E-4
place.george-town-cayman	CAPITAL	SERIF	0	6	\s	-79.30261897897445	19.533079675063817	0.0	4.7666335E-4
place.george-town-cayman	CAPITAL	SERIF	0	7	T	-79.21374891393134	19.533079675063817	0.0	4.7666335E-4
place.george-town-cayman	CAPITAL	SERIF	0	8	O	-78.91603419603692	19.533079675063817	0.0	4.7666335E-4
place.george-town-cayman	CAPITAL	SERIF	0	9	W	-78.57699489789745	19.533079675063817	0.0	4.7666335E-4
place.george-town-cayman	CAPITAL	SERIF	0	10	N	-78.16997	19.533079675063817	0.0	4.7666335E-4
place.fort-de-france	DEFAULT	ITALIC	0	0	F	-60.860029000000004	14.848743675063819	0.0	3.9721947E-4
place.fort-de-france	DEFAULT	ITALIC	0	1	o	-60.54037857463264	14.848743675063819	0.0	3.9721947E-4
place.fort-de-france	DEFAULT	ITALIC	0	2	r	-60.301739750193356	14.848743675063819	0.0	3.9721947E-4
place.fort-de-france	DEFAULT	ITALIC	0	3	t	-60.06372892266048	14.848743675063819	0.0	3.9721947E-4
place.fort-de-france	DEFAULT	ITALIC	0	4	-	-59.880353825986084	14.848743675063819	0.0	3.9721947E-4
place.fort-de-france	DEFAULT	ITALIC	0	5	d	-59.71205065506574	14.848743675063819	0.0	3.9721947E-4
place.fort-de-france	DEFAULT	ITALIC	0	6	e	-59.38800425135344	14.848743675063819	0.0	3.9721947E-4
place.fort-de-france	DEFAULT	ITALIC	0	7	-	-59.1738573062645	14.848743675063819	0.0	3.9721947E-4
place.fort-de-france	DEFAULT	ITALIC	0	8	F	-59.00555413534416	14.848743675063819	0.0	3.9721947E-4
place.fort-de-france	DEFAULT	ITALIC	0	9	r	-58.6859037099768	14.848743675063819	0.0	3.9721947E-4
place.fort-de-france	DEFAULT	ITALIC	0	10	a	-58.44789288244393	14.848743675063819	0.0	3.9721947E-4
place.fort-de-france	DEFAULT	ITALIC	0	11	n	-58.13954640139211	14.848743675063819	0.0	3.9721947E-4
place.fort-de-france	DEFAULT	ITALIC	0	12	c	-57.8085920317092	14.848743675063819	0.0	3.9721947E-4
place.fort-de-france	DEFAULT	ITALIC	0	13	e	-57.612029	14.848743675063819	0.0	3.9721947E-4
place.fort-de-france	CAPITAL	SERIF	0	0	F	-60.816029	14.848743675063819	0.0	4.7666335E-4
place.fort-de-france	CAPITAL	SERIF	0	1	O	-60.5647925402241	14.848743675063819	0.0	4.7666335E-4
place.fort-de-france	CAPITAL	SERIF	0	2	R	-60.190391331612744	14.848743675063819	0.0	4.7666335E-4
place.fort-de-france	CAPITAL	SERIF	0	3	T	-59.840524933526375	14.848743675063819	0.0	4.7666335E-4
place.fort-de-france	CAPITAL	SERIF	0	4	-	-59.5117584724915	14.848743675063819	0.0	4.7666335E-4
place.fort-de-france	CAPITAL	SERIF	0	5	D	-59.377307710814556	14.848743675063819	0.0	4.7666335E-4
place.fort-de-france	CAPITAL	SERIF	0	6	E	-59.0073227680977	14.848743675063819	0.0	4.7666335E-4
place.fort-de-france	CAPITAL	SERIF	0	7	-	-58.730570105375804	14.848743675063819	0.0	4.7666335E-4
place.fort-de-france	CAPITAL	SERIF	0	8	F	-58.59611934369886	14.848743675063819	0.0	4.7666335E-4
place.fort-de-france	CAPITAL	SERIF	0	9	R	-58.344882883922956	14.848743675063819	0.0	4.7666335E-4
place.fort-de-france	CAPITAL	SERIF	0	10	A	-57.99501648583659	14.848743675063819	0.0	4.7666335E-4
place.fort-de-france	CAPITAL	SERIF	0	11	N	-57.65545470817072	14.848743675063819	0.0	4.7666335E-4
place.fort-de-france	CAPITAL	SERIF	0	12	C	-57.26682330945487	14.848743675063819	0.0	4.7666335E-4
place.fort-de-france	CAPITAL	SERIF	0	13	E	-56.918429	14.848743675063819	0.0	4.7666335E-4
place.basse-terre	DEFAULT	ITALIC	0	0	B	-61.485484	16.01041	0.0	3.9721947E-4
place.basse-terre	DEFAULT	ITALIC	0	1	a	-61.115460172370085	16.01041	0.0	3.9721947E-4
place.basse-terre	DEFAULT	ITALIC	0	2	s	-60.79783482382763	16.01041	0.0	3.9721947E-4
place.basse-terre	DEFAULT	ITALIC	0	3	s	-60.61929185804816	16.01041	0.0	3.9721947E-4
place.basse-terre	DEFAULT	ITALIC	0	4	e	-60.440748892268694	16.01041	0.0	3.9721947E-4
place.basse-terre	DEFAULT	ITALIC	0	5	-	-60.22015776425855	16.01041	0.0	3.9721947E-4
place.basse-terre	DEFAULT	ITALIC	0	6	T	-60.046789956907475	16.01041	0.0	3.9721947E-4
place.basse-terre	DEFAULT	ITALIC	0	7	e	-59.644421389100124	16.01041	0.0	3.9721947E-4
place.basse-terre	DEFAULT	ITALIC	0	8	r	-59.42383026108998	16.01041	0.0	3.9721947E-4
place.basse-terre	DEFAULT	ITALIC	0	9	r	-59.178657130544984	16.01041	0.0	3.9721947E-4
place.basse-terre	DEFAULT	ITALIC	0	10	e	-58.93348399999999	16.01041	0.0	3.9721947E-4
place.basse-terre	CAPITAL	SERIF	0	0	B	-61.441483999999996	16.01041	0.0	4.7666335E-4
place.basse-terre	CAPITAL	SERIF	0	1	A	-61.126497352023826	16.01041	0.0	4.7666335E-4
place.basse-terre	CAPITAL	SERIF	0	2	S	-60.75516726616436	16.01041	0.0	4.7666335E-4
place.basse-terre	CAPITAL	SERIF	0	3	S	-60.50564632696688	16.01041	0.0	4.7666335E-4
place.basse-terre	CAPITAL	SERIF	0	4	E	-60.2561253877694	16.01041	0.0	4.7666335E-4
place.basse-terre	CAPITAL	SERIF	0	5	-	-59.95348063571053	16.01041	0.0	4.7666335E-4
place.basse-terre	CAPITAL	SERIF	0	6	T	-59.80645109304363	16.01041	0.0	4.7666335E-4
place.basse-terre	CAPITAL	SERIF	0	7	E	-59.44692629893113	16.01041	0.0	4.7666335E-4
place.basse-terre	CAPITAL	SERIF	0	8	R	-59.14428154687226	16.01041	0.0	4.7666335E-4
place.basse-terre	CAPITAL	SERIF	0	9	R	-58.76168277343613	16.01041	0.0	4.7666335E-4
place.basse-terre	CAPITAL	SERIF	0	10	E	-58.379084	16.01041	0.0	4.7666335E-4
place.kingstown	DEFAULT	ITALIC	0	0	K	-61.23856767506381	13.155756	0.0	3.9721947E-4
place.kingstown	DEFAULT	ITALIC	0	1	i	-60.82227788613056	13.155756	0.0	3.9721947E-4
place.kingstown	DEFAULT	ITALIC	0	2	n	-60.64718604357494	13.155756	0.0	3.9721947E-4
place.kingstown	DEFAULT	ITALIC	0	3	g	-60.33333093804157	13.155756	0.0	3.9721947E-4
place.kingstown	DEFAULT	ITALIC	0	4	s	-60.0861774868151	13.155756	0.0	3.9721947E-4
place.kingstown	DEFAULT	ITALIC	0	5	t	-59.92180555298738	13.155756	0.0	3.9721947E-4
place.kingstown	DEFAULT	ITALIC	0	6	o	-59.747904811401526	13.155756	0.0	3.9721947E-4
place.kingstown	DEFAULT	ITALIC	0	7	w	-59.52159562714596	13.155756	0.0	3.9721947E-4
place.kingstown	DEFAULT	ITALIC	0	8	n	-59.15056767506382	13.155756	0.0	3.9721947E-4
place.kingstown	CAPITAL	SERIF	0	0	K	-61.194567675063816	13.155756	0.0	4.7666335E-4
place.kingstown	CAPITAL	SERIF	0	1	I	-60.875987839365536	13.155756	0.0	4.7666335E-4
place.kingstown	CAPITAL	SERIF	0	2	N	-60.71693182741632	13.155756	0.0	4.7666335E-4
place.kingstown	CAPITAL	SERIF	0	3	G	-60.34642488193462	13.155756	0.0	4.7666335E-4
place.kingstown	CAPITAL	SERIF	0	4	S	-60.0053900798435	13.155756	0.0	4.7666335E-4
place.kingstown	CAPITAL	SERIF	0	5	T	-59.78785759291296	13.155756	0.0	4.7666335E-4
place.kingstown	CAPITAL	SERIF	0	6	O	-59.47442368701303	13.155756	0.0	4.7666335E-4
place.kingstown	CAPITAL	SERIF	0	7	W	-59.117483283727	13.155756	0.0	4.7666335E-4
place.kingstown	CAPITAL	SERIF	0	8	N	-58.688967675063815	13.155756	0.0	4.7666335E-4
place.banjul	DEFAULT	ITALIC	0	0	B	-16.371701	13.453876	0.0	3.9721947E-4
place.banjul	DEFAULT	ITALIC	0	1	a	-16.018647458264052	13.453876	0.0	3.9721947E-4
place.banjul	DEFAULT	ITALIC	0	2	t	-15.715589260724975	13.453876	0.0	3.9721947E-4
place.banjul	DEFAULT	ITALIC	0	3	h	-15.535359131027603	13.453876	0.0	3.9721947E-4
place.banjul	DEFAULT	ITALIC	0	4	u	-15.234152612903227	13.453876	0.0	3.9721947E-4
place.banjul	DEFAULT	ITALIC	0	5	r	-14.919984338875956	13.453876	0.0	3.9721947E-4
place.banjul	DEFAULT	ITALIC	0	6	s	-14.68605550615231	13.453876	0.0	3.9721947E-4
place.banjul	DEFAULT	ITALIC	0	7	t	-14.515701	13.453876	0.0	3.9721947E-4
place.banjul	CAPITAL	SERIF	0	0	B	-16.327701	13.453876	0.0	4.7666335E-4
place.banjul	CAPITAL	SERIF	0	1	A	-16.04805043315508	13.453876	0.0	4.7666335E-4
place.banjul	CAPITAL	SERIF	0	2	T	-15.71837719251337	13.453876	0.0	4.7666335E-4
place.banjul	CAPITAL	SERIF	0	3	H	-15.39918489304813	13.453876	0.0	4.7666335E-4
place.banjul	CAPITAL	SERIF	0	4	U	-15.013295695187168	13.453876	0.0	4.7666335E-4
place.banjul	CAPITAL	SERIF	0	5	R	-14.66170775935829	13.453876	0.0	4.7666335E-4
place.banjul	CAPITAL	SERIF	0	6	S	-14.32202998395722	13.453876	0.0	4.7666335E-4
place.banjul	CAPITAL	SERIF	0	7	T	-14.100501000000001	13.453876	0.0	4.7666335E-4
place.conakry	DEFAULT	ITALIC	0	0	C	-13.462181	9.533469	0.0	3.9721947E-4
place.conakry	DEFAULT	ITALIC	0	1	o	-13.104254349633251	9.533469	0.0	3.9721947E-4
place.conakry	DEFAULT	ITALIC	0	2	n	-12.888704227383863	9.533469	0.0	3.9721947E-4
place.conakry	DEFAULT	ITALIC	0	3	a	-12.58977024205379	9.533469	0.0	3.9721947E-4
place.conakry	DEFAULT	ITALIC	0	4	k	-12.311256794621027	9.533469	0.0	3.9721947E-4
place.conakry	DEFAULT	ITALIC	0	5	r	-12.053163885085574	9.533469	0.0	3.9721947E-4
place.conakry	DEFAULT	ITALIC	0	6	y	-11.838181	9.533469	0.0	3.9721947E-4
place.conakry	CAPITAL	SERIF	0	0	C	-13.418180999999999	9.533469	0.0	4.7666335E-4
place.conakry	CAPITAL	SERIF	0	1	O	-13.100174105033325	9.533469	0.0	4.7666335E-4
place.conakry	CAPITAL	SERIF	0	2	N	-12.75842866720294	9.533469	0.0	4.7666335E-4
place.conakry	CAPITAL	SERIF	0	3	A	-12.403694215352791	9.533469	0.0	4.7666335E-4
place.conakry	CAPITAL	SERIF	0	4	K	-12.093749467019077	9.533469	0.0	4.7666335E-4
place.conakry	CAPITAL	SERIF	0	5	R	-11.788731586072167	9.533469	0.0	4.7666335E-4
place.conakry	CAPITAL	SERIF	0	6	Y	-11.469381	9.533469	0.0	4.7666335E-4
place.lome	DEFAULT	ITALIC	0	0	L	1.440811	6.133883	0.0	3.9721947E-4
place.lome	DEFAULT	ITALIC	0	1	o	1.7735735570776257	6.133883	0.0	3.9721947E-4
place.lome	DEFAULT	ITALIC	0	2	m	1.9904685342465753	6.133883	0.0	3.9721947E-4
place.lome	DEFAULT	ITALIC	0	3	e	2.440811	6.133883	0.0	3.9721947E-4
place.lome	CAPITAL	SERIF	0	0	L	1.484811	6.133883	0.0	4.7666335E-4
place.lome	CAPITAL	SERIF	0	1	O	1.796554772241993	6.133883	0.0	4.7666335E-4
place.lome	CAPITAL	SERIF	0	2	M	2.2038501459074737	6.133883	0.0	4.7666335E-4
place.lome	CAPITAL	SERIF	0	3	E	2.6848110000000003	6.133883	0.0	4.7666335E-4
place.cotonou	DEFAULT	ITALIC	0	0	C	2.624355	6.36298	0.0	3.9721947E-4
place.cotonou	DEFAULT	ITALIC	0	1	o	3.020009054054054	6.36298	0.0	3.9721947E-4
place.cotonou	DEFAULT	ITALIC	0	2	t	3.258279324324324	6.36298	0.0	3.9721947E-4
place.cotonou	DEFAULT	ITALIC	0	3	o	3.4413712162162162	6.36298	0.0	3.9721947E-4
place.cotonou	DEFAULT	ITALIC	0	4	n	3.6796414864864864	6.36298	0.0	3.9721947E-4
place.cotonou	DEFAULT	ITALIC	0	5	o	4.01008472972973	6.36298	0.0	3.9721947E-4
place.cotonou	DEFAULT	ITALIC	0	6	u	4.248355	6.36298	0.0	3.9721947E-4
place.cotonou	CAPITAL	SERIF	0	0	C	2.668355	6.36298	0.0	4.7666335E-4
place.cotonou	CAPITAL	SERIF	0	1	O	2.978520433759247	6.36298	0.0	4.7666335E-4
place.cotonou	CAPITAL	SERIF	0	2	T	3.311839061869536	6.36298	0.0	4.7666335E-4
place.cotonou	CAPITAL	SERIF	0	3	O	3.6045303866846	6.36298	0.0	4.7666335E-4
place.cotonou	CAPITAL	SERIF	0	4	N	3.937849014794889	6.36298	0.0	4.7666335E-4
place.cotonou	CAPITAL	SERIF	0	5	O	4.283836371889711	6.36298	0.0	4.7666335E-4
place.cotonou	CAPITAL	SERIF	0	6	U	4.6171549999999995	6.36298	0.0	4.7666335E-4
place.douala	DEFAULT	ITALIC	0	0	D	9.928045000000001	4.062356	0.0	3.9721947E-4
place.douala	DEFAULT	ITALIC	0	1	o	10.360958151364764	4.062356	0.0	3.9721947E-4
place.douala	DEFAULT	ITALIC	0	2	u	10.579717456575683	4.062356	0.0	3.9721947E-4
place.douala	DEFAULT	ITALIC	0	3	a	10.872739789081887	4.062356	0.0	3.9721947E-4
place.douala	DEFAULT	ITALIC	0	4	l	11.155399838709679	4.062356	0.0	3.9721947E-4
place.douala	DEFAULT	ITALIC	0	5	a	11.320045	4.062356	0.0	3.9721947E-4
place.douala	CAPITAL	SERIF	0	0	D	9.972045	4.062356	0.0	4.7666335E-4
place.douala	CAPITAL	SERIF	0	1	O	10.328737608326254	4.062356	0.0	4.7666335E-4
place.douala	CAPITAL	SERIF	0	2	U	10.68968782073067	4.062356	0.0	4.7666335E-4
place.douala	CAPITAL	SERIF	0	3	A	11.038811355140187	4.062356	0.0	4.7666335E-4
place.douala	CAPITAL	SERIF	0	4	L	11.366173802039082	4.062356	0.0	4.7666335E-4
place.douala	CAPITAL	SERIF	0	5	A	11.642445	4.062356	0.0	4.7666335E-4
place.libreville	DEFAULT	ITALIC	0	0	L	9.677965	0.385389	0.0	3.9721947E-4
place.libreville	DEFAULT	ITALIC	0	1	i	10.085117317880796	0.385389	0.0	3.9721947E-4
place.libreville	DEFAULT	ITALIC	0	2	b	10.290439413004215	0.385389	0.0	3.9721947E-4
place.libreville	DEFAULT	ITALIC	0	3	r	10.604009551475016	0.385389	0.0	3.9721947E-4
place.libreville	DEFAULT	ITALIC	0	4	e	10.868693476821193	0.385389	0.0	3.9721947E-4
place.libreville	DEFAULT	ITALIC	0	5	v	11.106839172185431	0.385389	0.0	3.9721947E-4
place.libreville	DEFAULT	ITALIC	0	6	i	11.393172706201085	0.385389	0.0	3.9721947E-4
place.libreville	DEFAULT	ITALIC	0	7	l	11.598494801324504	0.385389	0.0	3.9721947E-4
place.libreville	DEFAULT	ITALIC	0	8	l	11.798229900662252	0.385389	0.0	3.9721947E-4
place.libreville	DEFAULT	ITALIC	0	9	e	11.997965	0.385389	0.0	3.9721947E-4
place.libreville	CAPITAL	SERIF	0	0	L	9.721965	0.385389	0.0	4.7666335E-4
place.libreville	CAPITAL	SERIF	0	1	I	10.049230700483093	0.385389	0.0	4.7666335E-4
place.libreville	CAPITAL	SERIF	0	2	B	10.239762101449276	0.385389	0.0	4.7666335E-4
place.libreville	CAPITAL	SERIF	0	3	R	10.568708961352657	0.385389	0.0	4.7666335E-4
place.libreville	CAPITAL	SERIF	0	4	E	10.968264516908214	0.385389	0.0	4.7666335E-4
place.libreville	CAPITAL	SERIF	0	5	V	11.284322487922706	0.385389	0.0	4.7666335E-4
place.libreville	CAPITAL	SERIF	0	6	I	11.660902198067632	0.385389	0.0	4.7666335E-4
place.libreville	CAPITAL	SERIF	0	7	L	11.851433599033816	0.385389	0.0	4.7666335E-4
place.libreville	CAPITAL	SERIF	0	8	L	12.178699299516907	0.385389	0.0	4.7666335E-4
place.libreville	CAPITAL	SERIF	0	9	E	12.505965	0.385389	0.0	4.7666335E-4
place.walvis-bay	DEFAULT	ITALIC	0	0	W	14.725305999999998	-22.957528	0.0	3.9721947E-4
place.walvis-bay	DEFAULT	ITALIC	0	1	a	15.303840866650352	-22.957528	0.0	3.9721947E-4
place.walvis-bay	DEFAULT	ITALIC	0	2	l	15.57006450256912	-22.957528	0.0	3.9721947E-4
place.walvis-bay	DEFAULT	ITALIC	0	3	v	15.725135703939317	-22.957528	0.0	3.9721947E-4
place.walvis-bay	DEFAULT	ITALIC	0	4	i	15.947440573036454	-22.957528	0.0	3.9721947E-4
place.walvis-bay	DEFAULT	ITALIC	0	5	s	16.106849430389037	-22.957528	0.0	3.9721947E-4
place.walvis-bay	DEFAULT	ITALIC	0	6	\s	16.256498561781257	-22.957528	0.0	3.9721947E-4
place.walvis-bay	DEFAULT	ITALIC	0	7	B	16.364939961340834	-22.957528	0.0	3.9721947E-4
place.walvis-bay	DEFAULT	ITALIC	0	8	a	16.67508236408123	-22.957528	0.0	3.9721947E-4
place.walvis-bay	DEFAULT	ITALIC	0	9	y	16.941305999999997	-22.957528	0.0	3.9721947E-4
place.walvis-bay	CAPITAL	SERIF	0	0	W	14.769306	-22.957528	0.0	4.7666335E-4
place.walvis-bay	CAPITAL	SERIF	0	1	A	15.242465906759907	-22.957528	0.0	4.7666335E-4
place.walvis-bay	CAPITAL	SERIF	0	2	L	15.599918587412587	-22.957528	0.0	4.7666335E-4
place.walvis-bay	CAPITAL	SERIF	0	3	V	15.901583855477856	-22.957528	0.0	4.7666335E-4
place.walvis-bay	CAPITAL	SERIF	0	4	I	16.248705533799534	-22.957528	0.0	4.7666335E-4
place.walvis-bay	CAPITAL	SERIF	0	5	S	16.42433257342657	-22.957528	0.0	4.7666335E-4
place.walvis-bay	CAPITAL	SERIF	0	6	\s	16.66452837762238	-22.957528	0.0	4.7666335E-4
place.walvis-bay	CAPITAL	SERIF	0	7	B	16.7678384009324	-22.957528	0.0	4.7666335E-4
place.walvis-bay	CAPITAL	SERIF	0	8	A	17.071053319347318	-22.957528	0.0	4.7666335E-4
place.walvis-bay	CAPITAL	SERIF	0	9	Y	17.428506	-22.957528	0.0	4.7666335E-4
place.port-louis	DEFAULT	ITALIC	0	0	P	57.71999400000001	-20.166639	0.0	3.9721947E-4
place.port-louis	DEFAULT	ITALIC	0	1	o	58.07005149372035	-20.166639	0.0	3.9721947E-4
place.port-louis	DEFAULT	ITALIC	0	2	r	58.305072425900086	-20.166639	0.0	3.9721947E-4
place.port-louis	DEFAULT	ITALIC	0	3	t	58.53947488194251	-20.166639	0.0	3.9721947E-4
place.port-louis	DEFAULT	ITALIC	0	4	\s	58.72006991403852	-20.166639	0.0	3.9721947E-4
place.port-louis	DEFAULT	ITALIC	0	5	L	58.84376514150154	-20.166639	0.0	3.9721947E-4
place.port-louis	DEFAULT	ITALIC	0	6	o	59.20433672955624	-20.166639	0.0	3.9721947E-4
place.port-louis	DEFAULT	ITALIC	0	7	u	59.439357661735976	-20.166639	0.0	3.9721947E-4
place.port-louis	DEFAULT	ITALIC	0	8	i	59.75416201562936	-20.166639	0.0	3.9721947E-4
place.port-louis	DEFAULT	ITALIC	0	9	s	59.935994	-20.166639	0.0	3.9721947E-4
place.port-louis	CAPITAL	SERIF	0	0	P	57.763994000000004	-20.166639	0.0	4.7666335E-4
place.port-louis	CAPITAL	SERIF	0	1	O	58.03975548788278	-20.166639	0.0	4.7666335E-4
place.port-louis	CAPITAL	SERIF	0	2	R	58.42092580537291	-20.166639	0.0	4.7666335E-4
place.port-louis	CAPITAL	SERIF	0	3	T	58.777117727221494	-20.166639	0.0	4.7666335E-4
place.port-louis	CAPITAL	SERIF	0	4	\s	59.11182822881834	-20.166639	0.0	4.7666335E-4
place.port-louis	CAPITAL	SERIF	0	5	L	59.21174181138456	-20.166639	0.0	4.7666335E-4
place.port-louis	CAPITAL	SERIF	0	6	O	59.50348947247793	-20.166639	0.0	4.7666335E-4
place.port-louis	CAPITAL	SERIF	0	7	U	59.88465978996807	-20.166639	0.0	4.7666335E-4
place.port-louis	CAPITAL	SERIF	0	8	I	60.25334090963742	-20.166639	0.0	4.7666335E-4
place.port-louis	CAPITAL	SERIF	0	9	S	60.423194	-20.166639	0.0	4.7666335E-4
place.victoria-seychelles	DEFAULT	ITALIC	0	0	V	55.669990000000006	-4.616632	0.0	3.9721947E-4
place.victoria-seychelles	DEFAULT	ITALIC	0	1	i	56.15107083491461	-4.616632	0.0	3.9721947E-4
place.victoria-seychelles	DEFAULT	ITALIC	0	2	c	56.35815394686907	-4.616632	0.0	3.9721947E-4
place.victoria-seychelles	DEFAULT	ITALIC	0	3	t	56.57861998102467	-4.616632	0.0	3.9721947E-4
place.victoria-seychelles	DEFAULT	ITALIC	0	4	o	56.78429436432638	-4.616632	0.0	3.9721947E-4
place.victoria-seychelles	DEFAULT	ITALIC	0	5	r	57.05195280834915	-4.616632	0.0	3.9721947E-4
place.victoria-seychelles	DEFAULT	ITALIC	0	6	i	57.31890688804554	-4.616632	0.0	3.9721947E-4
place.victoria-seychelles	DEFAULT	ITALIC	0	7	a	57.52599	-4.616632	0.0	3.9721947E-4
place.victoria-seychelles	CAPITAL	SERIF	0	0	V	55.71399	-4.616632	0.0	4.7666335E-4
place.victoria-seychelles	CAPITAL	SERIF	0	1	I	56.06966452471483	-4.616632	0.0	4.7666335E-4
place.victoria-seychelles	CAPITAL	SERIF	0	2	C	56.24961889733841	-4.616632	0.0	4.7666335E-4
place.victoria-seychelles	CAPITAL	SERIF	0	3	T	56.62540596958175	-4.616632	0.0	4.7666335E-4
place.victoria-seychelles	CAPITAL	SERIF	0	4	O	56.9800219391635	-4.616632	0.0	4.7666335E-4
place.victoria-seychelles	CAPITAL	SERIF	0	5	R	57.38386072243346	-4.616632	0.0	4.7666335E-4
place.victoria-seychelles	CAPITAL	SERIF	0	6	I	57.76123562737642	-4.616632	0.0	4.7666335E-4
place.victoria-seychelles	CAPITAL	SERIF	0	7	A	57.94119	-4.616632	0.0	4.7666335E-4
place.toamasina	DEFAULT	ITALIC	0	0	T	49.624984000000005	-18.181798	0.0	3.9721947E-4
place.toamasina	DEFAULT	ITALIC	0	1	a	49.94691149581707	-18.181798	0.0	3.9721947E-4
place.toamasina	DEFAULT	ITALIC	0	2	m	50.20103754155048	-18.181798	0.0	3.9721947E-4
place.toamasina	DEFAULT	ITALIC	0	3	a	50.609398947016174	-18.181798	0.0	3.9721947E-4
place.toamasina	DEFAULT	ITALIC	0	4	t	50.86352499274958	-18.181798	0.0	3.9721947E-4
place.toamasina	DEFAULT	ITALIC	0	5	a	51.01465494255438	-18.181798	0.0	3.9721947E-4
place.toamasina	DEFAULT	ITALIC	0	6	v	51.26878098828779	-18.181798	0.0	3.9721947E-4
place.toamasina	DEFAULT	ITALIC	0	7	e	51.480984	-18.181798	0.0	3.9721947E-4
place.toamasina	CAPITAL	SERIF	0	0	T	49.668984	-18.181798	0.0	4.7666335E-4
place.toamasina	CAPITAL	SERIF	0	1	A	49.96808682621768	-18.181798	0.0	4.7666335E-4
place.toamasina	CAPITAL	SERIF	0	2	M	50.27701093926639	-18.181798	0.0	4.7666335E-4
place.toamasina	CAPITAL	SERIF	0	3	A	50.679237277209864	-18.181798	0.0	4.7666335E-4
place.toamasina	CAPITAL	SERIF	0	4	T	50.98816139025857	-18.181798	0.0	4.7666335E-4
place.toamasina	CAPITAL	SERIF	0	5	A	51.287264216476245	-18.181798	0.0	4.7666335E-4
place.toamasina	CAPITAL	SERIF	0	6	V	51.596188329524956	-18.181798	0.0	4.7666335E-4
place.toamasina	CAPITAL	SERIF	0	7	E	51.896184	-18.181798	0.0	4.7666335E-4
place.georgetown	DEFAULT	ITALIC	0	0	G	-57.94702899999999	6.801974	0.0	3.9721947E-4
place.georgetown	DEFAULT	ITALIC	0	1	e	-57.531750208963	6.801974	0.0	3.9721947E-4
place.georgetown	DEFAULT	ITALIC	0	2	o	-57.32562201719645	6.801974	0.0	3.9721947E-4
place.georgetown	DEFAULT	ITALIC	0	3	r	-57.095919046899425	6.801974	0.0	3.9721947E-4
place.georgetown	DEFAULT	ITALIC	0	4	g	-56.86682055810318	6.801974	0.0	3.9721947E-4
place.georgetown	DEFAULT	ITALIC	0	5	e	-56.61596073527879	6.801974	0.0	3.9721947E-4
place.georgetown	DEFAULT	ITALIC	0	6	t	-56.409832543512245	6.801974	0.0	3.9721947E-4
place.georgetown	DEFAULT	ITALIC	0	7	o	-56.233323945284	6.801974	0.0	3.9721947E-4
place.georgetown	DEFAULT	ITALIC	0	8	w	-56.00362097498697	6.801974	0.0	3.9721947E-4
place.georgetown	DEFAULT	ITALIC	0	9	n	-55.627029	6.801974	0.0	3.9721947E-4
place.georgetown	CAPITAL	SERIF	0	0	G	-57.903029000000004	6.801974	0.0	4.7666335E-4
place.georgetown	CAPITAL	SERIF	0	1	E	-57.58645810622368	6.801974	0.0	4.7666335E-4
place.georgetown	CAPITAL	SERIF	0	2	O	-57.34153906083294	6.801974	0.0	4.7666335E-4
place.georgetown	CAPITAL	SERIF	0	3	R	-57.01020354375293	6.801974	0.0	4.7666335E-4
place.georgetown	CAPITAL	SERIF	0	4	G	-56.70058070800187	6.801974	0.0	4.7666335E-4
place.georgetown	CAPITAL	SERIF	0	5	E	-56.38400981422555	6.801974	0.0	4.7666335E-4
place.georgetown	CAPITAL	SERIF	0	6	T	-56.13909076883481	6.801974	0.0	4.7666335E-4
place.georgetown	CAPITAL	SERIF	0	7	O	-55.84814083902667	6.801974	0.0	4.7666335E-4
place.georgetown	CAPITAL	SERIF	0	8	W	-55.516805321946656	6.801974	0.0	4.7666335E-4
place.georgetown	CAPITAL	SERIF	0	9	N	-55.119029	6.801974	0.0	4.7666335E-4
place.paramaribo	DEFAULT	ITALIC	0	0	P	-54.947030999999996	5.83503	0.0	3.9721947E-4
place.paramaribo	DEFAULT	ITALIC	0	1	a	-54.64369997666898	5.83503	0.0	3.9721947E-4
place.paramaribo	DEFAULT	ITALIC	0	2	r	-54.38056299353199	5.83503	0.0	3.9721947E-4
place.paramaribo	DEFAULT	ITALIC	0	3	a	-54.17744911041811	5.83503	0.0	3.9721947E-4
place.paramaribo	DEFAULT	ITALIC	0	4	m	-53.91431212728113	5.83503	0.0	3.9721947E-4
place.paramaribo	DEFAULT	ITALIC	0	5	a	-53.49147082443982	5.83503	0.0	3.9721947E-4
place.paramaribo	DEFAULT	ITALIC	0	6	r	-53.22833384130284	5.83503	0.0	3.9721947E-4
place.paramaribo	DEFAULT	ITALIC	0	7	i	-53.025219958188956	5.83503	0.0	3.9721947E-4
place.paramaribo	DEFAULT	ITALIC	0	8	b	-52.86765932062832	5.83503	0.0	3.9721947E-4
place.paramaribo	DEFAULT	ITALIC	0	9	o	-52.627031	5.83503	0.0	3.9721947E-4
place.paramaribo	CAPITAL	SERIF	0	0	P	-54.903031000000006	5.83503	0.0	4.7666335E-4
place.paramaribo	CAPITAL	SERIF	0	1	A	-54.641764764025844	5.83503	0.0	4.7666335E-4
place.paramaribo	CAPITAL	SERIF	0	2	R	-54.31423535226114	5.83503	0.0	4.7666335E-4
place.paramaribo	CAPITAL	SERIF	0	3	A	-53.97676646412785	5.83503	0.0	4.7666335E-4
place.paramaribo	CAPITAL	SERIF	0	4	M	-53.64923705236315	5.83503	0.0	4.7666335E-4
place.paramaribo	CAPITAL	SERIF	0	5	A	-53.22278618531112	5.83503	0.0	4.7666335E-4
place.paramaribo	CAPITAL	SERIF	0	6	R	-52.895256773546414	5.83503	0.0	4.7666335E-4
place.paramaribo	CAPITAL	SERIF	0	7	I	-52.55778788541313	5.83503	0.0	4.7666335E-4
place.paramaribo	CAPITAL	SERIF	0	8	B	-52.396863029921796	5.83503	0.0	4.7666335E-4
place.paramaribo	CAPITAL	SERIF	0	9	O	-52.119031	5.83503	0.0	4.7666335E-4
place.cayenne	DEFAULT	ITALIC	0	0	C	-52.110021	4.932992	0.0	3.9721947E-4
place.cayenne	DEFAULT	ITALIC	0	1	a	-51.75932147912389	4.932992	0.0	3.9721947E-4
place.cayenne	DEFAULT	ITALIC	0	2	y	-51.48643167761807	4.932992	0.0	3.9721947E-4
place.cayenne	DEFAULT	ITALIC	0	3	e	-51.26133927515401	4.932992	0.0	3.9721947E-4
place.cayenne	DEFAULT	ITALIC	0	4	n	-51.071817030116364	4.932992	0.0	3.9721947E-4
place.cayenne	DEFAULT	ITALIC	0	5	n	-50.778919015058186	4.932992	0.0	3.9721947E-4
place.cayenne	DEFAULT	ITALIC	0	6	e	-50.48602100000001	4.932992	0.0	3.9721947E-4
place.cayenne	CAPITAL	SERIF	0	0	C	-52.066021000000006	4.932992	0.0	4.7666335E-4
place.cayenne	CAPITAL	SERIF	0	1	A	-51.730834953488376	4.932992	0.0	4.7666335E-4
place.cayenne	CAPITAL	SERIF	0	2	Y	-51.40414658139535	4.932992	0.0	4.7666335E-4
place.cayenne	CAPITAL	SERIF	0	3	E	-51.13127681395349	4.932992	0.0	4.7666335E-4
place.cayenne	CAPITAL	SERIF	0	4	N	-50.86501634883721	4.932992	0.0	4.7666335E-4
place.cayenne	CAPITAL	SERIF	0	5	N	-50.49111867441861	4.932992	0.0	4.7666335E-4
place.cayenne	CAPITAL	SERIF	0	6	E	-50.117221	4.932992	0.0	4.7666335E-4
place.male	DEFAULT	ITALIC	0	0	M	73.728901	4.172037	0.0	3.9721947E-4
place.male	DEFAULT	ITALIC	0	1	a	74.28942136199095	4.172037	0.0	3.9721947E-4
place.male	DEFAULT	ITALIC	0	2	l	74.56713629411765	4.172037	0.0	3.9721947E-4
place.male	DEFAULT	ITALIC	0	3	e	74.728901	4.172037	0.0	3.9721947E-4
place.male	CAPITAL	SERIF	0	0	M	73.772901	4.172037	0.0	4.7666335E-4
place.male	CAPITAL	SERIF	0	1	A	74.26954776159853	4.172037	0.0	4.7666335E-4
place.male	CAPITAL	SERIF	0	2	L	74.65099011345889	4.172037	0.0	4.7666335E-4
place.male	CAPITAL	SERIF	0	3	E	74.972901	4.172037	0.0	4.7666335E-4
place.port-moresby	DEFAULT	ITALIC	0	0	P	147.412504	-9.464708	0.0	3.9721947E-4
place.port-moresby	DEFAULT	ITALIC	0	1	o	147.73991172717464	-9.464708	0.0	3.9721947E-4
place.port-moresby	DEFAULT	ITALIC	0	2	r	147.95972610230953	-9.464708	0.0	3.9721947E-4
place.port-moresby	DEFAULT	ITALIC	0	3	t	148.1789620185625	-9.464708	0.0	3.9721947E-4
place.port-moresby	DEFAULT	ITALIC	0	4	\s	148.3478720120872	-9.464708	0.0	3.9721947E-4
place.port-moresby	DEFAULT	ITALIC	0	5	M	148.463563788474	-9.464708	0.0	3.9721947E-4
place.port-moresby	DEFAULT	ITALIC	0	6	o	149.03681654047057	-9.464708	0.0	3.9721947E-4
place.port-moresby	DEFAULT	ITALIC	0	7	r	149.25663091560546	-9.464708	0.0	3.9721947E-4
place.port-moresby	DEFAULT	ITALIC	0	8	e	149.4758668318584	-9.464708	0.0	3.9721947E-4
place.port-moresby	DEFAULT	ITALIC	0	9	s	149.6731213105979	-9.464708	0.0	3.9721947E-4
place.port-moresby	DEFAULT	ITALIC	0	10	b	149.83277596201168	-9.464708	0.0	3.9721947E-4
place.port-moresby	DEFAULT	ITALIC	0	11	y	150.09250400000002	-9.464708	0.0	3.9721947E-4
place.port-moresby	CAPITAL	SERIF	0	0	P	147.456504	-9.464708	0.0	4.7666335E-4
place.port-moresby	CAPITAL	SERIF	0	1	O	147.71412002089681	-9.464708	0.0	4.7666335E-4
place.port-moresby	CAPITAL	SERIF	0	2	R	148.07020883239008	-9.464708	0.0	4.7666335E-4
place.port-moresby	CAPITAL	SERIF	0	3	T	148.4029628593818	-9.464708	0.0	4.7666335E-4
place.port-moresby	CAPITAL	SERIF	0	4	\s	148.71564897170222	-9.464708	0.0	4.7666335E-4
place.port-moresby	CAPITAL	SERIF	0	5	M	148.8089881097083	-9.464708	0.0	4.7666335E-4
place.port-moresby	CAPITAL	SERIF	0	6	O	149.22948092642577	-9.464708	0.0	4.7666335E-4
place.port-moresby	CAPITAL	SERIF	0	7	R	149.58556973791903	-9.464708	0.0	4.7666335E-4
place.port-moresby	CAPITAL	SERIF	0	8	E	149.91832376491075	-9.464708	0.0	4.7666335E-4
place.port-moresby	CAPITAL	SERIF	0	9	S	150.18154013408795	-9.464708	0.0	4.7666335E-4
place.port-moresby	CAPITAL	SERIF	0	10	B	150.39855362995212	-9.464708	0.0	4.7666335E-4
place.port-moresby	CAPITAL	SERIF	0	11	Y	150.672504	-9.464708	0.0	4.7666335E-4
place.rabaul	DEFAULT	ITALIC	0	0	R	152.363431	-4.20549	0.0	3.9721947E-4
place.rabaul	DEFAULT	ITALIC	0	1	a	152.72745993033877	-4.20549	0.0	3.9721947E-4
place.rabaul	DEFAULT	ITALIC	0	2	b	152.9876319897221	-4.20549	0.0	3.9721947E-4
place.rabaul	DEFAULT	ITALIC	0	3	a	153.22554900532927	-4.20549	0.0	3.9721947E-4
place.rabaul	DEFAULT	ITALIC	0	4	u	153.48572106471258	-4.20549	0.0	3.9721947E-4
place.rabaul	DEFAULT	ITALIC	0	5	l	153.755431	-4.20549	0.0	3.9721947E-4
place.rabaul	CAPITAL	SERIF	0	0	R	152.407431	-4.20549	0.0	4.7666335E-4
place.rabaul	CAPITAL	SERIF	0	1	A	152.75547167796609	-4.20549	0.0	4.7666335E-4
place.rabaul	CAPITAL	SERIF	0	2	B	153.09326150847457	-4.20549	0.0	4.7666335E-4
place.rabaul	CAPITAL	SERIF	0	3	A	153.3797971016949	-4.20549	0.0	4.7666335E-4
place.rabaul	CAPITAL	SERIF	0	4	U	153.71758693220337	-4.20549	0.0	4.7666335E-4
place.rabaul	CAPITAL	SERIF	0	5	L	154.07783099999997	-4.20549	0.0	4.7666335E-4
place.papeete	DEFAULT	ITALIC	0	0	P	-149.346669	-17.533363	0.0	3.9721947E-4
place.papeete	DEFAULT	ITALIC	0	1	a	-148.97452972874493	-17.533363	0.0	3.9721947E-4
place.papeete	DEFAULT	ITALIC	0	2	p	-148.65170219838055	-17.533363	0.0	3.9721947E-4
place.papeete	DEFAULT	ITALIC	0	3	e	-148.3630641417004	-17.533363	0.0	3.9721947E-4
place.papeete	DEFAULT	ITALIC	0	4	e	-148.1388600931174	-17.533363	0.0	3.9721947E-4
place.papeete	DEFAULT	ITALIC	0	5	t	-147.91465604453438	-17.533363	0.0	3.9721947E-4
place.papeete	DEFAULT	ITALIC	0	6	e	-147.72266899999997	-17.533363	0.0	3.9721947E-4
place.papeete	CAPITAL	SERIF	0	0	P	-149.30266899999998	-17.533363	0.0	4.7666335E-4
place.papeete	CAPITAL	SERIF	0	1	A	-149.00335414190315	-17.533363	0.0	4.7666335E-4
place.papeete	CAPITAL	SERIF	0	2	P	-148.62812609515856	-17.533363	0.0	4.7666335E-4
place.papeete	CAPITAL	SERIF	0	3	E	-148.32881123706176	-17.533363	0.0	4.7666335E-4
place.papeete	CAPITAL	SERIF	0	4	E	-148.02298953422368	-17.533363	0.0	4.7666335E-4
place.papeete	CAPITAL	SERIF	0	5	T	-147.7171678313856	-17.533363	0.0	4.7666335E-4
place.papeete	CAPITAL	SERIF	0	6	E	-147.35386899999997	-17.533363	0.0	4.7666335E-4
place.pago-pago	DEFAULT	ITALIC	0	0	P	-170.486645	-14.276611	0.0	3.9721947E-4
place.pago-pago	DEFAULT	ITALIC	0	1	a	-170.16798892735528	-14.276611	0.0	3.9721947E-4
place.pago-pago	DEFAULT	ITALIC	0	2	g	-169.89155759931896	-14.276611	0.0	3.9721947E-4
place.pago-pago	DEFAULT	ITALIC	0	3	o	-169.65791401248583	-14.276611	0.0	3.9721947E-4
place.pago-pago	DEFAULT	ITALIC	0	4	\s	-169.44397530646995	-14.276611	0.0	3.9721947E-4
place.pago-pago	DEFAULT	ITALIC	0	5	P	-169.3313759875142	-14.276611	0.0	3.9721947E-4
place.pago-pago	DEFAULT	ITALIC	0	6	a	-169.01271991486948	-14.276611	0.0	3.9721947E-4
place.pago-pago	DEFAULT	ITALIC	0	7	g	-168.73628858683318	-14.276611	0.0	3.9721947E-4
place.pago-pago	DEFAULT	ITALIC	0	8	o	-168.50264500000003	-14.276611	0.0	3.9721947E-4
place.pago-pago	CAPITAL	SERIF	0	0	P	-170.44264500000003	-14.276611	0.0	4.7666335E-4
place.pago-pago	CAPITAL	SERIF	0	1	A	-170.17493230902426	-14.276611	0.0	4.7666335E-4
place.pago-pago	CAPITAL	SERIF	0	2	G	-169.83932147178655	-14.276611	0.0	4.7666335E-4
place.pago-pago	CAPITAL	SERIF	0	3	O	-169.4857661244653	-14.276611	0.0	4.7666335E-4
place.pago-pago	CAPITAL	SERIF	0	4	\s	-169.11572122733756	-14.276611	0.0	4.7666335E-4
place.pago-pago	CAPITAL	SERIF	0	5	P	-169.01872387553473	-14.276611	0.0	4.7666335E-4
place.pago-pago	CAPITAL	SERIF	0	6	A	-168.751011184559	-14.276611	0.0	4.7666335E-4
place.pago-pago	CAPITAL	SERIF	0	7	G	-168.41540034732125	-14.276611	0.0	4.7666335E-4
place.pago-pago	CAPITAL	SERIF	0	8	O	-168.061845	-14.276611	0.0	4.7666335E-4
place.nukualofa	DEFAULT	ITALIC	0	0	N	-175.000564	-21.138512	0.0	3.9721947E-4
place.nukualofa	DEFAULT	ITALIC	0	1	u	-174.54449056807752	-21.138512	0.0	3.9721947E-4
place.nukualofa	DEFAULT	ITALIC	0	2	k	-174.2433992881183	-21.138512	0.0	3.9721947E-4
place.nukualofa	DEFAULT	ITALIC	0	3	u	-173.9742508944416	-21.138512	0.0	3.9721947E-4
place.nukualofa	DEFAULT	ITALIC	0	4	'	-173.67315961448242	-21.138512	0.0	3.9721947E-4
place.nukualofa	DEFAULT	ITALIC	0	5	a	-173.5548526282509	-21.138512	0.0	3.9721947E-4
place.nukualofa	DEFAULT	ITALIC	0	6	l	-173.26440897705254	-21.138512	0.0	3.9721947E-4
place.nukualofa	DEFAULT	ITALIC	0	7	o	-173.09522998674146	-21.138512	0.0	3.9721947E-4
place.nukualofa	DEFAULT	ITALIC	0	8	f	-172.87044671290158	-21.138512	0.0	3.9721947E-4
place.nukualofa	DEFAULT	ITALIC	0	9	a	-172.680564	-21.138512	0.0	3.9721947E-4
place.nukualofa	CAPITAL	SERIF	0	0	N	-174.956564	-21.138512	0.0	4.7666335E-4
place.nukualofa	CAPITAL	SERIF	0	1	U	-174.56973452631578	-21.138512	0.0	4.7666335E-4
place.nukualofa	CAPITAL	SERIF	0	2	K	-174.20927978947367	-21.138512	0.0	4.7666335E-4
place.nukualofa	CAPITAL	SERIF	0	3	U	-173.87666505263158	-21.138512	0.0	4.7666335E-4
place.nukualofa	CAPITAL	SERIF	0	4	'	-173.51621031578946	-21.138512	0.0	4.7666335E-4
place.nukualofa	CAPITAL	SERIF	0	5	A	-173.41852610526314	-21.138512	0.0	4.7666335E-4
place.nukualofa	CAPITAL	SERIF	0	6	L	-173.0805387368421	-21.138512	0.0	4.7666335E-4
place.nukualofa	CAPITAL	SERIF	0	7	O	-172.79530084210526	-21.138512	0.0	4.7666335E-4
place.nukualofa	CAPITAL	SERIF	0	8	F	-172.42263557894736	-21.138512	0.0	4.7666335E-4
place.nukualofa	CAPITAL	SERIF	0	9	A	-172.172564	-21.138512	0.0	4.7666335E-4
place.port-vila	DEFAULT	ITALIC	0	0	P	168.536641	-17.73335	0.0	3.9721947E-4
place.port-vila	DEFAULT	ITALIC	0	1	o	168.90123320779222	-17.73335	0.0	3.9721947E-4
place.port-vila	DEFAULT	ITALIC	0	2	r	169.14601242857142	-17.73335	0.0	3.9721947E-4
place.port-vila	DEFAULT	ITALIC	0	3	t	169.39014749350648	-17.73335	0.0	3.9721947E-4
place.port-vila	DEFAULT	ITALIC	0	4	\s	169.578241	-17.73335	0.0	3.9721947E-4
place.port-vila	DEFAULT	ITALIC	0	5	V	169.70707216883116	-17.73335	0.0	3.9721947E-4
place.port-vila	DEFAULT	ITALIC	0	6	i	170.1470306103896	-17.73335	0.0	3.9721947E-4
place.port-vila	DEFAULT	ITALIC	0	7	l	170.3364124285714	-17.73335	0.0	3.9721947E-4
place.port-vila	DEFAULT	ITALIC	0	8	a	170.52064099999998	-17.73335	0.0	3.9721947E-4
place.port-vila	CAPITAL	SERIF	0	0	P	168.58064099999999	-17.73335	0.0	4.7666335E-4
place.port-vila	CAPITAL	SERIF	0	1	O	168.8730757129506	-17.73335	0.0	4.7666335E-4
place.port-vila	CAPITAL	SERIF	0	2	R	169.2772925353805	-17.73335	0.0	4.7666335E-4
place.port-vila	CAPITAL	SERIF	0	3	T	169.65502070627502	-17.73335	0.0	4.7666335E-4
place.port-vila	CAPITAL	SERIF	0	4	\s	170.00996863684912	-17.73335	0.0	4.7666335E-4
place.port-vila	CAPITAL	SERIF	0	5	V	170.11592324299065	-17.73335	0.0	4.7666335E-4
place.port-vila	CAPITAL	SERIF	0	6	I	170.47193071962616	-17.73335	0.0	4.7666335E-4
place.port-vila	CAPITAL	SERIF	0	7	L	170.65205355006677	-17.73335	0.0	4.7666335E-4
place.port-vila	CAPITAL	SERIF	0	8	A	170.961441	-17.73335	0.0	4.7666335E-4
place.majuro	DEFAULT	ITALIC	0	0	M	171.6	7.103004	0.0	3.9721947E-4
place.majuro	DEFAULT	ITALIC	0	1	a	172.12471357930772	7.103004	0.0	3.9721947E-4
place.majuro	DEFAULT	ITALIC	0	2	j	172.38468771395966	7.103004	0.0	3.9721947E-4
place.majuro	DEFAULT	ITALIC	0	3	u	172.52182274629135	7.103004	0.0	3.9721947E-4
place.majuro	DEFAULT	ITALIC	0	4	r	172.79132750095093	7.103004	0.0	3.9721947E-4
place.majuro	DEFAULT	ITALIC	0	5	o	172.992	7.103004	0.0	3.9721947E-4
place.majuro	CAPITAL	SERIF	0	0	M	171.644	7.103004	0.0	4.7666335E-4
place.majuro	CAPITAL	SERIF	0	1	A	172.08874893617022	7.103004	0.0	4.7666335E-4
place.majuro	CAPITAL	SERIF	0	2	J	172.4303319148936	7.103004	0.0	4.7666335E-4
place.majuro	CAPITAL	SERIF	0	3	U	172.59816170212764	7.103004	0.0	4.7666335E-4
place.majuro	CAPITAL	SERIF	0	4	R	172.96245106382977	7.103004	0.0	4.7666335E-4
place.majuro	CAPITAL	SERIF	0	5	O	173.31439999999998	7.103004	0.0	4.7666335E-4
place.tarawa	DEFAULT	ITALIC	0	0	T	173.237571	1.338188	0.0	3.9721947E-4
place.tarawa	DEFAULT	ITALIC	0	1	a	173.56981351726785	1.338188	0.0	3.9721947E-4
place.tarawa	DEFAULT	ITALIC	0	2	r	173.83208212816578	1.338188	0.0	3.9721947E-4
place.tarawa	DEFAULT	ITALIC	0	3	a	174.0345257198772	1.338188	0.0	3.9721947E-4
place.tarawa	DEFAULT	ITALIC	0	4	w	174.29679433077513	1.338188	0.0	3.9721947E-4
place.tarawa	DEFAULT	ITALIC	0	5	a	174.629571	1.338188	0.0	3.9721947E-4
place.tarawa	CAPITAL	SERIF	0	0	T	173.281571	1.338188	0.0	4.7666335E-4
place.tarawa	CAPITAL	SERIF	0	1	A	173.58544501574804	1.338188	0.0	4.7666335E-4
place.tarawa	CAPITAL	SERIF	0	2	R	173.89929698425198	1.338188	0.0	4.7666335E-4
place.tarawa	CAPITAL	SERIF	0	3	A	174.22267336220472	1.338188	0.0	4.7666335E-4
place.tarawa	CAPITAL	SERIF	0	4	W	174.53652533070866	1.338188	0.0	4.7666335E-4
place.tarawa	CAPITAL	SERIF	0	5	A	174.951971	1.338188	0.0	4.7666335E-4
place.valletta	DEFAULT	ITALIC	0	0	V	14.734711	35.899732	0.0	3.9721947E-4
place.valletta	DEFAULT	ITALIC	0	1	a	15.209307780232123	35.899732	0.0	3.9721947E-4
place.valletta	DEFAULT	ITALIC	0	2	l	15.550489360164732	35.899732	0.0	3.9721947E-4
place.valletta	DEFAULT	ITALIC	0	3	l	15.749222418944216	35.899732	0.0	3.9721947E-4
place.valletta	DEFAULT	ITALIC	0	4	e	15.9479554777237	35.899732	0.0	3.9721947E-4
place.valletta	DEFAULT	ITALIC	0	5	t	16.184906432422313	35.899732	0.0	3.9721947E-4
place.valletta	DEFAULT	ITALIC	0	6	t	16.387808716211154	35.899732	0.0	3.9721947E-4
place.valletta	DEFAULT	ITALIC	0	7	a	16.590711	35.899732	0.0	3.9721947E-4
place.valletta	CAPITAL	SERIF	0	0	V	14.778711	35.899732	0.0	4.7666335E-4
place.valletta	CAPITAL	SERIF	0	1	A	15.116104688007212	35.899732	0.0	4.7666335E-4
place.valletta	CAPITAL	SERIF	0	2	L	15.463539854824164	35.899732	0.0	4.7666335E-4
place.valletta	CAPITAL	SERIF	0	3	L	15.756751036068529	35.899732	0.0	4.7666335E-4
place.valletta	CAPITAL	SERIF	0	4	E	16.049962217312892	35.899732	0.0	4.7666335E-4
place.valletta	CAPITAL	SERIF	0	5	T	16.33313191974752	35.899732	0.0	4.7666335E-4
place.valletta	CAPITAL	SERIF	0	6	T	16.669521459873756	35.899732	0.0	4.7666335E-4
place.valletta	CAPITAL	SERIF	0	7	A	17.005910999999998	35.899732	0.0	4.7666335E-4
place.gibraltar	DEFAULT	ITALIC	0	0	G	-5.126014	36.128342	0.0	3.9721947E-4
place.gibraltar	DEFAULT	ITALIC	0	1	i	-4.700233056099733	36.128342	0.0	3.9721947E-4
place.gibraltar	DEFAULT	ITALIC	0	2	b	-4.5180211237756005	36.128342	0.0	3.9721947E-4
place.gibraltar	DEFAULT	ITALIC	0	3	r	-4.239745077471059	36.128342	0.0	3.9721947E-4
place.gibraltar	DEFAULT	ITALIC	0	4	a	-4.004852824577026	36.128342	0.0	3.9721947E-4
place.gibraltar	DEFAULT	ITALIC	0	5	l	-3.7005465022261794	36.128342	0.0	3.9721947E-4
place.gibraltar	DEFAULT	ITALIC	0	6	t	-3.5232927177203917	36.128342	0.0	3.9721947E-4
place.gibraltar	DEFAULT	ITALIC	0	7	a	-3.3423203223508455	36.128342	0.0	3.9721947E-4
place.gibraltar	DEFAULT	ITALIC	0	8	r	-3.038014	36.128342	0.0	3.9721947E-4
place.gibraltar	CAPITAL	SERIF	0	0	G	-5.082014	36.128342	0.0	4.7666335E-4
place.gibraltar	CAPITAL	SERIF	0	1	I	-4.717208248052726	36.128342	0.0	4.7666335E-4
place.gibraltar	CAPITAL	SERIF	0	2	B	-4.54706564769323	36.128342	0.0	4.7666335E-4
place.gibraltar	CAPITAL	SERIF	0	3	R	-4.253319452366687	36.128342	0.0	4.7666335E-4
place.gibraltar	CAPITAL	SERIF	0	4	A	-3.8965204110245657	36.128342	0.0	4.7666335E-4
place.gibraltar	CAPITAL	SERIF	0	5	L	-3.550230177351708	36.128342	0.0	4.7666335E-4
place.gibraltar	CAPITAL	SERIF	0	6	T	-3.257985240263631	36.128342	0.0	4.7666335E-4
place.gibraltar	CAPITAL	SERIF	0	7	A	-2.9227042336728584	36.128342	0.0	4.7666335E-4
place.gibraltar	CAPITAL	SERIF	0	8	R	-2.5764140000000006	36.128342	0.0	4.7666335E-4
